/* Copyright (c) 2022-2025 Advanced Micro Devices, Inc. All rights reserved. */
#pragma once
#include <array>
#include <string_view>
#include <cstdint>

//=====================================================================================================================
template<std::size_t M>
struct ShaderType
{
    std::array<std::uint8_t, M> m_binary;
    std::string_view m_kernelName;
    std::string_view m_compilerVersion;
    std::uint32_t m_codeObjectVersion;
};

//=====================================================================================================================
struct ShaderDescriptor
{
    std::string_view m_kernelName;
    std::string_view m_compilerVersion;
    std::uint32_t m_codeObjectVersion;
    const std::uint8_t* m_binary;
    std::size_t m_binarySize;

    ShaderDescriptor() 
        : m_kernelName{}
        , m_compilerVersion{}
        , m_codeObjectVersion(0)
        , m_binary(nullptr)
        , m_binarySize(0)
    {}

    template<std::size_t M>
    ShaderDescriptor(const ShaderType<M>& shader)
    {
        m_kernelName = shader.m_kernelName;
        m_compilerVersion = shader.m_compilerVersion;
        m_codeObjectVersion = shader.m_codeObjectVersion;
        m_binary = shader.m_binary.data();
        m_binarySize = M;
    }
};

//=====================================================================================================================
template<std::size_t M>
ShaderDescriptor make_shader_descriptor(const ShaderType<M>& shader)
{
    return ShaderDescriptor(shader);
}


// Shader 24: group_query_attention_typed_unpacked_double_pointer_128_64x128x80_64x80x64-hip-amdgcn-amd-amdhsa-gfx1201
// Binary size: 61912 bytes
// Kernel name: _ZN2ck16tensor_operation6device44kernel_grouped_query_attention_wmma_unpackedINS1_39DeviceGroupedQueryAttentionForward_WmmaILi2ELi1ELi1ELi1ELi1EDF16_DF16_DF16_DF16_NS_5TupleIJEEEfS5_ffNS0_12element_wise11PassThroughES7_NS6_5ScaleES7_S7_LNS1_18GemmSpecializationE15ELNS1_20TensorSpecializationE0ELSA_0ELSA_0ELSA_0ELi1ELi128ELi64ELi128ELi80ELi8ELi8ELi80ELi64ELi8ELi16ELi16ELi16ELi1ELi8ELi5ENS_8SequenceIJLi2ELi64ELi1EEEENSB_IJLi1ELi0ELi2EEEESD_Li2ELi8ELi8ELb1ESC_SD_SD_Li2ELi8ELi8ELb1ENSB_IJLi2ELi8ELi8EEEENSB_IJLi0ELi2ELi1EEEESF_Li1ELi2ELi1ELb0ELi1ELi1ENSB_IJLi1ELi64ELi1ELi2EEEELi8ELNS1_21MaskingSpecializationE0ELNS_13LoopSchedulerE0ELNS_15PipelineVersionE0EEENS_35GridwiseBatchedGemmSoftmaxGemm_WmmaIDF16_DF16_fDF16_ffDF16_S7_S7_S8_S7_S7_LNS_25InMemoryDataOperationEnumE0ENS_16TensorDescriptorINS4_IJNS_5EmbedINS4_IJiiEEESP_Lb0EEENS_23Merge_v2_magic_divisionINS4_IJiEEEEEST_NS_8RightPadIiiLb0EEESV_NS_7UnMergeINS4_IJiNS_17integral_constantIiLi1EEENSX_IiLi2EEENSX_IiLi8EEEEEELb0EEENSW_INS4_IJiNSX_IiLi4EEENSX_IiLi16EEEEEELb0EEEEEENS4_IJNSB_IJLi0EEEENSB_IJLi1EEEENSB_IJLi2EEEENSB_IJLi3EEEENSB_IJLi4EEEENSB_IJLi6EEEENSB_IJLi5EEEEEEENS4_IJNSB_IJLi1ELi2EEEES1B_S1C_S1E_S1D_NSB_IJLi7ELi8ELi9ELi10EEEENSB_IJLi11ELi12ELi13EEEEEEENSB_IJLi7ELi11ELi12ELi8ELi9ELi13ELi10EEEExEENSN_INS4_IJSQ_ST_ST_SV_SV_NSW_INS4_IJiS10_EEELb0EEENS_11PassThroughIiEEEEES1F_NS4_IJS1G_S1B_S1C_S1E_S1D_NSB_IJLi7ELi8EEEENSB_IJLi9EEEEEEENSB_IJLi7ELi9ELi8EEEExEES1V_NSN_INS4_IJSQ_ST_ST_SV_SV_EEENS4_IJS18_S19_S1A_S1B_S1C_EEENS4_IJS1G_S1B_S1C_S1E_S1D_EEENSB_IJLi5ELi6EEEExEELi64ELi128ELi80ELi8ELi8ELi80ELi64ELi8ELi16ELi16ELi16ELi1ELi8ELi5ELi128ESC_SD_SD_Li2ELi8ELi8ELb1ELb0ELb1ESC_SD_SD_Li2ELi8ELi8ELb1ELb1ELb1ESE_SF_SF_Li1ELi2ELi1ELb0ELb1ELb0ELi1ELi1ESG_Li8ELb1ELb0ELi1ELSI_0ELSJ_0EEEDF16_DF16_DF16_DF16_S7_S7_S8_S7_S7_Lb0EEEvPPKT1_PPKT2_PPKT3_PPT4_iiiiiiif
// Compiler: clang version 21.0.0git
// Code Object Version: 5
constexpr ShaderType<61912> group_query_attention_typed_unpacked_double_pointer_128_64x128x80_64x80x64_gfx1201 = {
    // m_binary
    std::array<std::uint8_t, 61912>{
0x7f,0x45,0x4c,0x46,0x02,0x01,0x01,0x40,0x03,0x00,0x00,0x00,0x00,0x00,0x00,0x00,
0x03,0x00,0xe0,0x00,0x01,0x00,0x00,0x00,0x00,0x00,0x00,0x00,0x00,0x00,0x00,0x00,
0x40,0x00,0x00,0x00,0x00,0x00,0x00,0x00,0x98,0xed,0x00,0x00,0x00,0x00,0x00,0x00,
0x4e,0x00,0x00,0x00,0x40,0x00,0x38,0x00,0x09,0x00,0x40,0x00,0x11,0x00,0x0f,0x00,
0x06,0x00,0x00,0x00,0x04,0x00,0x00,0x00,0x40,0x00,0x00,0x00,0x00,0x00,0x00,0x00,
0x40,0x00,0x00,0x00,0x00,0x00,0x00,0x00,0x40,0x00,0x00,0x00,0x00,0x00,0x00,0x00,
0xf8,0x01,0x00,0x00,0x00,0x00,0x00,0x00,0xf8,0x01,0x00,0x00,0x00,0x00,0x00,0x00,
0x08,0x00,0x00,0x00,0x00,0x00,0x00,0x00,0x01,0x00,0x00,0x00,0x04,0x00,0x00,0x00,
0x00,0x00,0x00,0x00,0x00,0x00,0x00,0x00,0x00,0x00,0x00,0x00,0x00,0x00,0x00,0x00,
0x00,0x00,0x00,0x00,0x00,0x00,0x00,0x00,0xd0,0x2b,0x00,0x00,0x00,0x00,0x00,0x00,
0xd0,0x2b,0x00,0x00,0x00,0x00,0x00,0x00,0x00,0x10,0x00,0x00,0x00,0x00,0x00,0x00,
0x01,0x00,0x00,0x00,0x05,0x00,0x00,0x00,0x00,0x2c,0x00,0x00,0x00,0x00,0x00,0x00,
0x00,0x3c,0x00,0x00,0x00,0x00,0x00,0x00,0x00,0x3c,0x00,0x00,0x00,0x00,0x00,0x00,
0x3c,0x6c,0x00,0x00,0x00,0x00,0x00,0x00,0x3c,0x6c,0x00,0x00,0x00,0x00,0x00,0x00,
0x00,0x10,0x00,0x00,0x00,0x00,0x00,0x00,0x01,0x00,0x00,0x00,0x06,0x00,0x00,0x00,
0x40,0x98,0x00,0x00,0x00,0x00,0x00,0x00,0x40,0xb8,0x00,0x00,0x00,0x00,0x00,0x00,
0x40,0xb8,0x00,0x00,0x00,0x00,0x00,0x00,0x70,0x00,0x00,0x00,0x00,0x00,0x00,0x00,
0xc0,0x07,0x00,0x00,0x00,0x00,0x00,0x00,0x00,0x10,0x00,0x00,0x00,0x00,0x00,0x00,
0x01,0x00,0x00,0x00,0x06,0x00,0x00,0x00,0xb0,0x98,0x00,0x00,0x00,0x00,0x00,0x00,
0xb0,0xc8,0x00,0x00,0x00,0x00,0x00,0x00,0xb0,0xc8,0x00,0x00,0x00,0x00,0x00,0x00,
0x00,0x00,0x00,0x00,0x00,0x00,0x00,0x00,0x01,0x00,0x00,0x00,0x00,0x00,0x00,0x00,
0x00,0x10,0x00,0x00,0x00,0x00,0x00,0x00,0x02,0x00,0x00,0x00,0x06,0x00,0x00,0x00,
0x40,0x98,0x00,0x00,0x00,0x00,0x00,0x00,0x40,0xb8,0x00,0x00,0x00,0x00,0x00,0x00,
0x40,0xb8,0x00,0x00,0x00,0x00,0x00,0x00,0x70,0x00,0x00,0x00,0x00,0x00,0x00,0x00,
0x70,0x00,0x00,0x00,0x00,0x00,0x00,0x00,0x08,0x00,0x00,0x00,0x00,0x00,0x00,0x00,
0x52,0xe5,0x74,0x64,0x04,0x00,0x00,0x00,0x40,0x98,0x00,0x00,0x00,0x00,0x00,0x00,
0x40,0xb8,0x00,0x00,0x00,0x00,0x00,0x00,0x40,0xb8,0x00,0x00,0x00,0x00,0x00,0x00,
0x70,0x00,0x00,0x00,0x00,0x00,0x00,0x00,0xc0,0x07,0x00,0x00,0x00,0x00,0x00,0x00,
0x01,0x00,0x00,0x00,0x00,0x00,0x00,0x00,0x51,0xe5,0x74,0x64,0x06,0x00,0x00,0x00,
0x00,0x00,0x00,0x00,0x00,0x00,0x00,0x00,0x00,0x00,0x00,0x00,0x00,0x00,0x00,0x00,
0x00,0x00,0x00,0x00,0x00,0x00,0x00,0x00,0x00,0x00,0x00,0x00,0x00,0x00,0x00,0x00,
0x00,0x00,0x00,0x00,0x00,0x00,0x00,0x00,0x00,0x00,0x00,0x00,0x00,0x00,0x00,0x00,
0x04,0x00,0x00,0x00,0x04,0x00,0x00,0x00,0x38,0x02,0x00,0x00,0x00,0x00,0x00,0x00,
0x38,0x02,0x00,0x00,0x00,0x00,0x00,0x00,0x38,0x02,0x00,0x00,0x00,0x00,0x00,0x00,
0x28,0x15,0x00,0x00,0x00,0x00,0x00,0x00,0x28,0x15,0x00,0x00,0x00,0x00,0x00,0x00,
0x04,0x00,0x00,0x00,0x00,0x00,0x00,0x00,0x07,0x00,0x00,0x00,0x14,0x15,0x00,0x00,
0x20,0x00,0x00,0x00,0x41,0x4d,0x44,0x47,0x50,0x55,0x00,0x00,0x83,0xae,0x61,0x6d,
0x64,0x68,0x73,0x61,0x2e,0x6b,0x65,0x72,0x6e,0x65,0x6c,0x73,0x91,0xde,0x00,0x12,
0xa5,0x2e,0x61,0x72,0x67,0x73,0xdc,0x00,0x19,0x85,0xae,0x2e,0x61,0x63,0x74,0x75,
0x61,0x6c,0x5f,0x61,0x63,0x63,0x65,0x73,0x73,0xa9,0x72,0x65,0x61,0x64,0x5f,0x6f,
0x6e,0x6c,0x79,0xae,0x2e,0x61,0x64,0x64,0x72,0x65,0x73,0x73,0x5f,0x73,0x70,0x61,
0x63,0x65,0xa6,0x67,0x6c,0x6f,0x62,0x61,0x6c,0xa7,0x2e,0x6f,0x66,0x66,0x73,0x65,
0x74,0x00,0xa5,0x2e,0x73,0x69,0x7a,0x65,0x08,0xab,0x2e,0x76,0x61,0x6c,0x75,0x65,
0x5f,0x6b,0x69,0x6e,0x64,0xad,0x67,0x6c,0x6f,0x62,0x61,0x6c,0x5f,0x62,0x75,0x66,
0x66,0x65,0x72,0x85,0xae,0x2e,0x61,0x63,0x74,0x75,0x61,0x6c,0x5f,0x61,0x63,0x63,
0x65,0x73,0x73,0xa9,0x72,0x65,0x61,0x64,0x5f,0x6f,0x6e,0x6c,0x79,0xae,0x2e,0x61,
0x64,0x64,0x72,0x65,0x73,0x73,0x5f,0x73,0x70,0x61,0x63,0x65,0xa6,0x67,0x6c,0x6f,
0x62,0x61,0x6c,0xa7,0x2e,0x6f,0x66,0x66,0x73,0x65,0x74,0x08,0xa5,0x2e,0x73,0x69,
0x7a,0x65,0x08,0xab,0x2e,0x76,0x61,0x6c,0x75,0x65,0x5f,0x6b,0x69,0x6e,0x64,0xad,
0x67,0x6c,0x6f,0x62,0x61,0x6c,0x5f,0x62,0x75,0x66,0x66,0x65,0x72,0x85,0xae,0x2e,
0x61,0x63,0x74,0x75,0x61,0x6c,0x5f,0x61,0x63,0x63,0x65,0x73,0x73,0xa9,0x72,0x65,
0x61,0x64,0x5f,0x6f,0x6e,0x6c,0x79,0xae,0x2e,0x61,0x64,0x64,0x72,0x65,0x73,0x73,
0x5f,0x73,0x70,0x61,0x63,0x65,0xa6,0x67,0x6c,0x6f,0x62,0x61,0x6c,0xa7,0x2e,0x6f,
0x66,0x66,0x73,0x65,0x74,0x10,0xa5,0x2e,0x73,0x69,0x7a,0x65,0x08,0xab,0x2e,0x76,
0x61,0x6c,0x75,0x65,0x5f,0x6b,0x69,0x6e,0x64,0xad,0x67,0x6c,0x6f,0x62,0x61,0x6c,
0x5f,0x62,0x75,0x66,0x66,0x65,0x72,0x85,0xae,0x2e,0x61,0x63,0x74,0x75,0x61,0x6c,
0x5f,0x61,0x63,0x63,0x65,0x73,0x73,0xa9,0x72,0x65,0x61,0x64,0x5f,0x6f,0x6e,0x6c,
0x79,0xae,0x2e,0x61,0x64,0x64,0x72,0x65,0x73,0x73,0x5f,0x73,0x70,0x61,0x63,0x65,
0xa6,0x67,0x6c,0x6f,0x62,0x61,0x6c,0xa7,0x2e,0x6f,0x66,0x66,0x73,0x65,0x74,0x18,
0xa5,0x2e,0x73,0x69,0x7a,0x65,0x08,0xab,0x2e,0x76,0x61,0x6c,0x75,0x65,0x5f,0x6b,
0x69,0x6e,0x64,0xad,0x67,0x6c,0x6f,0x62,0x61,0x6c,0x5f,0x62,0x75,0x66,0x66,0x65,
0x72,0x83,0xa7,0x2e,0x6f,0x66,0x66,0x73,0x65,0x74,0x20,0xa5,0x2e,0x73,0x69,0x7a,
0x65,0x04,0xab,0x2e,0x76,0x61,0x6c,0x75,0x65,0x5f,0x6b,0x69,0x6e,0x64,0xa8,0x62,
0x79,0x5f,0x76,0x61,0x6c,0x75,0x65,0x83,0xa7,0x2e,0x6f,0x66,0x66,0x73,0x65,0x74,
0x24,0xa5,0x2e,0x73,0x69,0x7a,0x65,0x04,0xab,0x2e,0x76,0x61,0x6c,0x75,0x65,0x5f,
0x6b,0x69,0x6e,0x64,0xa8,0x62,0x79,0x5f,0x76,0x61,0x6c,0x75,0x65,0x83,0xa7,0x2e,
0x6f,0x66,0x66,0x73,0x65,0x74,0x28,0xa5,0x2e,0x73,0x69,0x7a,0x65,0x04,0xab,0x2e,
0x76,0x61,0x6c,0x75,0x65,0x5f,0x6b,0x69,0x6e,0x64,0xa8,0x62,0x79,0x5f,0x76,0x61,
0x6c,0x75,0x65,0x83,0xa7,0x2e,0x6f,0x66,0x66,0x73,0x65,0x74,0x2c,0xa5,0x2e,0x73,
0x69,0x7a,0x65,0x04,0xab,0x2e,0x76,0x61,0x6c,0x75,0x65,0x5f,0x6b,0x69,0x6e,0x64,
0xa8,0x62,0x79,0x5f,0x76,0x61,0x6c,0x75,0x65,0x83,0xa7,0x2e,0x6f,0x66,0x66,0x73,
0x65,0x74,0x30,0xa5,0x2e,0x73,0x69,0x7a,0x65,0x04,0xab,0x2e,0x76,0x61,0x6c,0x75,
0x65,0x5f,0x6b,0x69,0x6e,0x64,0xa8,0x62,0x79,0x5f,0x76,0x61,0x6c,0x75,0x65,0x83,
0xa7,0x2e,0x6f,0x66,0x66,0x73,0x65,0x74,0x34,0xa5,0x2e,0x73,0x69,0x7a,0x65,0x04,
0xab,0x2e,0x76,0x61,0x6c,0x75,0x65,0x5f,0x6b,0x69,0x6e,0x64,0xa8,0x62,0x79,0x5f,
0x76,0x61,0x6c,0x75,0x65,0x83,0xa7,0x2e,0x6f,0x66,0x66,0x73,0x65,0x74,0x38,0xa5,
0x2e,0x73,0x69,0x7a,0x65,0x04,0xab,0x2e,0x76,0x61,0x6c,0x75,0x65,0x5f,0x6b,0x69,
0x6e,0x64,0xa8,0x62,0x79,0x5f,0x76,0x61,0x6c,0x75,0x65,0x83,0xa7,0x2e,0x6f,0x66,
0x66,0x73,0x65,0x74,0x3c,0xa5,0x2e,0x73,0x69,0x7a,0x65,0x04,0xab,0x2e,0x76,0x61,
0x6c,0x75,0x65,0x5f,0x6b,0x69,0x6e,0x64,0xa8,0x62,0x79,0x5f,0x76,0x61,0x6c,0x75,
0x65,0x83,0xa7,0x2e,0x6f,0x66,0x66,0x73,0x65,0x74,0x40,0xa5,0x2e,0x73,0x69,0x7a,
0x65,0x04,0xab,0x2e,0x76,0x61,0x6c,0x75,0x65,0x5f,0x6b,0x69,0x6e,0x64,0xb4,0x68,
0x69,0x64,0x64,0x65,0x6e,0x5f,0x62,0x6c,0x6f,0x63,0x6b,0x5f,0x63,0x6f,0x75,0x6e,
0x74,0x5f,0x78,0x83,0xa7,0x2e,0x6f,0x66,0x66,0x73,0x65,0x74,0x44,0xa5,0x2e,0x73,
0x69,0x7a,0x65,0x04,0xab,0x2e,0x76,0x61,0x6c,0x75,0x65,0x5f,0x6b,0x69,0x6e,0x64,
0xb4,0x68,0x69,0x64,0x64,0x65,0x6e,0x5f,0x62,0x6c,0x6f,0x63,0x6b,0x5f,0x63,0x6f,
0x75,0x6e,0x74,0x5f,0x79,0x83,0xa7,0x2e,0x6f,0x66,0x66,0x73,0x65,0x74,0x48,0xa5,
0x2e,0x73,0x69,0x7a,0x65,0x04,0xab,0x2e,0x76,0x61,0x6c,0x75,0x65,0x5f,0x6b,0x69,
0x6e,0x64,0xb4,0x68,0x69,0x64,0x64,0x65,0x6e,0x5f,0x62,0x6c,0x6f,0x63,0x6b,0x5f,
0x63,0x6f,0x75,0x6e,0x74,0x5f,0x7a,0x83,0xa7,0x2e,0x6f,0x66,0x66,0x73,0x65,0x74,
0x4c,0xa5,0x2e,0x73,0x69,0x7a,0x65,0x02,0xab,0x2e,0x76,0x61,0x6c,0x75,0x65,0x5f,
0x6b,0x69,0x6e,0x64,0xb3,0x68,0x69,0x64,0x64,0x65,0x6e,0x5f,0x67,0x72,0x6f,0x75,
0x70,0x5f,0x73,0x69,0x7a,0x65,0x5f,0x78,0x83,0xa7,0x2e,0x6f,0x66,0x66,0x73,0x65,
0x74,0x4e,0xa5,0x2e,0x73,0x69,0x7a,0x65,0x02,0xab,0x2e,0x76,0x61,0x6c,0x75,0x65,
0x5f,0x6b,0x69,0x6e,0x64,0xb3,0x68,0x69,0x64,0x64,0x65,0x6e,0x5f,0x67,0x72,0x6f,
0x75,0x70,0x5f,0x73,0x69,0x7a,0x65,0x5f,0x79,0x83,0xa7,0x2e,0x6f,0x66,0x66,0x73,
0x65,0x74,0x50,0xa5,0x2e,0x73,0x69,0x7a,0x65,0x02,0xab,0x2e,0x76,0x61,0x6c,0x75,
0x65,0x5f,0x6b,0x69,0x6e,0x64,0xb3,0x68,0x69,0x64,0x64,0x65,0x6e,0x5f,0x67,0x72,
0x6f,0x75,0x70,0x5f,0x73,0x69,0x7a,0x65,0x5f,0x7a,0x83,0xa7,0x2e,0x6f,0x66,0x66,
0x73,0x65,0x74,0x52,0xa5,0x2e,0x73,0x69,0x7a,0x65,0x02,0xab,0x2e,0x76,0x61,0x6c,
0x75,0x65,0x5f,0x6b,0x69,0x6e,0x64,0xb2,0x68,0x69,0x64,0x64,0x65,0x6e,0x5f,0x72,
0x65,0x6d,0x61,0x69,0x6e,0x64,0x65,0x72,0x5f,0x78,0x83,0xa7,0x2e,0x6f,0x66,0x66,
0x73,0x65,0x74,0x54,0xa5,0x2e,0x73,0x69,0x7a,0x65,0x02,0xab,0x2e,0x76,0x61,0x6c,
0x75,0x65,0x5f,0x6b,0x69,0x6e,0x64,0xb2,0x68,0x69,0x64,0x64,0x65,0x6e,0x5f,0x72,
0x65,0x6d,0x61,0x69,0x6e,0x64,0x65,0x72,0x5f,0x79,0x83,0xa7,0x2e,0x6f,0x66,0x66,
0x73,0x65,0x74,0x56,0xa5,0x2e,0x73,0x69,0x7a,0x65,0x02,0xab,0x2e,0x76,0x61,0x6c,
0x75,0x65,0x5f,0x6b,0x69,0x6e,0x64,0xb2,0x68,0x69,0x64,0x64,0x65,0x6e,0x5f,0x72,
0x65,0x6d,0x61,0x69,0x6e,0x64,0x65,0x72,0x5f,0x7a,0x83,0xa7,0x2e,0x6f,0x66,0x66,
0x73,0x65,0x74,0x68,0xa5,0x2e,0x73,0x69,0x7a,0x65,0x08,0xab,0x2e,0x76,0x61,0x6c,
0x75,0x65,0x5f,0x6b,0x69,0x6e,0x64,0xb6,0x68,0x69,0x64,0x64,0x65,0x6e,0x5f,0x67,
0x6c,0x6f,0x62,0x61,0x6c,0x5f,0x6f,0x66,0x66,0x73,0x65,0x74,0x5f,0x78,0x83,0xa7,
0x2e,0x6f,0x66,0x66,0x73,0x65,0x74,0x70,0xa5,0x2e,0x73,0x69,0x7a,0x65,0x08,0xab,
0x2e,0x76,0x61,0x6c,0x75,0x65,0x5f,0x6b,0x69,0x6e,0x64,0xb6,0x68,0x69,0x64,0x64,
0x65,0x6e,0x5f,0x67,0x6c,0x6f,0x62,0x61,0x6c,0x5f,0x6f,0x66,0x66,0x73,0x65,0x74,
0x5f,0x79,0x83,0xa7,0x2e,0x6f,0x66,0x66,0x73,0x65,0x74,0x78,0xa5,0x2e,0x73,0x69,
0x7a,0x65,0x08,0xab,0x2e,0x76,0x61,0x6c,0x75,0x65,0x5f,0x6b,0x69,0x6e,0x64,0xb6,
0x68,0x69,0x64,0x64,0x65,0x6e,0x5f,0x67,0x6c,0x6f,0x62,0x61,0x6c,0x5f,0x6f,0x66,
0x66,0x73,0x65,0x74,0x5f,0x7a,0x83,0xa7,0x2e,0x6f,0x66,0x66,0x73,0x65,0x74,0xcc,
0x80,0xa5,0x2e,0x73,0x69,0x7a,0x65,0x02,0xab,0x2e,0x76,0x61,0x6c,0x75,0x65,0x5f,
0x6b,0x69,0x6e,0x64,0xb0,0x68,0x69,0x64,0x64,0x65,0x6e,0x5f,0x67,0x72,0x69,0x64,
0x5f,0x64,0x69,0x6d,0x73,0xb9,0x2e,0x67,0x72,0x6f,0x75,0x70,0x5f,0x73,0x65,0x67,
0x6d,0x65,0x6e,0x74,0x5f,0x66,0x69,0x78,0x65,0x64,0x5f,0x73,0x69,0x7a,0x65,0xcd,
0x50,0x90,0xb6,0x2e,0x6b,0x65,0x72,0x6e,0x61,0x72,0x67,0x5f,0x73,0x65,0x67,0x6d,
0x65,0x6e,0x74,0x5f,0x61,0x6c,0x69,0x67,0x6e,0x08,0xb5,0x2e,0x6b,0x65,0x72,0x6e,
0x61,0x72,0x67,0x5f,0x73,0x65,0x67,0x6d,0x65,0x6e,0x74,0x5f,0x73,0x69,0x7a,0x65,
0xcd,0x01,0x40,0xa9,0x2e,0x6c,0x61,0x6e,0x67,0x75,0x61,0x67,0x65,0xa8,0x4f,0x70,
0x65,0x6e,0x43,0x4c,0x20,0x43,0xb1,0x2e,0x6c,0x61,0x6e,0x67,0x75,0x61,0x67,0x65,
0x5f,0x76,0x65,0x72,0x73,0x69,0x6f,0x6e,0x92,0x02,0x00,0xb8,0x2e,0x6d,0x61,0x78,
0x5f,0x66,0x6c,0x61,0x74,0x5f,0x77,0x6f,0x72,0x6b,0x67,0x72,0x6f,0x75,0x70,0x5f,
0x73,0x69,0x7a,0x65,0xcd,0x01,0x00,0xa5,0x2e,0x6e,0x61,0x6d,0x65,0xda,0x07,0x1f,
0x5f,0x5a,0x4e,0x32,0x63,0x6b,0x31,0x36,0x74,0x65,0x6e,0x73,0x6f,0x72,0x5f,0x6f,
0x70,0x65,0x72,0x61,0x74,0x69,0x6f,0x6e,0x36,0x64,0x65,0x76,0x69,0x63,0x65,0x34,
0x34,0x6b,0x65,0x72,0x6e,0x65,0x6c,0x5f,0x67,0x72,0x6f,0x75,0x70,0x65,0x64,0x5f,
0x71,0x75,0x65,0x72,0x79,0x5f,0x61,0x74,0x74,0x65,0x6e,0x74,0x69,0x6f,0x6e,0x5f,
0x77,0x6d,0x6d,0x61,0x5f,0x75,0x6e,0x70,0x61,0x63,0x6b,0x65,0x64,0x49,0x4e,0x53,
0x31,0x5f,0x33,0x39,0x44,0x65,0x76,0x69,0x63,0x65,0x47,0x72,0x6f,0x75,0x70,0x65,
0x64,0x51,0x75,0x65,0x72,0x79,0x41,0x74,0x74,0x65,0x6e,0x74,0x69,0x6f,0x6e,0x46,
0x6f,0x72,0x77,0x61,0x72,0x64,0x5f,0x57,0x6d,0x6d,0x61,0x49,0x4c,0x69,0x32,0x45,
0x4c,0x69,0x31,0x45,0x4c,0x69,0x31,0x45,0x4c,0x69,0x31,0x45,0x4c,0x69,0x31,0x45,
0x44,0x46,0x31,0x36,0x5f,0x44,0x46,0x31,0x36,0x5f,0x44,0x46,0x31,0x36,0x5f,0x44,
0x46,0x31,0x36,0x5f,0x4e,0x53,0x5f,0x35,0x54,0x75,0x70,0x6c,0x65,0x49,0x4a,0x45,
0x45,0x45,0x66,0x53,0x35,0x5f,0x66,0x66,0x4e,0x53,0x30,0x5f,0x31,0x32,0x65,0x6c,
0x65,0x6d,0x65,0x6e,0x74,0x5f,0x77,0x69,0x73,0x65,0x31,0x31,0x50,0x61,0x73,0x73,
0x54,0x68,0x72,0x6f,0x75,0x67,0x68,0x45,0x53,0x37,0x5f,0x4e,0x53,0x36,0x5f,0x35,
0x53,0x63,0x61,0x6c,0x65,0x45,0x53,0x37,0x5f,0x53,0x37,0x5f,0x4c,0x4e,0x53,0x31,
0x5f,0x31,0x38,0x47,0x65,0x6d,0x6d,0x53,0x70,0x65,0x63,0x69,0x61,0x6c,0x69,0x7a,
0x61,0x74,0x69,0x6f,0x6e,0x45,0x31,0x35,0x45,0x4c,0x4e,0x53,0x31,0x5f,0x32,0x30,
0x54,0x65,0x6e,0x73,0x6f,0x72,0x53,0x70,0x65,0x63,0x69,0x61,0x6c,0x69,0x7a,0x61,
0x74,0x69,0x6f,0x6e,0x45,0x30,0x45,0x4c,0x53,0x41,0x5f,0x30,0x45,0x4c,0x53,0x41,
0x5f,0x30,0x45,0x4c,0x53,0x41,0x5f,0x30,0x45,0x4c,0x69,0x31,0x45,0x4c,0x69,0x31,
0x32,0x38,0x45,0x4c,0x69,0x36,0x34,0x45,0x4c,0x69,0x31,0x32,0x38,0x45,0x4c,0x69,
0x38,0x30,0x45,0x4c,0x69,0x38,0x45,0x4c,0x69,0x38,0x45,0x4c,0x69,0x38,0x30,0x45,
0x4c,0x69,0x36,0x34,0x45,0x4c,0x69,0x38,0x45,0x4c,0x69,0x31,0x36,0x45,0x4c,0x69,
0x31,0x36,0x45,0x4c,0x69,0x31,0x36,0x45,0x4c,0x69,0x31,0x45,0x4c,0x69,0x38,0x45,
0x4c,0x69,0x35,0x45,0x4e,0x53,0x5f,0x38,0x53,0x65,0x71,0x75,0x65,0x6e,0x63,0x65,
0x49,0x4a,0x4c,0x69,0x32,0x45,0x4c,0x69,0x36,0x34,0x45,0x4c,0x69,0x31,0x45,0x45,
0x45,0x45,0x4e,0x53,0x42,0x5f,0x49,0x4a,0x4c,0x69,0x31,0x45,0x4c,0x69,0x30,0x45,
0x4c,0x69,0x32,0x45,0x45,0x45,0x45,0x53,0x44,0x5f,0x4c,0x69,0x32,0x45,0x4c,0x69,
0x38,0x45,0x4c,0x69,0x38,0x45,0x4c,0x62,0x31,0x45,0x53,0x43,0x5f,0x53,0x44,0x5f,
0x53,0x44,0x5f,0x4c,0x69,0x32,0x45,0x4c,0x69,0x38,0x45,0x4c,0x69,0x38,0x45,0x4c,
0x62,0x31,0x45,0x4e,0x53,0x42,0x5f,0x49,0x4a,0x4c,0x69,0x32,0x45,0x4c,0x69,0x38,
0x45,0x4c,0x69,0x38,0x45,0x45,0x45,0x45,0x4e,0x53,0x42,0x5f,0x49,0x4a,0x4c,0x69,
0x30,0x45,0x4c,0x69,0x32,0x45,0x4c,0x69,0x31,0x45,0x45,0x45,0x45,0x53,0x46,0x5f,
0x4c,0x69,0x31,0x45,0x4c,0x69,0x32,0x45,0x4c,0x69,0x31,0x45,0x4c,0x62,0x30,0x45,
0x4c,0x69,0x31,0x45,0x4c,0x69,0x31,0x45,0x4e,0x53,0x42,0x5f,0x49,0x4a,0x4c,0x69,
0x31,0x45,0x4c,0x69,0x36,0x34,0x45,0x4c,0x69,0x31,0x45,0x4c,0x69,0x32,0x45,0x45,
0x45,0x45,0x4c,0x69,0x38,0x45,0x4c,0x4e,0x53,0x31,0x5f,0x32,0x31,0x4d,0x61,0x73,
0x6b,0x69,0x6e,0x67,0x53,0x70,0x65,0x63,0x69,0x61,0x6c,0x69,0x7a,0x61,0x74,0x69,
0x6f,0x6e,0x45,0x30,0x45,0x4c,0x4e,0x53,0x5f,0x31,0x33,0x4c,0x6f,0x6f,0x70,0x53,
0x63,0x68,0x65,0x64,0x75,0x6c,0x65,0x72,0x45,0x30,0x45,0x4c,0x4e,0x53,0x5f,0x31,
0x35,0x50,0x69,0x70,0x65,0x6c,0x69,0x6e,0x65,0x56,0x65,0x72,0x73,0x69,0x6f,0x6e,
0x45,0x30,0x45,0x45,0x45,0x4e,0x53,0x5f,0x33,0x35,0x47,0x72,0x69,0x64,0x77,0x69,
0x73,0x65,0x42,0x61,0x74,0x63,0x68,0x65,0x64,0x47,0x65,0x6d,0x6d,0x53,0x6f,0x66,
0x74,0x6d,0x61,0x78,0x47,0x65,0x6d,0x6d,0x5f,0x57,0x6d,0x6d,0x61,0x49,0x44,0x46,
0x31,0x36,0x5f,0x44,0x46,0x31,0x36,0x5f,0x66,0x44,0x46,0x31,0x36,0x5f,0x66,0x66,
0x44,0x46,0x31,0x36,0x5f,0x53,0x37,0x5f,0x53,0x37,0x5f,0x53,0x38,0x5f,0x53,0x37,
0x5f,0x53,0x37,0x5f,0x4c,0x4e,0x53,0x5f,0x32,0x35,0x49,0x6e,0x4d,0x65,0x6d,0x6f,
0x72,0x79,0x44,0x61,0x74,0x61,0x4f,0x70,0x65,0x72,0x61,0x74,0x69,0x6f,0x6e,0x45,
0x6e,0x75,0x6d,0x45,0x30,0x45,0x4e,0x53,0x5f,0x31,0x36,0x54,0x65,0x6e,0x73,0x6f,
0x72,0x44,0x65,0x73,0x63,0x72,0x69,0x70,0x74,0x6f,0x72,0x49,0x4e,0x53,0x34,0x5f,
0x49,0x4a,0x4e,0x53,0x5f,0x35,0x45,0x6d,0x62,0x65,0x64,0x49,0x4e,0x53,0x34,0x5f,
0x49,0x4a,0x69,0x69,0x45,0x45,0x45,0x53,0x50,0x5f,0x4c,0x62,0x30,0x45,0x45,0x45,
0x4e,0x53,0x5f,0x32,0x33,0x4d,0x65,0x72,0x67,0x65,0x5f,0x76,0x32,0x5f,0x6d,0x61,
0x67,0x69,0x63,0x5f,0x64,0x69,0x76,0x69,0x73,0x69,0x6f,0x6e,0x49,0x4e,0x53,0x34,
0x5f,0x49,0x4a,0x69,0x45,0x45,0x45,0x45,0x45,0x53,0x54,0x5f,0x4e,0x53,0x5f,0x38,
0x52,0x69,0x67,0x68,0x74,0x50,0x61,0x64,0x49,0x69,0x69,0x4c,0x62,0x30,0x45,0x45,
0x45,0x53,0x56,0x5f,0x4e,0x53,0x5f,0x37,0x55,0x6e,0x4d,0x65,0x72,0x67,0x65,0x49,
0x4e,0x53,0x34,0x5f,0x49,0x4a,0x69,0x4e,0x53,0x5f,0x31,0x37,0x69,0x6e,0x74,0x65,
0x67,0x72,0x61,0x6c,0x5f,0x63,0x6f,0x6e,0x73,0x74,0x61,0x6e,0x74,0x49,0x69,0x4c,
0x69,0x31,0x45,0x45,0x45,0x4e,0x53,0x58,0x5f,0x49,0x69,0x4c,0x69,0x32,0x45,0x45,
0x45,0x4e,0x53,0x58,0x5f,0x49,0x69,0x4c,0x69,0x38,0x45,0x45,0x45,0x45,0x45,0x45,
0x4c,0x62,0x30,0x45,0x45,0x45,0x4e,0x53,0x57,0x5f,0x49,0x4e,0x53,0x34,0x5f,0x49,
0x4a,0x69,0x4e,0x53,0x58,0x5f,0x49,0x69,0x4c,0x69,0x34,0x45,0x45,0x45,0x4e,0x53,
0x58,0x5f,0x49,0x69,0x4c,0x69,0x31,0x36,0x45,0x45,0x45,0x45,0x45,0x45,0x4c,0x62,
0x30,0x45,0x45,0x45,0x45,0x45,0x45,0x4e,0x53,0x34,0x5f,0x49,0x4a,0x4e,0x53,0x42,
0x5f,0x49,0x4a,0x4c,0x69,0x30,0x45,0x45,0x45,0x45,0x4e,0x53,0x42,0x5f,0x49,0x4a,
0x4c,0x69,0x31,0x45,0x45,0x45,0x45,0x4e,0x53,0x42,0x5f,0x49,0x4a,0x4c,0x69,0x32,
0x45,0x45,0x45,0x45,0x4e,0x53,0x42,0x5f,0x49,0x4a,0x4c,0x69,0x33,0x45,0x45,0x45,
0x45,0x4e,0x53,0x42,0x5f,0x49,0x4a,0x4c,0x69,0x34,0x45,0x45,0x45,0x45,0x4e,0x53,
0x42,0x5f,0x49,0x4a,0x4c,0x69,0x36,0x45,0x45,0x45,0x45,0x4e,0x53,0x42,0x5f,0x49,
0x4a,0x4c,0x69,0x35,0x45,0x45,0x45,0x45,0x45,0x45,0x45,0x4e,0x53,0x34,0x5f,0x49,
0x4a,0x4e,0x53,0x42,0x5f,0x49,0x4a,0x4c,0x69,0x31,0x45,0x4c,0x69,0x32,0x45,0x45,
0x45,0x45,0x53,0x31,0x42,0x5f,0x53,0x31,0x43,0x5f,0x53,0x31,0x45,0x5f,0x53,0x31,
0x44,0x5f,0x4e,0x53,0x42,0x5f,0x49,0x4a,0x4c,0x69,0x37,0x45,0x4c,0x69,0x38,0x45,
0x4c,0x69,0x39,0x45,0x4c,0x69,0x31,0x30,0x45,0x45,0x45,0x45,0x4e,0x53,0x42,0x5f,
0x49,0x4a,0x4c,0x69,0x31,0x31,0x45,0x4c,0x69,0x31,0x32,0x45,0x4c,0x69,0x31,0x33,
0x45,0x45,0x45,0x45,0x45,0x45,0x45,0x4e,0x53,0x42,0x5f,0x49,0x4a,0x4c,0x69,0x37,
0x45,0x4c,0x69,0x31,0x31,0x45,0x4c,0x69,0x31,0x32,0x45,0x4c,0x69,0x38,0x45,0x4c,
0x69,0x39,0x45,0x4c,0x69,0x31,0x33,0x45,0x4c,0x69,0x31,0x30,0x45,0x45,0x45,0x45,
0x78,0x45,0x45,0x4e,0x53,0x4e,0x5f,0x49,0x4e,0x53,0x34,0x5f,0x49,0x4a,0x53,0x51,
0x5f,0x53,0x54,0x5f,0x53,0x54,0x5f,0x53,0x56,0x5f,0x53,0x56,0x5f,0x4e,0x53,0x57,
0x5f,0x49,0x4e,0x53,0x34,0x5f,0x49,0x4a,0x69,0x53,0x31,0x30,0x5f,0x45,0x45,0x45,
0x4c,0x62,0x30,0x45,0x45,0x45,0x4e,0x53,0x5f,0x31,0x31,0x50,0x61,0x73,0x73,0x54,
0x68,0x72,0x6f,0x75,0x67,0x68,0x49,0x69,0x45,0x45,0x45,0x45,0x45,0x53,0x31,0x46,
0x5f,0x4e,0x53,0x34,0x5f,0x49,0x4a,0x53,0x31,0x47,0x5f,0x53,0x31,0x42,0x5f,0x53,
0x31,0x43,0x5f,0x53,0x31,0x45,0x5f,0x53,0x31,0x44,0x5f,0x4e,0x53,0x42,0x5f,0x49,
0x4a,0x4c,0x69,0x37,0x45,0x4c,0x69,0x38,0x45,0x45,0x45,0x45,0x4e,0x53,0x42,0x5f,
0x49,0x4a,0x4c,0x69,0x39,0x45,0x45,0x45,0x45,0x45,0x45,0x45,0x4e,0x53,0x42,0x5f,
0x49,0x4a,0x4c,0x69,0x37,0x45,0x4c,0x69,0x39,0x45,0x4c,0x69,0x38,0x45,0x45,0x45,
0x45,0x78,0x45,0x45,0x53,0x31,0x56,0x5f,0x4e,0x53,0x4e,0x5f,0x49,0x4e,0x53,0x34,
0x5f,0x49,0x4a,0x53,0x51,0x5f,0x53,0x54,0x5f,0x53,0x54,0x5f,0x53,0x56,0x5f,0x53,
0x56,0x5f,0x45,0x45,0x45,0x4e,0x53,0x34,0x5f,0x49,0x4a,0x53,0x31,0x38,0x5f,0x53,
0x31,0x39,0x5f,0x53,0x31,0x41,0x5f,0x53,0x31,0x42,0x5f,0x53,0x31,0x43,0x5f,0x45,
0x45,0x45,0x4e,0x53,0x34,0x5f,0x49,0x4a,0x53,0x31,0x47,0x5f,0x53,0x31,0x42,0x5f,
0x53,0x31,0x43,0x5f,0x53,0x31,0x45,0x5f,0x53,0x31,0x44,0x5f,0x45,0x45,0x45,0x4e,
0x53,0x42,0x5f,0x49,0x4a,0x4c,0x69,0x35,0x45,0x4c,0x69,0x36,0x45,0x45,0x45,0x45,
0x78,0x45,0x45,0x4c,0x69,0x36,0x34,0x45,0x4c,0x69,0x31,0x32,0x38,0x45,0x4c,0x69,
0x38,0x30,0x45,0x4c,0x69,0x38,0x45,0x4c,0x69,0x38,0x45,0x4c,0x69,0x38,0x30,0x45,
0x4c,0x69,0x36,0x34,0x45,0x4c,0x69,0x38,0x45,0x4c,0x69,0x31,0x36,0x45,0x4c,0x69,
0x31,0x36,0x45,0x4c,0x69,0x31,0x36,0x45,0x4c,0x69,0x31,0x45,0x4c,0x69,0x38,0x45,
0x4c,0x69,0x35,0x45,0x4c,0x69,0x31,0x32,0x38,0x45,0x53,0x43,0x5f,0x53,0x44,0x5f,
0x53,0x44,0x5f,0x4c,0x69,0x32,0x45,0x4c,0x69,0x38,0x45,0x4c,0x69,0x38,0x45,0x4c,
0x62,0x31,0x45,0x4c,0x62,0x30,0x45,0x4c,0x62,0x31,0x45,0x53,0x43,0x5f,0x53,0x44,
0x5f,0x53,0x44,0x5f,0x4c,0x69,0x32,0x45,0x4c,0x69,0x38,0x45,0x4c,0x69,0x38,0x45,
0x4c,0x62,0x31,0x45,0x4c,0x62,0x31,0x45,0x4c,0x62,0x31,0x45,0x53,0x45,0x5f,0x53,
0x46,0x5f,0x53,0x46,0x5f,0x4c,0x69,0x31,0x45,0x4c,0x69,0x32,0x45,0x4c,0x69,0x31,
0x45,0x4c,0x62,0x30,0x45,0x4c,0x62,0x31,0x45,0x4c,0x62,0x30,0x45,0x4c,0x69,0x31,
0x45,0x4c,0x69,0x31,0x45,0x53,0x47,0x5f,0x4c,0x69,0x38,0x45,0x4c,0x62,0x31,0x45,
0x4c,0x62,0x30,0x45,0x4c,0x69,0x31,0x45,0x4c,0x53,0x49,0x5f,0x30,0x45,0x4c,0x53,
0x4a,0x5f,0x30,0x45,0x45,0x45,0x44,0x46,0x31,0x36,0x5f,0x44,0x46,0x31,0x36,0x5f,
0x44,0x46,0x31,0x36,0x5f,0x44,0x46,0x31,0x36,0x5f,0x53,0x37,0x5f,0x53,0x37,0x5f,
0x53,0x38,0x5f,0x53,0x37,0x5f,0x53,0x37,0x5f,0x4c,0x62,0x30,0x45,0x45,0x45,0x76,
0x50,0x50,0x4b,0x54,0x31,0x5f,0x50,0x50,0x4b,0x54,0x32,0x5f,0x50,0x50,0x4b,0x54,
0x33,0x5f,0x50,0x50,0x54,0x34,0x5f,0x69,0x69,0x69,0x69,0x69,0x69,0x69,0x66,0xbb,
0x2e,0x70,0x72,0x69,0x76,0x61,0x74,0x65,0x5f,0x73,0x65,0x67,0x6d,0x65,0x6e,0x74,
0x5f,0x66,0x69,0x78,0x65,0x64,0x5f,0x73,0x69,0x7a,0x65,0x00,0xab,0x2e,0x73,0x67,
0x70,0x72,0x5f,0x63,0x6f,0x75,0x6e,0x74,0x6b,0xb1,0x2e,0x73,0x67,0x70,0x72,0x5f,
0x73,0x70,0x69,0x6c,0x6c,0x5f,0x63,0x6f,0x75,0x6e,0x74,0x03,0xa7,0x2e,0x73,0x79,
0x6d,0x62,0x6f,0x6c,0xda,0x07,0x22,0x5f,0x5a,0x4e,0x32,0x63,0x6b,0x31,0x36,0x74,
0x65,0x6e,0x73,0x6f,0x72,0x5f,0x6f,0x70,0x65,0x72,0x61,0x74,0x69,0x6f,0x6e,0x36,
0x64,0x65,0x76,0x69,0x63,0x65,0x34,0x34,0x6b,0x65,0x72,0x6e,0x65,0x6c,0x5f,0x67,
0x72,0x6f,0x75,0x70,0x65,0x64,0x5f,0x71,0x75,0x65,0x72,0x79,0x5f,0x61,0x74,0x74,
0x65,0x6e,0x74,0x69,0x6f,0x6e,0x5f,0x77,0x6d,0x6d,0x61,0x5f,0x75,0x6e,0x70,0x61,
0x63,0x6b,0x65,0x64,0x49,0x4e,0x53,0x31,0x5f,0x33,0x39,0x44,0x65,0x76,0x69,0x63,
0x65,0x47,0x72,0x6f,0x75,0x70,0x65,0x64,0x51,0x75,0x65,0x72,0x79,0x41,0x74,0x74,
0x65,0x6e,0x74,0x69,0x6f,0x6e,0x46,0x6f,0x72,0x77,0x61,0x72,0x64,0x5f,0x57,0x6d,
0x6d,0x61,0x49,0x4c,0x69,0x32,0x45,0x4c,0x69,0x31,0x45,0x4c,0x69,0x31,0x45,0x4c,
0x69,0x31,0x45,0x4c,0x69,0x31,0x45,0x44,0x46,0x31,0x36,0x5f,0x44,0x46,0x31,0x36,
0x5f,0x44,0x46,0x31,0x36,0x5f,0x44,0x46,0x31,0x36,0x5f,0x4e,0x53,0x5f,0x35,0x54,
0x75,0x70,0x6c,0x65,0x49,0x4a,0x45,0x45,0x45,0x66,0x53,0x35,0x5f,0x66,0x66,0x4e,
0x53,0x30,0x5f,0x31,0x32,0x65,0x6c,0x65,0x6d,0x65,0x6e,0x74,0x5f,0x77,0x69,0x73,
0x65,0x31,0x31,0x50,0x61,0x73,0x73,0x54,0x68,0x72,0x6f,0x75,0x67,0x68,0x45,0x53,
0x37,0x5f,0x4e,0x53,0x36,0x5f,0x35,0x53,0x63,0x61,0x6c,0x65,0x45,0x53,0x37,0x5f,
0x53,0x37,0x5f,0x4c,0x4e,0x53,0x31,0x5f,0x31,0x38,0x47,0x65,0x6d,0x6d,0x53,0x70,
0x65,0x63,0x69,0x61,0x6c,0x69,0x7a,0x61,0x74,0x69,0x6f,0x6e,0x45,0x31,0x35,0x45,
0x4c,0x4e,0x53,0x31,0x5f,0x32,0x30,0x54,0x65,0x6e,0x73,0x6f,0x72,0x53,0x70,0x65,
0x63,0x69,0x61,0x6c,0x69,0x7a,0x61,0x74,0x69,0x6f,0x6e,0x45,0x30,0x45,0x4c,0x53,
0x41,0x5f,0x30,0x45,0x4c,0x53,0x41,0x5f,0x30,0x45,0x4c,0x53,0x41,0x5f,0x30,0x45,
0x4c,0x69,0x31,0x45,0x4c,0x69,0x31,0x32,0x38,0x45,0x4c,0x69,0x36,0x34,0x45,0x4c,
0x69,0x31,0x32,0x38,0x45,0x4c,0x69,0x38,0x30,0x45,0x4c,0x69,0x38,0x45,0x4c,0x69,
0x38,0x45,0x4c,0x69,0x38,0x30,0x45,0x4c,0x69,0x36,0x34,0x45,0x4c,0x69,0x38,0x45,
0x4c,0x69,0x31,0x36,0x45,0x4c,0x69,0x31,0x36,0x45,0x4c,0x69,0x31,0x36,0x45,0x4c,
0x69,0x31,0x45,0x4c,0x69,0x38,0x45,0x4c,0x69,0x35,0x45,0x4e,0x53,0x5f,0x38,0x53,
0x65,0x71,0x75,0x65,0x6e,0x63,0x65,0x49,0x4a,0x4c,0x69,0x32,0x45,0x4c,0x69,0x36,
0x34,0x45,0x4c,0x69,0x31,0x45,0x45,0x45,0x45,0x4e,0x53,0x42,0x5f,0x49,0x4a,0x4c,
0x69,0x31,0x45,0x4c,0x69,0x30,0x45,0x4c,0x69,0x32,0x45,0x45,0x45,0x45,0x53,0x44,
0x5f,0x4c,0x69,0x32,0x45,0x4c,0x69,0x38,0x45,0x4c,0x69,0x38,0x45,0x4c,0x62,0x31,
0x45,0x53,0x43,0x5f,0x53,0x44,0x5f,0x53,0x44,0x5f,0x4c,0x69,0x32,0x45,0x4c,0x69,
0x38,0x45,0x4c,0x69,0x38,0x45,0x4c,0x62,0x31,0x45,0x4e,0x53,0x42,0x5f,0x49,0x4a,
0x4c,0x69,0x32,0x45,0x4c,0x69,0x38,0x45,0x4c,0x69,0x38,0x45,0x45,0x45,0x45,0x4e,
0x53,0x42,0x5f,0x49,0x4a,0x4c,0x69,0x30,0x45,0x4c,0x69,0x32,0x45,0x4c,0x69,0x31,
0x45,0x45,0x45,0x45,0x53,0x46,0x5f,0x4c,0x69,0x31,0x45,0x4c,0x69,0x32,0x45,0x4c,
0x69,0x31,0x45,0x4c,0x62,0x30,0x45,0x4c,0x69,0x31,0x45,0x4c,0x69,0x31,0x45,0x4e,
0x53,0x42,0x5f,0x49,0x4a,0x4c,0x69,0x31,0x45,0x4c,0x69,0x36,0x34,0x45,0x4c,0x69,
0x31,0x45,0x4c,0x69,0x32,0x45,0x45,0x45,0x45,0x4c,0x69,0x38,0x45,0x4c,0x4e,0x53,
0x31,0x5f,0x32,0x31,0x4d,0x61,0x73,0x6b,0x69,0x6e,0x67,0x53,0x70,0x65,0x63,0x69,
0x61,0x6c,0x69,0x7a,0x61,0x74,0x69,0x6f,0x6e,0x45,0x30,0x45,0x4c,0x4e,0x53,0x5f,
0x31,0x33,0x4c,0x6f,0x6f,0x70,0x53,0x63,0x68,0x65,0x64,0x75,0x6c,0x65,0x72,0x45,
0x30,0x45,0x4c,0x4e,0x53,0x5f,0x31,0x35,0x50,0x69,0x70,0x65,0x6c,0x69,0x6e,0x65,
0x56,0x65,0x72,0x73,0x69,0x6f,0x6e,0x45,0x30,0x45,0x45,0x45,0x4e,0x53,0x5f,0x33,
0x35,0x47,0x72,0x69,0x64,0x77,0x69,0x73,0x65,0x42,0x61,0x74,0x63,0x68,0x65,0x64,
0x47,0x65,0x6d,0x6d,0x53,0x6f,0x66,0x74,0x6d,0x61,0x78,0x47,0x65,0x6d,0x6d,0x5f,
0x57,0x6d,0x6d,0x61,0x49,0x44,0x46,0x31,0x36,0x5f,0x44,0x46,0x31,0x36,0x5f,0x66,
0x44,0x46,0x31,0x36,0x5f,0x66,0x66,0x44,0x46,0x31,0x36,0x5f,0x53,0x37,0x5f,0x53,
0x37,0x5f,0x53,0x38,0x5f,0x53,0x37,0x5f,0x53,0x37,0x5f,0x4c,0x4e,0x53,0x5f,0x32,
0x35,0x49,0x6e,0x4d,0x65,0x6d,0x6f,0x72,0x79,0x44,0x61,0x74,0x61,0x4f,0x70,0x65,
0x72,0x61,0x74,0x69,0x6f,0x6e,0x45,0x6e,0x75,0x6d,0x45,0x30,0x45,0x4e,0x53,0x5f,
0x31,0x36,0x54,0x65,0x6e,0x73,0x6f,0x72,0x44,0x65,0x73,0x63,0x72,0x69,0x70,0x74,
0x6f,0x72,0x49,0x4e,0x53,0x34,0x5f,0x49,0x4a,0x4e,0x53,0x5f,0x35,0x45,0x6d,0x62,
0x65,0x64,0x49,0x4e,0x53,0x34,0x5f,0x49,0x4a,0x69,0x69,0x45,0x45,0x45,0x53,0x50,
0x5f,0x4c,0x62,0x30,0x45,0x45,0x45,0x4e,0x53,0x5f,0x32,0x33,0x4d,0x65,0x72,0x67,
0x65,0x5f,0x76,0x32,0x5f,0x6d,0x61,0x67,0x69,0x63,0x5f,0x64,0x69,0x76,0x69,0x73,
0x69,0x6f,0x6e,0x49,0x4e,0x53,0x34,0x5f,0x49,0x4a,0x69,0x45,0x45,0x45,0x45,0x45,
0x53,0x54,0x5f,0x4e,0x53,0x5f,0x38,0x52,0x69,0x67,0x68,0x74,0x50,0x61,0x64,0x49,
0x69,0x69,0x4c,0x62,0x30,0x45,0x45,0x45,0x53,0x56,0x5f,0x4e,0x53,0x5f,0x37,0x55,
0x6e,0x4d,0x65,0x72,0x67,0x65,0x49,0x4e,0x53,0x34,0x5f,0x49,0x4a,0x69,0x4e,0x53,
0x5f,0x31,0x37,0x69,0x6e,0x74,0x65,0x67,0x72,0x61,0x6c,0x5f,0x63,0x6f,0x6e,0x73,
0x74,0x61,0x6e,0x74,0x49,0x69,0x4c,0x69,0x31,0x45,0x45,0x45,0x4e,0x53,0x58,0x5f,
0x49,0x69,0x4c,0x69,0x32,0x45,0x45,0x45,0x4e,0x53,0x58,0x5f,0x49,0x69,0x4c,0x69,
0x38,0x45,0x45,0x45,0x45,0x45,0x45,0x4c,0x62,0x30,0x45,0x45,0x45,0x4e,0x53,0x57,
0x5f,0x49,0x4e,0x53,0x34,0x5f,0x49,0x4a,0x69,0x4e,0x53,0x58,0x5f,0x49,0x69,0x4c,
0x69,0x34,0x45,0x45,0x45,0x4e,0x53,0x58,0x5f,0x49,0x69,0x4c,0x69,0x31,0x36,0x45,
0x45,0x45,0x45,0x45,0x45,0x4c,0x62,0x30,0x45,0x45,0x45,0x45,0x45,0x45,0x4e,0x53,
0x34,0x5f,0x49,0x4a,0x4e,0x53,0x42,0x5f,0x49,0x4a,0x4c,0x69,0x30,0x45,0x45,0x45,
0x45,0x4e,0x53,0x42,0x5f,0x49,0x4a,0x4c,0x69,0x31,0x45,0x45,0x45,0x45,0x4e,0x53,
0x42,0x5f,0x49,0x4a,0x4c,0x69,0x32,0x45,0x45,0x45,0x45,0x4e,0x53,0x42,0x5f,0x49,
0x4a,0x4c,0x69,0x33,0x45,0x45,0x45,0x45,0x4e,0x53,0x42,0x5f,0x49,0x4a,0x4c,0x69,
0x34,0x45,0x45,0x45,0x45,0x4e,0x53,0x42,0x5f,0x49,0x4a,0x4c,0x69,0x36,0x45,0x45,
0x45,0x45,0x4e,0x53,0x42,0x5f,0x49,0x4a,0x4c,0x69,0x35,0x45,0x45,0x45,0x45,0x45,
0x45,0x45,0x4e,0x53,0x34,0x5f,0x49,0x4a,0x4e,0x53,0x42,0x5f,0x49,0x4a,0x4c,0x69,
0x31,0x45,0x4c,0x69,0x32,0x45,0x45,0x45,0x45,0x53,0x31,0x42,0x5f,0x53,0x31,0x43,
0x5f,0x53,0x31,0x45,0x5f,0x53,0x31,0x44,0x5f,0x4e,0x53,0x42,0x5f,0x49,0x4a,0x4c,
0x69,0x37,0x45,0x4c,0x69,0x38,0x45,0x4c,0x69,0x39,0x45,0x4c,0x69,0x31,0x30,0x45,
0x45,0x45,0x45,0x4e,0x53,0x42,0x5f,0x49,0x4a,0x4c,0x69,0x31,0x31,0x45,0x4c,0x69,
0x31,0x32,0x45,0x4c,0x69,0x31,0x33,0x45,0x45,0x45,0x45,0x45,0x45,0x45,0x4e,0x53,
0x42,0x5f,0x49,0x4a,0x4c,0x69,0x37,0x45,0x4c,0x69,0x31,0x31,0x45,0x4c,0x69,0x31,
0x32,0x45,0x4c,0x69,0x38,0x45,0x4c,0x69,0x39,0x45,0x4c,0x69,0x31,0x33,0x45,0x4c,
0x69,0x31,0x30,0x45,0x45,0x45,0x45,0x78,0x45,0x45,0x4e,0x53,0x4e,0x5f,0x49,0x4e,
0x53,0x34,0x5f,0x49,0x4a,0x53,0x51,0x5f,0x53,0x54,0x5f,0x53,0x54,0x5f,0x53,0x56,
0x5f,0x53,0x56,0x5f,0x4e,0x53,0x57,0x5f,0x49,0x4e,0x53,0x34,0x5f,0x49,0x4a,0x69,
0x53,0x31,0x30,0x5f,0x45,0x45,0x45,0x4c,0x62,0x30,0x45,0x45,0x45,0x4e,0x53,0x5f,
0x31,0x31,0x50,0x61,0x73,0x73,0x54,0x68,0x72,0x6f,0x75,0x67,0x68,0x49,0x69,0x45,
0x45,0x45,0x45,0x45,0x53,0x31,0x46,0x5f,0x4e,0x53,0x34,0x5f,0x49,0x4a,0x53,0x31,
0x47,0x5f,0x53,0x31,0x42,0x5f,0x53,0x31,0x43,0x5f,0x53,0x31,0x45,0x5f,0x53,0x31,
0x44,0x5f,0x4e,0x53,0x42,0x5f,0x49,0x4a,0x4c,0x69,0x37,0x45,0x4c,0x69,0x38,0x45,
0x45,0x45,0x45,0x4e,0x53,0x42,0x5f,0x49,0x4a,0x4c,0x69,0x39,0x45,0x45,0x45,0x45,
0x45,0x45,0x45,0x4e,0x53,0x42,0x5f,0x49,0x4a,0x4c,0x69,0x37,0x45,0x4c,0x69,0x39,
0x45,0x4c,0x69,0x38,0x45,0x45,0x45,0x45,0x78,0x45,0x45,0x53,0x31,0x56,0x5f,0x4e,
0x53,0x4e,0x5f,0x49,0x4e,0x53,0x34,0x5f,0x49,0x4a,0x53,0x51,0x5f,0x53,0x54,0x5f,
0x53,0x54,0x5f,0x53,0x56,0x5f,0x53,0x56,0x5f,0x45,0x45,0x45,0x4e,0x53,0x34,0x5f,
0x49,0x4a,0x53,0x31,0x38,0x5f,0x53,0x31,0x39,0x5f,0x53,0x31,0x41,0x5f,0x53,0x31,
0x42,0x5f,0x53,0x31,0x43,0x5f,0x45,0x45,0x45,0x4e,0x53,0x34,0x5f,0x49,0x4a,0x53,
0x31,0x47,0x5f,0x53,0x31,0x42,0x5f,0x53,0x31,0x43,0x5f,0x53,0x31,0x45,0x5f,0x53,
0x31,0x44,0x5f,0x45,0x45,0x45,0x4e,0x53,0x42,0x5f,0x49,0x4a,0x4c,0x69,0x35,0x45,
0x4c,0x69,0x36,0x45,0x45,0x45,0x45,0x78,0x45,0x45,0x4c,0x69,0x36,0x34,0x45,0x4c,
0x69,0x31,0x32,0x38,0x45,0x4c,0x69,0x38,0x30,0x45,0x4c,0x69,0x38,0x45,0x4c,0x69,
0x38,0x45,0x4c,0x69,0x38,0x30,0x45,0x4c,0x69,0x36,0x34,0x45,0x4c,0x69,0x38,0x45,
0x4c,0x69,0x31,0x36,0x45,0x4c,0x69,0x31,0x36,0x45,0x4c,0x69,0x31,0x36,0x45,0x4c,
0x69,0x31,0x45,0x4c,0x69,0x38,0x45,0x4c,0x69,0x35,0x45,0x4c,0x69,0x31,0x32,0x38,
0x45,0x53,0x43,0x5f,0x53,0x44,0x5f,0x53,0x44,0x5f,0x4c,0x69,0x32,0x45,0x4c,0x69,
0x38,0x45,0x4c,0x69,0x38,0x45,0x4c,0x62,0x31,0x45,0x4c,0x62,0x30,0x45,0x4c,0x62,
0x31,0x45,0x53,0x43,0x5f,0x53,0x44,0x5f,0x53,0x44,0x5f,0x4c,0x69,0x32,0x45,0x4c,
0x69,0x38,0x45,0x4c,0x69,0x38,0x45,0x4c,0x62,0x31,0x45,0x4c,0x62,0x31,0x45,0x4c,
0x62,0x31,0x45,0x53,0x45,0x5f,0x53,0x46,0x5f,0x53,0x46,0x5f,0x4c,0x69,0x31,0x45,
0x4c,0x69,0x32,0x45,0x4c,0x69,0x31,0x45,0x4c,0x62,0x30,0x45,0x4c,0x62,0x31,0x45,
0x4c,0x62,0x30,0x45,0x4c,0x69,0x31,0x45,0x4c,0x69,0x31,0x45,0x53,0x47,0x5f,0x4c,
0x69,0x38,0x45,0x4c,0x62,0x31,0x45,0x4c,0x62,0x30,0x45,0x4c,0x69,0x31,0x45,0x4c,
0x53,0x49,0x5f,0x30,0x45,0x4c,0x53,0x4a,0x5f,0x30,0x45,0x45,0x45,0x44,0x46,0x31,
0x36,0x5f,0x44,0x46,0x31,0x36,0x5f,0x44,0x46,0x31,0x36,0x5f,0x44,0x46,0x31,0x36,
0x5f,0x53,0x37,0x5f,0x53,0x37,0x5f,0x53,0x38,0x5f,0x53,0x37,0x5f,0x53,0x37,0x5f,
0x4c,0x62,0x30,0x45,0x45,0x45,0x76,0x50,0x50,0x4b,0x54,0x31,0x5f,0x50,0x50,0x4b,
0x54,0x32,0x5f,0x50,0x50,0x4b,0x54,0x33,0x5f,0x50,0x50,0x54,0x34,0x5f,0x69,0x69,
0x69,0x69,0x69,0x69,0x69,0x66,0x2e,0x6b,0x64,0xb8,0x2e,0x75,0x6e,0x69,0x66,0x6f,
0x72,0x6d,0x5f,0x77,0x6f,0x72,0x6b,0x5f,0x67,0x72,0x6f,0x75,0x70,0x5f,0x73,0x69,
0x7a,0x65,0x01,0xb3,0x2e,0x75,0x73,0x65,0x73,0x5f,0x64,0x79,0x6e,0x61,0x6d,0x69,
0x63,0x5f,0x73,0x74,0x61,0x63,0x6b,0xc2,0xab,0x2e,0x76,0x67,0x70,0x72,0x5f,0x63,
0x6f,0x75,0x6e,0x74,0xcc,0xf4,0xb1,0x2e,0x76,0x67,0x70,0x72,0x5f,0x73,0x70,0x69,
0x6c,0x6c,0x5f,0x63,0x6f,0x75,0x6e,0x74,0x00,0xaf,0x2e,0x77,0x61,0x76,0x65,0x66,
0x72,0x6f,0x6e,0x74,0x5f,0x73,0x69,0x7a,0x65,0x20,0xb9,0x2e,0x77,0x6f,0x72,0x6b,
0x67,0x72,0x6f,0x75,0x70,0x5f,0x70,0x72,0x6f,0x63,0x65,0x73,0x73,0x6f,0x72,0x5f,
0x6d,0x6f,0x64,0x65,0x00,0xad,0x61,0x6d,0x64,0x68,0x73,0x61,0x2e,0x74,0x61,0x72,
0x67,0x65,0x74,0xba,0x61,0x6d,0x64,0x67,0x63,0x6e,0x2d,0x61,0x6d,0x64,0x2d,0x61,
0x6d,0x64,0x68,0x73,0x61,0x2d,0x2d,0x67,0x66,0x78,0x31,0x32,0x30,0x31,0xae,0x61,
0x6d,0x64,0x68,0x73,0x61,0x2e,0x76,0x65,0x72,0x73,0x69,0x6f,0x6e,0x92,0x01,0x02,
0x00,0x00,0x00,0x00,0x00,0x00,0x00,0x00,0x00,0x00,0x00,0x00,0x00,0x00,0x00,0x00,
0x00,0x00,0x00,0x00,0x00,0x00,0x00,0x00,0x01,0x00,0x00,0x00,0x12,0x03,0x07,0x00,
0x00,0x3e,0x00,0x00,0x00,0x00,0x00,0x00,0x3c,0x6a,0x00,0x00,0x00,0x00,0x00,0x00,
0x21,0x07,0x00,0x00,0x21,0x03,0x06,0x00,0xc0,0x2b,0x00,0x00,0x00,0x00,0x00,0x00,
0x10,0x00,0x00,0x00,0x00,0x00,0x00,0x00,0x21,0x08,0x00,0x00,0x11,0x03,0x06,0x00,
0xc0,0x27,0x00,0x00,0x00,0x00,0x00,0x00,0x40,0x00,0x00,0x00,0x00,0x00,0x00,0x00,
0x44,0x0f,0x00,0x00,0x11,0x00,0x0a,0x00,0xb0,0xc8,0x00,0x00,0x00,0x00,0x00,0x00,
0x01,0x00,0x00,0x00,0x00,0x00,0x00,0x00,0x01,0x00,0x00,0x00,0x01,0x00,0x00,0x00,
0x01,0x00,0x00,0x00,0x1a,0x00,0x00,0x00,0x00,0x04,0x11,0x00,0x08,0x01,0x90,0x08,
0x01,0x00,0x00,0x00,0xb6,0xb6,0x56,0xa1,0x4a,0xfe,0x6f,0x52,0x34,0x21,0xc8,0x8d,
0xbb,0xe9,0xd9,0x41,0x05,0x00,0x00,0x00,0x05,0x00,0x00,0x00,0x02,0x00,0x00,0x00,
0x03,0x00,0x00,0x00,0x00,0x00,0x00,0x00,0x00,0x00,0x00,0x00,0x04,0x00,0x00,0x00,
0x00,0x00,0x00,0x00,0x00,0x00,0x00,0x00,0x00,0x00,0x00,0x00,0x01,0x00,0x00,0x00,
0x00,0x00,0x00,0x00,0x00,0x5f,0x5a,0x4e,0x32,0x63,0x6b,0x31,0x36,0x74,0x65,0x6e,
0x73,0x6f,0x72,0x5f,0x6f,0x70,0x65,0x72,0x61,0x74,0x69,0x6f,0x6e,0x36,0x64,0x65,
0x76,0x69,0x63,0x65,0x34,0x34,0x6b,0x65,0x72,0x6e,0x65,0x6c,0x5f,0x67,0x72,0x6f,
0x75,0x70,0x65,0x64,0x5f,0x71,0x75,0x65,0x72,0x79,0x5f,0x61,0x74,0x74,0x65,0x6e,
0x74,0x69,0x6f,0x6e,0x5f,0x77,0x6d,0x6d,0x61,0x5f,0x75,0x6e,0x70,0x61,0x63,0x6b,
0x65,0x64,0x49,0x4e,0x53,0x31,0x5f,0x33,0x39,0x44,0x65,0x76,0x69,0x63,0x65,0x47,
0x72,0x6f,0x75,0x70,0x65,0x64,0x51,0x75,0x65,0x72,0x79,0x41,0x74,0x74,0x65,0x6e,
0x74,0x69,0x6f,0x6e,0x46,0x6f,0x72,0x77,0x61,0x72,0x64,0x5f,0x57,0x6d,0x6d,0x61,
0x49,0x4c,0x69,0x32,0x45,0x4c,0x69,0x31,0x45,0x4c,0x69,0x31,0x45,0x4c,0x69,0x31,
0x45,0x4c,0x69,0x31,0x45,0x44,0x46,0x31,0x36,0x5f,0x44,0x46,0x31,0x36,0x5f,0x44,
0x46,0x31,0x36,0x5f,0x44,0x46,0x31,0x36,0x5f,0x4e,0x53,0x5f,0x35,0x54,0x75,0x70,
0x6c,0x65,0x49,0x4a,0x45,0x45,0x45,0x66,0x53,0x35,0x5f,0x66,0x66,0x4e,0x53,0x30,
0x5f,0x31,0x32,0x65,0x6c,0x65,0x6d,0x65,0x6e,0x74,0x5f,0x77,0x69,0x73,0x65,0x31,
0x31,0x50,0x61,0x73,0x73,0x54,0x68,0x72,0x6f,0x75,0x67,0x68,0x45,0x53,0x37,0x5f,
0x4e,0x53,0x36,0x5f,0x35,0x53,0x63,0x61,0x6c,0x65,0x45,0x53,0x37,0x5f,0x53,0x37,
0x5f,0x4c,0x4e,0x53,0x31,0x5f,0x31,0x38,0x47,0x65,0x6d,0x6d,0x53,0x70,0x65,0x63,
0x69,0x61,0x6c,0x69,0x7a,0x61,0x74,0x69,0x6f,0x6e,0x45,0x31,0x35,0x45,0x4c,0x4e,
0x53,0x31,0x5f,0x32,0x30,0x54,0x65,0x6e,0x73,0x6f,0x72,0x53,0x70,0x65,0x63,0x69,
0x61,0x6c,0x69,0x7a,0x61,0x74,0x69,0x6f,0x6e,0x45,0x30,0x45,0x4c,0x53,0x41,0x5f,
0x30,0x45,0x4c,0x53,0x41,0x5f,0x30,0x45,0x4c,0x53,0x41,0x5f,0x30,0x45,0x4c,0x69,
0x31,0x45,0x4c,0x69,0x31,0x32,0x38,0x45,0x4c,0x69,0x36,0x34,0x45,0x4c,0x69,0x31,
0x32,0x38,0x45,0x4c,0x69,0x38,0x30,0x45,0x4c,0x69,0x38,0x45,0x4c,0x69,0x38,0x45,
0x4c,0x69,0x38,0x30,0x45,0x4c,0x69,0x36,0x34,0x45,0x4c,0x69,0x38,0x45,0x4c,0x69,
0x31,0x36,0x45,0x4c,0x69,0x31,0x36,0x45,0x4c,0x69,0x31,0x36,0x45,0x4c,0x69,0x31,
0x45,0x4c,0x69,0x38,0x45,0x4c,0x69,0x35,0x45,0x4e,0x53,0x5f,0x38,0x53,0x65,0x71,
0x75,0x65,0x6e,0x63,0x65,0x49,0x4a,0x4c,0x69,0x32,0x45,0x4c,0x69,0x36,0x34,0x45,
0x4c,0x69,0x31,0x45,0x45,0x45,0x45,0x4e,0x53,0x42,0x5f,0x49,0x4a,0x4c,0x69,0x31,
0x45,0x4c,0x69,0x30,0x45,0x4c,0x69,0x32,0x45,0x45,0x45,0x45,0x53,0x44,0x5f,0x4c,
0x69,0x32,0x45,0x4c,0x69,0x38,0x45,0x4c,0x69,0x38,0x45,0x4c,0x62,0x31,0x45,0x53,
0x43,0x5f,0x53,0x44,0x5f,0x53,0x44,0x5f,0x4c,0x69,0x32,0x45,0x4c,0x69,0x38,0x45,
0x4c,0x69,0x38,0x45,0x4c,0x62,0x31,0x45,0x4e,0x53,0x42,0x5f,0x49,0x4a,0x4c,0x69,
0x32,0x45,0x4c,0x69,0x38,0x45,0x4c,0x69,0x38,0x45,0x45,0x45,0x45,0x4e,0x53,0x42,
0x5f,0x49,0x4a,0x4c,0x69,0x30,0x45,0x4c,0x69,0x32,0x45,0x4c,0x69,0x31,0x45,0x45,
0x45,0x45,0x53,0x46,0x5f,0x4c,0x69,0x31,0x45,0x4c,0x69,0x32,0x45,0x4c,0x69,0x31,
0x45,0x4c,0x62,0x30,0x45,0x4c,0x69,0x31,0x45,0x4c,0x69,0x31,0x45,0x4e,0x53,0x42,
0x5f,0x49,0x4a,0x4c,0x69,0x31,0x45,0x4c,0x69,0x36,0x34,0x45,0x4c,0x69,0x31,0x45,
0x4c,0x69,0x32,0x45,0x45,0x45,0x45,0x4c,0x69,0x38,0x45,0x4c,0x4e,0x53,0x31,0x5f,
0x32,0x31,0x4d,0x61,0x73,0x6b,0x69,0x6e,0x67,0x53,0x70,0x65,0x63,0x69,0x61,0x6c,
0x69,0x7a,0x61,0x74,0x69,0x6f,0x6e,0x45,0x30,0x45,0x4c,0x4e,0x53,0x5f,0x31,0x33,
0x4c,0x6f,0x6f,0x70,0x53,0x63,0x68,0x65,0x64,0x75,0x6c,0x65,0x72,0x45,0x30,0x45,
0x4c,0x4e,0x53,0x5f,0x31,0x35,0x50,0x69,0x70,0x65,0x6c,0x69,0x6e,0x65,0x56,0x65,
0x72,0x73,0x69,0x6f,0x6e,0x45,0x30,0x45,0x45,0x45,0x4e,0x53,0x5f,0x33,0x35,0x47,
0x72,0x69,0x64,0x77,0x69,0x73,0x65,0x42,0x61,0x74,0x63,0x68,0x65,0x64,0x47,0x65,
0x6d,0x6d,0x53,0x6f,0x66,0x74,0x6d,0x61,0x78,0x47,0x65,0x6d,0x6d,0x5f,0x57,0x6d,
0x6d,0x61,0x49,0x44,0x46,0x31,0x36,0x5f,0x44,0x46,0x31,0x36,0x5f,0x66,0x44,0x46,
0x31,0x36,0x5f,0x66,0x66,0x44,0x46,0x31,0x36,0x5f,0x53,0x37,0x5f,0x53,0x37,0x5f,
0x53,0x38,0x5f,0x53,0x37,0x5f,0x53,0x37,0x5f,0x4c,0x4e,0x53,0x5f,0x32,0x35,0x49,
0x6e,0x4d,0x65,0x6d,0x6f,0x72,0x79,0x44,0x61,0x74,0x61,0x4f,0x70,0x65,0x72,0x61,
0x74,0x69,0x6f,0x6e,0x45,0x6e,0x75,0x6d,0x45,0x30,0x45,0x4e,0x53,0x5f,0x31,0x36,
0x54,0x65,0x6e,0x73,0x6f,0x72,0x44,0x65,0x73,0x63,0x72,0x69,0x70,0x74,0x6f,0x72,
0x49,0x4e,0x53,0x34,0x5f,0x49,0x4a,0x4e,0x53,0x5f,0x35,0x45,0x6d,0x62,0x65,0x64,
0x49,0x4e,0x53,0x34,0x5f,0x49,0x4a,0x69,0x69,0x45,0x45,0x45,0x53,0x50,0x5f,0x4c,
0x62,0x30,0x45,0x45,0x45,0x4e,0x53,0x5f,0x32,0x33,0x4d,0x65,0x72,0x67,0x65,0x5f,
0x76,0x32,0x5f,0x6d,0x61,0x67,0x69,0x63,0x5f,0x64,0x69,0x76,0x69,0x73,0x69,0x6f,
0x6e,0x49,0x4e,0x53,0x34,0x5f,0x49,0x4a,0x69,0x45,0x45,0x45,0x45,0x45,0x53,0x54,
0x5f,0x4e,0x53,0x5f,0x38,0x52,0x69,0x67,0x68,0x74,0x50,0x61,0x64,0x49,0x69,0x69,
0x4c,0x62,0x30,0x45,0x45,0x45,0x53,0x56,0x5f,0x4e,0x53,0x5f,0x37,0x55,0x6e,0x4d,
0x65,0x72,0x67,0x65,0x49,0x4e,0x53,0x34,0x5f,0x49,0x4a,0x69,0x4e,0x53,0x5f,0x31,
0x37,0x69,0x6e,0x74,0x65,0x67,0x72,0x61,0x6c,0x5f,0x63,0x6f,0x6e,0x73,0x74,0x61,
0x6e,0x74,0x49,0x69,0x4c,0x69,0x31,0x45,0x45,0x45,0x4e,0x53,0x58,0x5f,0x49,0x69,
0x4c,0x69,0x32,0x45,0x45,0x45,0x4e,0x53,0x58,0x5f,0x49,0x69,0x4c,0x69,0x38,0x45,
0x45,0x45,0x45,0x45,0x45,0x4c,0x62,0x30,0x45,0x45,0x45,0x4e,0x53,0x57,0x5f,0x49,
0x4e,0x53,0x34,0x5f,0x49,0x4a,0x69,0x4e,0x53,0x58,0x5f,0x49,0x69,0x4c,0x69,0x34,
0x45,0x45,0x45,0x4e,0x53,0x58,0x5f,0x49,0x69,0x4c,0x69,0x31,0x36,0x45,0x45,0x45,
0x45,0x45,0x45,0x4c,0x62,0x30,0x45,0x45,0x45,0x45,0x45,0x45,0x4e,0x53,0x34,0x5f,
0x49,0x4a,0x4e,0x53,0x42,0x5f,0x49,0x4a,0x4c,0x69,0x30,0x45,0x45,0x45,0x45,0x4e,
0x53,0x42,0x5f,0x49,0x4a,0x4c,0x69,0x31,0x45,0x45,0x45,0x45,0x4e,0x53,0x42,0x5f,
0x49,0x4a,0x4c,0x69,0x32,0x45,0x45,0x45,0x45,0x4e,0x53,0x42,0x5f,0x49,0x4a,0x4c,
0x69,0x33,0x45,0x45,0x45,0x45,0x4e,0x53,0x42,0x5f,0x49,0x4a,0x4c,0x69,0x34,0x45,
0x45,0x45,0x45,0x4e,0x53,0x42,0x5f,0x49,0x4a,0x4c,0x69,0x36,0x45,0x45,0x45,0x45,
0x4e,0x53,0x42,0x5f,0x49,0x4a,0x4c,0x69,0x35,0x45,0x45,0x45,0x45,0x45,0x45,0x45,
0x4e,0x53,0x34,0x5f,0x49,0x4a,0x4e,0x53,0x42,0x5f,0x49,0x4a,0x4c,0x69,0x31,0x45,
0x4c,0x69,0x32,0x45,0x45,0x45,0x45,0x53,0x31,0x42,0x5f,0x53,0x31,0x43,0x5f,0x53,
0x31,0x45,0x5f,0x53,0x31,0x44,0x5f,0x4e,0x53,0x42,0x5f,0x49,0x4a,0x4c,0x69,0x37,
0x45,0x4c,0x69,0x38,0x45,0x4c,0x69,0x39,0x45,0x4c,0x69,0x31,0x30,0x45,0x45,0x45,
0x45,0x4e,0x53,0x42,0x5f,0x49,0x4a,0x4c,0x69,0x31,0x31,0x45,0x4c,0x69,0x31,0x32,
0x45,0x4c,0x69,0x31,0x33,0x45,0x45,0x45,0x45,0x45,0x45,0x45,0x4e,0x53,0x42,0x5f,
0x49,0x4a,0x4c,0x69,0x37,0x45,0x4c,0x69,0x31,0x31,0x45,0x4c,0x69,0x31,0x32,0x45,
0x4c,0x69,0x38,0x45,0x4c,0x69,0x39,0x45,0x4c,0x69,0x31,0x33,0x45,0x4c,0x69,0x31,
0x30,0x45,0x45,0x45,0x45,0x78,0x45,0x45,0x4e,0x53,0x4e,0x5f,0x49,0x4e,0x53,0x34,
0x5f,0x49,0x4a,0x53,0x51,0x5f,0x53,0x54,0x5f,0x53,0x54,0x5f,0x53,0x56,0x5f,0x53,
0x56,0x5f,0x4e,0x53,0x57,0x5f,0x49,0x4e,0x53,0x34,0x5f,0x49,0x4a,0x69,0x53,0x31,
0x30,0x5f,0x45,0x45,0x45,0x4c,0x62,0x30,0x45,0x45,0x45,0x4e,0x53,0x5f,0x31,0x31,
0x50,0x61,0x73,0x73,0x54,0x68,0x72,0x6f,0x75,0x67,0x68,0x49,0x69,0x45,0x45,0x45,
0x45,0x45,0x53,0x31,0x46,0x5f,0x4e,0x53,0x34,0x5f,0x49,0x4a,0x53,0x31,0x47,0x5f,
0x53,0x31,0x42,0x5f,0x53,0x31,0x43,0x5f,0x53,0x31,0x45,0x5f,0x53,0x31,0x44,0x5f,
0x4e,0x53,0x42,0x5f,0x49,0x4a,0x4c,0x69,0x37,0x45,0x4c,0x69,0x38,0x45,0x45,0x45,
0x45,0x4e,0x53,0x42,0x5f,0x49,0x4a,0x4c,0x69,0x39,0x45,0x45,0x45,0x45,0x45,0x45,
0x45,0x4e,0x53,0x42,0x5f,0x49,0x4a,0x4c,0x69,0x37,0x45,0x4c,0x69,0x39,0x45,0x4c,
0x69,0x38,0x45,0x45,0x45,0x45,0x78,0x45,0x45,0x53,0x31,0x56,0x5f,0x4e,0x53,0x4e,
0x5f,0x49,0x4e,0x53,0x34,0x5f,0x49,0x4a,0x53,0x51,0x5f,0x53,0x54,0x5f,0x53,0x54,
0x5f,0x53,0x56,0x5f,0x53,0x56,0x5f,0x45,0x45,0x45,0x4e,0x53,0x34,0x5f,0x49,0x4a,
0x53,0x31,0x38,0x5f,0x53,0x31,0x39,0x5f,0x53,0x31,0x41,0x5f,0x53,0x31,0x42,0x5f,
0x53,0x31,0x43,0x5f,0x45,0x45,0x45,0x4e,0x53,0x34,0x5f,0x49,0x4a,0x53,0x31,0x47,
0x5f,0x53,0x31,0x42,0x5f,0x53,0x31,0x43,0x5f,0x53,0x31,0x45,0x5f,0x53,0x31,0x44,
0x5f,0x45,0x45,0x45,0x4e,0x53,0x42,0x5f,0x49,0x4a,0x4c,0x69,0x35,0x45,0x4c,0x69,
0x36,0x45,0x45,0x45,0x45,0x78,0x45,0x45,0x4c,0x69,0x36,0x34,0x45,0x4c,0x69,0x31,
0x32,0x38,0x45,0x4c,0x69,0x38,0x30,0x45,0x4c,0x69,0x38,0x45,0x4c,0x69,0x38,0x45,
0x4c,0x69,0x38,0x30,0x45,0x4c,0x69,0x36,0x34,0x45,0x4c,0x69,0x38,0x45,0x4c,0x69,
0x31,0x36,0x45,0x4c,0x69,0x31,0x36,0x45,0x4c,0x69,0x31,0x36,0x45,0x4c,0x69,0x31,
0x45,0x4c,0x69,0x38,0x45,0x4c,0x69,0x35,0x45,0x4c,0x69,0x31,0x32,0x38,0x45,0x53,
0x43,0x5f,0x53,0x44,0x5f,0x53,0x44,0x5f,0x4c,0x69,0x32,0x45,0x4c,0x69,0x38,0x45,
0x4c,0x69,0x38,0x45,0x4c,0x62,0x31,0x45,0x4c,0x62,0x30,0x45,0x4c,0x62,0x31,0x45,
0x53,0x43,0x5f,0x53,0x44,0x5f,0x53,0x44,0x5f,0x4c,0x69,0x32,0x45,0x4c,0x69,0x38,
0x45,0x4c,0x69,0x38,0x45,0x4c,0x62,0x31,0x45,0x4c,0x62,0x31,0x45,0x4c,0x62,0x31,
0x45,0x53,0x45,0x5f,0x53,0x46,0x5f,0x53,0x46,0x5f,0x4c,0x69,0x31,0x45,0x4c,0x69,
0x32,0x45,0x4c,0x69,0x31,0x45,0x4c,0x62,0x30,0x45,0x4c,0x62,0x31,0x45,0x4c,0x62,
0x30,0x45,0x4c,0x69,0x31,0x45,0x4c,0x69,0x31,0x45,0x53,0x47,0x5f,0x4c,0x69,0x38,
0x45,0x4c,0x62,0x31,0x45,0x4c,0x62,0x30,0x45,0x4c,0x69,0x31,0x45,0x4c,0x53,0x49,
0x5f,0x30,0x45,0x4c,0x53,0x4a,0x5f,0x30,0x45,0x45,0x45,0x44,0x46,0x31,0x36,0x5f,
0x44,0x46,0x31,0x36,0x5f,0x44,0x46,0x31,0x36,0x5f,0x44,0x46,0x31,0x36,0x5f,0x53,
0x37,0x5f,0x53,0x37,0x5f,0x53,0x38,0x5f,0x53,0x37,0x5f,0x53,0x37,0x5f,0x4c,0x62,
0x30,0x45,0x45,0x45,0x76,0x50,0x50,0x4b,0x54,0x31,0x5f,0x50,0x50,0x4b,0x54,0x32,
0x5f,0x50,0x50,0x4b,0x54,0x33,0x5f,0x50,0x50,0x54,0x34,0x5f,0x69,0x69,0x69,0x69,
0x69,0x69,0x69,0x66,0x00,0x5f,0x5a,0x4e,0x32,0x63,0x6b,0x31,0x36,0x74,0x65,0x6e,
0x73,0x6f,0x72,0x5f,0x6f,0x70,0x65,0x72,0x61,0x74,0x69,0x6f,0x6e,0x36,0x30,0x54,
0x72,0x61,0x6e,0x73,0x66,0x6f,0x72,0x6d,0x42,0x61,0x74,0x63,0x68,0x65,0x64,0x43,
0x6f,0x6e,0x74,0x72,0x61,0x63,0x74,0x69,0x6f,0x6e,0x43,0x6f,0x6e,0x74,0x72,0x61,
0x63,0x74,0x69,0x6f,0x6e,0x54,0x6f,0x42,0x61,0x74,0x63,0x68,0x65,0x64,0x47,0x65,
0x6d,0x6d,0x47,0x65,0x6d,0x6d,0x5f,0x57,0x6d,0x6d,0x61,0x49,0x4e,0x53,0x5f,0x38,
0x53,0x65,0x71,0x75,0x65,0x6e,0x63,0x65,0x49,0x4a,0x4c,0x69,0x32,0x45,0x4c,0x69,
0x31,0x45,0x4c,0x69,0x31,0x45,0x4c,0x69,0x31,0x45,0x4c,0x69,0x31,0x45,0x45,0x45,
0x45,0x4e,0x53,0x32,0x5f,0x49,0x4a,0x4c,0x69,0x36,0x34,0x45,0x4c,0x69,0x31,0x32,
0x38,0x45,0x4c,0x69,0x38,0x30,0x45,0x4c,0x69,0x38,0x30,0x45,0x45,0x45,0x45,0x4c,
0x4e,0x53,0x30,0x5f,0x36,0x64,0x65,0x76,0x69,0x63,0x65,0x31,0x38,0x47,0x65,0x6d,
0x6d,0x53,0x70,0x65,0x63,0x69,0x61,0x6c,0x69,0x7a,0x61,0x74,0x69,0x6f,0x6e,0x45,
0x31,0x35,0x45,0x4c,0x4e,0x53,0x35,0x5f,0x32,0x30,0x54,0x65,0x6e,0x73,0x6f,0x72,
0x53,0x70,0x65,0x63,0x69,0x61,0x6c,0x69,0x7a,0x61,0x74,0x69,0x6f,0x6e,0x45,0x30,
0x45,0x4c,0x53,0x37,0x5f,0x30,0x45,0x4c,0x53,0x37,0x5f,0x30,0x45,0x4c,0x53,0x37,
0x5f,0x30,0x45,0x45,0x31,0x33,0x6d,0x61,0x74,0x72,0x69,0x78,0x5f,0x70,0x61,0x64,
0x64,0x65,0x72,0x45,0x00,0x5f,0x5a,0x4e,0x32,0x63,0x6b,0x31,0x36,0x74,0x65,0x6e,
0x73,0x6f,0x72,0x5f,0x6f,0x70,0x65,0x72,0x61,0x74,0x69,0x6f,0x6e,0x36,0x64,0x65,
0x76,0x69,0x63,0x65,0x34,0x34,0x6b,0x65,0x72,0x6e,0x65,0x6c,0x5f,0x67,0x72,0x6f,
0x75,0x70,0x65,0x64,0x5f,0x71,0x75,0x65,0x72,0x79,0x5f,0x61,0x74,0x74,0x65,0x6e,
0x74,0x69,0x6f,0x6e,0x5f,0x77,0x6d,0x6d,0x61,0x5f,0x75,0x6e,0x70,0x61,0x63,0x6b,
0x65,0x64,0x49,0x4e,0x53,0x31,0x5f,0x33,0x39,0x44,0x65,0x76,0x69,0x63,0x65,0x47,
0x72,0x6f,0x75,0x70,0x65,0x64,0x51,0x75,0x65,0x72,0x79,0x41,0x74,0x74,0x65,0x6e,
0x74,0x69,0x6f,0x6e,0x46,0x6f,0x72,0x77,0x61,0x72,0x64,0x5f,0x57,0x6d,0x6d,0x61,
0x49,0x4c,0x69,0x32,0x45,0x4c,0x69,0x31,0x45,0x4c,0x69,0x31,0x45,0x4c,0x69,0x31,
0x45,0x4c,0x69,0x31,0x45,0x44,0x46,0x31,0x36,0x5f,0x44,0x46,0x31,0x36,0x5f,0x44,
0x46,0x31,0x36,0x5f,0x44,0x46,0x31,0x36,0x5f,0x4e,0x53,0x5f,0x35,0x54,0x75,0x70,
0x6c,0x65,0x49,0x4a,0x45,0x45,0x45,0x66,0x53,0x35,0x5f,0x66,0x66,0x4e,0x53,0x30,
0x5f,0x31,0x32,0x65,0x6c,0x65,0x6d,0x65,0x6e,0x74,0x5f,0x77,0x69,0x73,0x65,0x31,
0x31,0x50,0x61,0x73,0x73,0x54,0x68,0x72,0x6f,0x75,0x67,0x68,0x45,0x53,0x37,0x5f,
0x4e,0x53,0x36,0x5f,0x35,0x53,0x63,0x61,0x6c,0x65,0x45,0x53,0x37,0x5f,0x53,0x37,
0x5f,0x4c,0x4e,0x53,0x31,0x5f,0x31,0x38,0x47,0x65,0x6d,0x6d,0x53,0x70,0x65,0x63,
0x69,0x61,0x6c,0x69,0x7a,0x61,0x74,0x69,0x6f,0x6e,0x45,0x31,0x35,0x45,0x4c,0x4e,
0x53,0x31,0x5f,0x32,0x30,0x54,0x65,0x6e,0x73,0x6f,0x72,0x53,0x70,0x65,0x63,0x69,
0x61,0x6c,0x69,0x7a,0x61,0x74,0x69,0x6f,0x6e,0x45,0x30,0x45,0x4c,0x53,0x41,0x5f,
0x30,0x45,0x4c,0x53,0x41,0x5f,0x30,0x45,0x4c,0x53,0x41,0x5f,0x30,0x45,0x4c,0x69,
0x31,0x45,0x4c,0x69,0x31,0x32,0x38,0x45,0x4c,0x69,0x36,0x34,0x45,0x4c,0x69,0x31,
0x32,0x38,0x45,0x4c,0x69,0x38,0x30,0x45,0x4c,0x69,0x38,0x45,0x4c,0x69,0x38,0x45,
0x4c,0x69,0x38,0x30,0x45,0x4c,0x69,0x36,0x34,0x45,0x4c,0x69,0x38,0x45,0x4c,0x69,
0x31,0x36,0x45,0x4c,0x69,0x31,0x36,0x45,0x4c,0x69,0x31,0x36,0x45,0x4c,0x69,0x31,
0x45,0x4c,0x69,0x38,0x45,0x4c,0x69,0x35,0x45,0x4e,0x53,0x5f,0x38,0x53,0x65,0x71,
0x75,0x65,0x6e,0x63,0x65,0x49,0x4a,0x4c,0x69,0x32,0x45,0x4c,0x69,0x36,0x34,0x45,
0x4c,0x69,0x31,0x45,0x45,0x45,0x45,0x4e,0x53,0x42,0x5f,0x49,0x4a,0x4c,0x69,0x31,
0x45,0x4c,0x69,0x30,0x45,0x4c,0x69,0x32,0x45,0x45,0x45,0x45,0x53,0x44,0x5f,0x4c,
0x69,0x32,0x45,0x4c,0x69,0x38,0x45,0x4c,0x69,0x38,0x45,0x4c,0x62,0x31,0x45,0x53,
0x43,0x5f,0x53,0x44,0x5f,0x53,0x44,0x5f,0x4c,0x69,0x32,0x45,0x4c,0x69,0x38,0x45,
0x4c,0x69,0x38,0x45,0x4c,0x62,0x31,0x45,0x4e,0x53,0x42,0x5f,0x49,0x4a,0x4c,0x69,
0x32,0x45,0x4c,0x69,0x38,0x45,0x4c,0x69,0x38,0x45,0x45,0x45,0x45,0x4e,0x53,0x42,
0x5f,0x49,0x4a,0x4c,0x69,0x30,0x45,0x4c,0x69,0x32,0x45,0x4c,0x69,0x31,0x45,0x45,
0x45,0x45,0x53,0x46,0x5f,0x4c,0x69,0x31,0x45,0x4c,0x69,0x32,0x45,0x4c,0x69,0x31,
0x45,0x4c,0x62,0x30,0x45,0x4c,0x69,0x31,0x45,0x4c,0x69,0x31,0x45,0x4e,0x53,0x42,
0x5f,0x49,0x4a,0x4c,0x69,0x31,0x45,0x4c,0x69,0x36,0x34,0x45,0x4c,0x69,0x31,0x45,
0x4c,0x69,0x32,0x45,0x45,0x45,0x45,0x4c,0x69,0x38,0x45,0x4c,0x4e,0x53,0x31,0x5f,
0x32,0x31,0x4d,0x61,0x73,0x6b,0x69,0x6e,0x67,0x53,0x70,0x65,0x63,0x69,0x61,0x6c,
0x69,0x7a,0x61,0x74,0x69,0x6f,0x6e,0x45,0x30,0x45,0x4c,0x4e,0x53,0x5f,0x31,0x33,
0x4c,0x6f,0x6f,0x70,0x53,0x63,0x68,0x65,0x64,0x75,0x6c,0x65,0x72,0x45,0x30,0x45,
0x4c,0x4e,0x53,0x5f,0x31,0x35,0x50,0x69,0x70,0x65,0x6c,0x69,0x6e,0x65,0x56,0x65,
0x72,0x73,0x69,0x6f,0x6e,0x45,0x30,0x45,0x45,0x45,0x4e,0x53,0x5f,0x33,0x35,0x47,
0x72,0x69,0x64,0x77,0x69,0x73,0x65,0x42,0x61,0x74,0x63,0x68,0x65,0x64,0x47,0x65,
0x6d,0x6d,0x53,0x6f,0x66,0x74,0x6d,0x61,0x78,0x47,0x65,0x6d,0x6d,0x5f,0x57,0x6d,
0x6d,0x61,0x49,0x44,0x46,0x31,0x36,0x5f,0x44,0x46,0x31,0x36,0x5f,0x66,0x44,0x46,
0x31,0x36,0x5f,0x66,0x66,0x44,0x46,0x31,0x36,0x5f,0x53,0x37,0x5f,0x53,0x37,0x5f,
0x53,0x38,0x5f,0x53,0x37,0x5f,0x53,0x37,0x5f,0x4c,0x4e,0x53,0x5f,0x32,0x35,0x49,
0x6e,0x4d,0x65,0x6d,0x6f,0x72,0x79,0x44,0x61,0x74,0x61,0x4f,0x70,0x65,0x72,0x61,
0x74,0x69,0x6f,0x6e,0x45,0x6e,0x75,0x6d,0x45,0x30,0x45,0x4e,0x53,0x5f,0x31,0x36,
0x54,0x65,0x6e,0x73,0x6f,0x72,0x44,0x65,0x73,0x63,0x72,0x69,0x70,0x74,0x6f,0x72,
0x49,0x4e,0x53,0x34,0x5f,0x49,0x4a,0x4e,0x53,0x5f,0x35,0x45,0x6d,0x62,0x65,0x64,
0x49,0x4e,0x53,0x34,0x5f,0x49,0x4a,0x69,0x69,0x45,0x45,0x45,0x53,0x50,0x5f,0x4c,
0x62,0x30,0x45,0x45,0x45,0x4e,0x53,0x5f,0x32,0x33,0x4d,0x65,0x72,0x67,0x65,0x5f,
0x76,0x32,0x5f,0x6d,0x61,0x67,0x69,0x63,0x5f,0x64,0x69,0x76,0x69,0x73,0x69,0x6f,
0x6e,0x49,0x4e,0x53,0x34,0x5f,0x49,0x4a,0x69,0x45,0x45,0x45,0x45,0x45,0x53,0x54,
0x5f,0x4e,0x53,0x5f,0x38,0x52,0x69,0x67,0x68,0x74,0x50,0x61,0x64,0x49,0x69,0x69,
0x4c,0x62,0x30,0x45,0x45,0x45,0x53,0x56,0x5f,0x4e,0x53,0x5f,0x37,0x55,0x6e,0x4d,
0x65,0x72,0x67,0x65,0x49,0x4e,0x53,0x34,0x5f,0x49,0x4a,0x69,0x4e,0x53,0x5f,0x31,
0x37,0x69,0x6e,0x74,0x65,0x67,0x72,0x61,0x6c,0x5f,0x63,0x6f,0x6e,0x73,0x74,0x61,
0x6e,0x74,0x49,0x69,0x4c,0x69,0x31,0x45,0x45,0x45,0x4e,0x53,0x58,0x5f,0x49,0x69,
0x4c,0x69,0x32,0x45,0x45,0x45,0x4e,0x53,0x58,0x5f,0x49,0x69,0x4c,0x69,0x38,0x45,
0x45,0x45,0x45,0x45,0x45,0x4c,0x62,0x30,0x45,0x45,0x45,0x4e,0x53,0x57,0x5f,0x49,
0x4e,0x53,0x34,0x5f,0x49,0x4a,0x69,0x4e,0x53,0x58,0x5f,0x49,0x69,0x4c,0x69,0x34,
0x45,0x45,0x45,0x4e,0x53,0x58,0x5f,0x49,0x69,0x4c,0x69,0x31,0x36,0x45,0x45,0x45,
0x45,0x45,0x45,0x4c,0x62,0x30,0x45,0x45,0x45,0x45,0x45,0x45,0x4e,0x53,0x34,0x5f,
0x49,0x4a,0x4e,0x53,0x42,0x5f,0x49,0x4a,0x4c,0x69,0x30,0x45,0x45,0x45,0x45,0x4e,
0x53,0x42,0x5f,0x49,0x4a,0x4c,0x69,0x31,0x45,0x45,0x45,0x45,0x4e,0x53,0x42,0x5f,
0x49,0x4a,0x4c,0x69,0x32,0x45,0x45,0x45,0x45,0x4e,0x53,0x42,0x5f,0x49,0x4a,0x4c,
0x69,0x33,0x45,0x45,0x45,0x45,0x4e,0x53,0x42,0x5f,0x49,0x4a,0x4c,0x69,0x34,0x45,
0x45,0x45,0x45,0x4e,0x53,0x42,0x5f,0x49,0x4a,0x4c,0x69,0x36,0x45,0x45,0x45,0x45,
0x4e,0x53,0x42,0x5f,0x49,0x4a,0x4c,0x69,0x35,0x45,0x45,0x45,0x45,0x45,0x45,0x45,
0x4e,0x53,0x34,0x5f,0x49,0x4a,0x4e,0x53,0x42,0x5f,0x49,0x4a,0x4c,0x69,0x31,0x45,
0x4c,0x69,0x32,0x45,0x45,0x45,0x45,0x53,0x31,0x42,0x5f,0x53,0x31,0x43,0x5f,0x53,
0x31,0x45,0x5f,0x53,0x31,0x44,0x5f,0x4e,0x53,0x42,0x5f,0x49,0x4a,0x4c,0x69,0x37,
0x45,0x4c,0x69,0x38,0x45,0x4c,0x69,0x39,0x45,0x4c,0x69,0x31,0x30,0x45,0x45,0x45,
0x45,0x4e,0x53,0x42,0x5f,0x49,0x4a,0x4c,0x69,0x31,0x31,0x45,0x4c,0x69,0x31,0x32,
0x45,0x4c,0x69,0x31,0x33,0x45,0x45,0x45,0x45,0x45,0x45,0x45,0x4e,0x53,0x42,0x5f,
0x49,0x4a,0x4c,0x69,0x37,0x45,0x4c,0x69,0x31,0x31,0x45,0x4c,0x69,0x31,0x32,0x45,
0x4c,0x69,0x38,0x45,0x4c,0x69,0x39,0x45,0x4c,0x69,0x31,0x33,0x45,0x4c,0x69,0x31,
0x30,0x45,0x45,0x45,0x45,0x78,0x45,0x45,0x4e,0x53,0x4e,0x5f,0x49,0x4e,0x53,0x34,
0x5f,0x49,0x4a,0x53,0x51,0x5f,0x53,0x54,0x5f,0x53,0x54,0x5f,0x53,0x56,0x5f,0x53,
0x56,0x5f,0x4e,0x53,0x57,0x5f,0x49,0x4e,0x53,0x34,0x5f,0x49,0x4a,0x69,0x53,0x31,
0x30,0x5f,0x45,0x45,0x45,0x4c,0x62,0x30,0x45,0x45,0x45,0x4e,0x53,0x5f,0x31,0x31,
0x50,0x61,0x73,0x73,0x54,0x68,0x72,0x6f,0x75,0x67,0x68,0x49,0x69,0x45,0x45,0x45,
0x45,0x45,0x53,0x31,0x46,0x5f,0x4e,0x53,0x34,0x5f,0x49,0x4a,0x53,0x31,0x47,0x5f,
0x53,0x31,0x42,0x5f,0x53,0x31,0x43,0x5f,0x53,0x31,0x45,0x5f,0x53,0x31,0x44,0x5f,
0x4e,0x53,0x42,0x5f,0x49,0x4a,0x4c,0x69,0x37,0x45,0x4c,0x69,0x38,0x45,0x45,0x45,
0x45,0x4e,0x53,0x42,0x5f,0x49,0x4a,0x4c,0x69,0x39,0x45,0x45,0x45,0x45,0x45,0x45,
0x45,0x4e,0x53,0x42,0x5f,0x49,0x4a,0x4c,0x69,0x37,0x45,0x4c,0x69,0x39,0x45,0x4c,
0x69,0x38,0x45,0x45,0x45,0x45,0x78,0x45,0x45,0x53,0x31,0x56,0x5f,0x4e,0x53,0x4e,
0x5f,0x49,0x4e,0x53,0x34,0x5f,0x49,0x4a,0x53,0x51,0x5f,0x53,0x54,0x5f,0x53,0x54,
0x5f,0x53,0x56,0x5f,0x53,0x56,0x5f,0x45,0x45,0x45,0x4e,0x53,0x34,0x5f,0x49,0x4a,
0x53,0x31,0x38,0x5f,0x53,0x31,0x39,0x5f,0x53,0x31,0x41,0x5f,0x53,0x31,0x42,0x5f,
0x53,0x31,0x43,0x5f,0x45,0x45,0x45,0x4e,0x53,0x34,0x5f,0x49,0x4a,0x53,0x31,0x47,
0x5f,0x53,0x31,0x42,0x5f,0x53,0x31,0x43,0x5f,0x53,0x31,0x45,0x5f,0x53,0x31,0x44,
0x5f,0x45,0x45,0x45,0x4e,0x53,0x42,0x5f,0x49,0x4a,0x4c,0x69,0x35,0x45,0x4c,0x69,
0x36,0x45,0x45,0x45,0x45,0x78,0x45,0x45,0x4c,0x69,0x36,0x34,0x45,0x4c,0x69,0x31,
0x32,0x38,0x45,0x4c,0x69,0x38,0x30,0x45,0x4c,0x69,0x38,0x45,0x4c,0x69,0x38,0x45,
0x4c,0x69,0x38,0x30,0x45,0x4c,0x69,0x36,0x34,0x45,0x4c,0x69,0x38,0x45,0x4c,0x69,
0x31,0x36,0x45,0x4c,0x69,0x31,0x36,0x45,0x4c,0x69,0x31,0x36,0x45,0x4c,0x69,0x31,
0x45,0x4c,0x69,0x38,0x45,0x4c,0x69,0x35,0x45,0x4c,0x69,0x31,0x32,0x38,0x45,0x53,
0x43,0x5f,0x53,0x44,0x5f,0x53,0x44,0x5f,0x4c,0x69,0x32,0x45,0x4c,0x69,0x38,0x45,
0x4c,0x69,0x38,0x45,0x4c,0x62,0x31,0x45,0x4c,0x62,0x30,0x45,0x4c,0x62,0x31,0x45,
0x53,0x43,0x5f,0x53,0x44,0x5f,0x53,0x44,0x5f,0x4c,0x69,0x32,0x45,0x4c,0x69,0x38,
0x45,0x4c,0x69,0x38,0x45,0x4c,0x62,0x31,0x45,0x4c,0x62,0x31,0x45,0x4c,0x62,0x31,
0x45,0x53,0x45,0x5f,0x53,0x46,0x5f,0x53,0x46,0x5f,0x4c,0x69,0x31,0x45,0x4c,0x69,
0x32,0x45,0x4c,0x69,0x31,0x45,0x4c,0x62,0x30,0x45,0x4c,0x62,0x31,0x45,0x4c,0x62,
0x30,0x45,0x4c,0x69,0x31,0x45,0x4c,0x69,0x31,0x45,0x53,0x47,0x5f,0x4c,0x69,0x38,
0x45,0x4c,0x62,0x31,0x45,0x4c,0x62,0x30,0x45,0x4c,0x69,0x31,0x45,0x4c,0x53,0x49,
0x5f,0x30,0x45,0x4c,0x53,0x4a,0x5f,0x30,0x45,0x45,0x45,0x44,0x46,0x31,0x36,0x5f,
0x44,0x46,0x31,0x36,0x5f,0x44,0x46,0x31,0x36,0x5f,0x44,0x46,0x31,0x36,0x5f,0x53,
0x37,0x5f,0x53,0x37,0x5f,0x53,0x38,0x5f,0x53,0x37,0x5f,0x53,0x37,0x5f,0x4c,0x62,
0x30,0x45,0x45,0x45,0x76,0x50,0x50,0x4b,0x54,0x31,0x5f,0x50,0x50,0x4b,0x54,0x32,
0x5f,0x50,0x50,0x4b,0x54,0x33,0x5f,0x50,0x50,0x54,0x34,0x5f,0x69,0x69,0x69,0x69,
0x69,0x69,0x69,0x66,0x2e,0x6b,0x64,0x00,0x5f,0x5f,0x68,0x69,0x70,0x5f,0x63,0x75,
0x69,0x64,0x5f,0x66,0x37,0x30,0x39,0x39,0x33,0x37,0x36,0x63,0x34,0x65,0x63,0x65,
0x38,0x37,0x62,0x00,0x00,0x00,0x00,0x00,0x00,0x00,0x00,0x00,0x00,0x00,0x00,0x00,
0x00,0x00,0x00,0x00,0x00,0x00,0x00,0x00,0x00,0x00,0x00,0x00,0x00,0x00,0x00,0x00,
0x00,0x00,0x00,0x00,0x00,0x00,0x00,0x00,0x00,0x00,0x00,0x00,0x00,0x00,0x00,0x00,
0x90,0x50,0x00,0x00,0x00,0x00,0x00,0x00,0x40,0x01,0x00,0x00,0x00,0x00,0x00,0x00,
0x40,0x16,0x00,0x00,0x00,0x00,0x00,0x00,0x00,0x00,0x00,0x00,0x00,0x00,0x00,0x00,
0x00,0x00,0x00,0x00,0x00,0x00,0x00,0x00,0x00,0x00,0x00,0x00,0x40,0x0d,0x00,0x00,
0x1e,0x00,0x0f,0xc0,0x84,0x00,0x00,0x00,0x08,0x04,0x00,0x00,0x00,0x00,0x00,0x00,
0x10,0x00,0x00,0x00,0x00,0x00,0x00,0x00,0x00,0x00,0x00,0x00,0x00,0x00,0x00,0x00,
0x00,0x00,0x00,0x00,0x00,0x00,0x00,0x00,0x00,0x00,0x00,0x00,0x00,0x00,0x00,0x00,
0x00,0x00,0x00,0x00,0x00,0x00,0x00,0x00,0xf0,0xff,0xff,0xff,0xff,0xff,0xff,0xff,
0xf0,0xff,0xff,0xff,0xff,0xff,0xff,0xff,0x00,0x00,0x00,0x00,0x00,0x00,0x00,0x00,
0x00,0x00,0x00,0x00,0x00,0x00,0x00,0x00,0x00,0x00,0x00,0x00,0x00,0x00,0x00,0x00,
0x10,0x00,0x00,0x00,0x00,0x00,0x00,0x00,0x00,0x00,0x00,0x00,0x00,0x00,0x00,0x00,
0x00,0x00,0x00,0x00,0x00,0x00,0x00,0x00,0x00,0x00,0x00,0x00,0x00,0x00,0x00,0x00,
0x00,0x00,0x00,0x00,0x00,0x00,0x00,0x00,0xf0,0xff,0xff,0xff,0xff,0xff,0xff,0xff,
0xf0,0xff,0xff,0xff,0xff,0xff,0xff,0xff,0x00,0x00,0x00,0x00,0x00,0x00,0x00,0x00,
0x00,0x00,0x00,0x00,0x00,0x00,0x00,0x00,0x00,0x00,0x00,0x00,0x00,0x00,0x00,0x00,
0x18,0x00,0x00,0x00,0x00,0x00,0x00,0x00,0x00,0x00,0x00,0x00,0x00,0x00,0x00,0x00,
0x00,0x00,0x00,0x00,0x00,0x00,0x00,0x00,0x00,0x00,0x00,0x00,0x00,0x00,0x00,0x00,
0x00,0x00,0x00,0x00,0x00,0x00,0x00,0x00,0xe8,0xff,0xff,0xff,0xff,0xff,0xff,0xff,
0xe8,0xff,0xff,0xff,0xff,0xff,0xff,0xff,0x00,0x00,0x00,0x00,0x00,0x00,0x00,0x00,
0x00,0x00,0x00,0x00,0x00,0x00,0x00,0x00,0x00,0x00,0x00,0x00,0x00,0x00,0x00,0x00,
0x18,0x00,0x00,0x00,0x00,0x00,0x00,0x00,0x00,0x00,0x00,0x00,0x00,0x00,0x00,0x00,
0x00,0x00,0x00,0x00,0x00,0x00,0x00,0x00,0x00,0x00,0x00,0x00,0x00,0x00,0x00,0x00,
0x00,0x00,0x00,0x00,0x00,0x00,0x00,0x00,0xe8,0xff,0xff,0xff,0xff,0xff,0xff,0xff,
0xe8,0xff,0xff,0xff,0xff,0xff,0xff,0xff,0x00,0x00,0x00,0x00,0x00,0x00,0x00,0x00,
0x00,0x00,0x00,0x00,0x00,0x00,0x00,0x00,0x00,0x00,0x00,0x00,0x00,0x00,0x00,0x00,
0x20,0x00,0x00,0x00,0x00,0x00,0x00,0x00,0x00,0x00,0x00,0x00,0x00,0x00,0x00,0x00,
0x00,0x00,0x00,0x00,0x00,0x00,0x00,0x00,0x00,0x00,0x00,0x00,0x00,0x00,0x00,0x00,
0x00,0x00,0x00,0x00,0x00,0x00,0x00,0x00,0x20,0x00,0x00,0x00,0x00,0x00,0x00,0x00,
0x00,0x00,0x00,0x00,0x00,0x00,0x00,0x00,0x00,0x00,0x00,0x00,0x00,0x00,0x00,0x00,
0x00,0x00,0x00,0x00,0x00,0x00,0x00,0x00,0x00,0x00,0x00,0x00,0x00,0x00,0x00,0x00,
0x10,0x00,0x00,0x00,0x00,0x00,0x00,0x00,0xf0,0xff,0xff,0xff,0xff,0xff,0xff,0xff,
0x00,0x00,0x00,0x00,0x00,0x00,0x00,0x00,0x00,0x00,0x00,0x00,0x00,0x00,0x00,0x00,
0x00,0x00,0x00,0x00,0x00,0x00,0x00,0x00,0xe0,0xff,0xff,0xff,0xff,0xff,0xff,0xff,
0xe0,0xff,0xff,0xff,0xff,0xff,0xff,0xff,0x00,0x00,0x00,0x00,0x00,0x00,0x00,0x00,
0x00,0x00,0x00,0x00,0x00,0x00,0x00,0x00,0x00,0x00,0x00,0x00,0x00,0x00,0x00,0x00,
0x20,0x00,0x00,0x00,0x00,0x00,0x00,0x00,0x00,0x00,0x00,0x00,0x00,0x00,0x00,0x00,
0x00,0x00,0x00,0x00,0x00,0x00,0x00,0x00,0x00,0x00,0x00,0x00,0x00,0x00,0x00,0x00,
0x00,0x00,0x00,0x00,0x00,0x00,0x00,0x00,0xe0,0xff,0xff,0xff,0xff,0xff,0xff,0xff,
0xe0,0xff,0xff,0xff,0xff,0xff,0xff,0xff,0x00,0x00,0x00,0x00,0x00,0x00,0x00,0x00,
0x00,0x00,0x00,0x00,0x00,0x00,0x00,0x00,0x00,0x00,0x00,0x00,0x00,0x00,0x00,0x00,
0x10,0x00,0x00,0x00,0x00,0x00,0x00,0x00,0x00,0x00,0x00,0x00,0x00,0x00,0x00,0x00,
0x00,0x00,0x00,0x00,0x00,0x00,0x00,0x00,0x00,0x00,0x00,0x00,0x00,0x00,0x00,0x00,
0x00,0x00,0x00,0x00,0x00,0x00,0x00,0x00,0xf0,0xff,0xff,0xff,0xff,0xff,0xff,0xff,
0xf0,0xff,0xff,0xff,0xff,0xff,0xff,0xff,0x00,0x00,0x00,0x00,0x00,0x00,0x00,0x00,
0x00,0x00,0x00,0x00,0x00,0x00,0x00,0x00,0x00,0x00,0x00,0x00,0x00,0x00,0x00,0x00,
0x20,0x00,0x00,0x00,0x00,0x00,0x00,0x00,0x00,0x00,0x00,0x00,0x00,0x00,0x00,0x00,
0x00,0x00,0x00,0x00,0x00,0x00,0x00,0x00,0x00,0x00,0x00,0x00,0x00,0x00,0x00,0x00,
0x00,0x00,0x00,0x00,0x00,0x00,0x00,0x00,0x20,0x00,0x00,0x00,0x00,0x00,0x00,0x00,
0x00,0x00,0x00,0x00,0x00,0x00,0x00,0x00,0x00,0x00,0x00,0x00,0x00,0x00,0x00,0x00,
0x00,0x00,0x00,0x00,0x00,0x00,0x00,0x00,0x00,0x00,0x00,0x00,0x00,0x00,0x00,0x00,
0x10,0x00,0x00,0x00,0x00,0x00,0x00,0x00,0xf0,0xff,0xff,0xff,0xff,0xff,0xff,0xff,
0x00,0x00,0x00,0x00,0x00,0x00,0x00,0x00,0x00,0x00,0x00,0x00,0x00,0x00,0x00,0x00,
0x00,0x00,0x00,0x00,0x00,0x00,0x00,0x00,0xe0,0xff,0xff,0xff,0xff,0xff,0xff,0xff,
0xe0,0xff,0xff,0xff,0xff,0xff,0xff,0xff,0x00,0x00,0x00,0x00,0x00,0x00,0x00,0x00,
0x00,0x00,0x00,0x00,0x00,0x00,0x00,0x00,0x00,0x00,0x00,0x00,0x00,0x00,0x00,0x00,
0x20,0x00,0x00,0x00,0x00,0x00,0x00,0x00,0x00,0x00,0x00,0x00,0x00,0x00,0x00,0x00,
0x00,0x00,0x00,0x00,0x00,0x00,0x00,0x00,0x00,0x00,0x00,0x00,0x00,0x00,0x00,0x00,
0x00,0x00,0x00,0x00,0x00,0x00,0x00,0x00,0xe0,0xff,0xff,0xff,0xff,0xff,0xff,0xff,
0xe0,0xff,0xff,0xff,0xff,0xff,0xff,0xff,0x00,0x00,0x00,0x00,0x00,0x00,0x00,0x00,
0x00,0x00,0x00,0x00,0x00,0x00,0x00,0x00,0x00,0x00,0x00,0x00,0x00,0x00,0x00,0x00,
0x10,0x00,0x00,0x00,0x00,0x00,0x00,0x00,0x00,0x00,0x00,0x00,0x00,0x00,0x00,0x00,
0x00,0x00,0x00,0x00,0x00,0x00,0x00,0x00,0x00,0x00,0x00,0x00,0x00,0x00,0x00,0x00,
0x00,0x00,0x00,0x00,0x00,0x00,0x00,0x00,0xf0,0xff,0xff,0xff,0xff,0xff,0xff,0xff,
0xf0,0xff,0xff,0xff,0xff,0xff,0xff,0xff,0x00,0x00,0x00,0x00,0x00,0x00,0x00,0x00,
0x00,0x00,0x00,0x00,0x00,0x00,0x00,0x00,0x00,0x00,0x00,0x00,0x00,0x00,0x00,0x00,
0x40,0x00,0x00,0x00,0x80,0x00,0x00,0x00,0x50,0x00,0x00,0x00,0x50,0x00,0x00,0x00,
0x00,0x00,0x00,0x00,0x00,0x00,0x00,0x00,0x00,0x00,0x00,0x00,0x00,0x00,0x00,0x00,
0x00,0x00,0x00,0x00,0x00,0x00,0x00,0x00,0x00,0x00,0x00,0x00,0x00,0x00,0x00,0x00,
0x00,0x00,0x00,0x00,0x00,0x00,0x00,0x00,0x00,0x00,0x00,0x00,0x00,0x00,0x00,0x00,
0x00,0x00,0x9f,0xbf,0x00,0x00,0x9f,0xbf,0x00,0x00,0x9f,0xbf,0x00,0x00,0x9f,0xbf,
0x00,0x00,0x9f,0xbf,0x00,0x00,0x9f,0xbf,0x00,0x00,0x9f,0xbf,0x00,0x00,0x9f,0xbf,
0x00,0x00,0x9f,0xbf,0x00,0x00,0x9f,0xbf,0x00,0x00,0x9f,0xbf,0x00,0x00,0x9f,0xbf,
0x00,0x00,0x9f,0xbf,0x00,0x00,0x9f,0xbf,0x00,0x00,0x9f,0xbf,0x00,0x00,0x9f,0xbf,
0x00,0x00,0x9f,0xbf,0x00,0x00,0x9f,0xbf,0x00,0x00,0x9f,0xbf,0x00,0x00,0x9f,0xbf,
0x00,0x00,0x9f,0xbf,0x00,0x00,0x9f,0xbf,0x00,0x00,0x9f,0xbf,0x00,0x00,0x9f,0xbf,
0x00,0x00,0x9f,0xbf,0x00,0x00,0x9f,0xbf,0x00,0x00,0x9f,0xbf,0x00,0x00,0x9f,0xbf,
0x00,0x00,0x9f,0xbf,0x00,0x00,0x9f,0xbf,0x00,0x00,0x9f,0xbf,0x00,0x00,0x9f,0xbf,
0x00,0x00,0x9f,0xbf,0x00,0x00,0x9f,0xbf,0x00,0x00,0x9f,0xbf,0x00,0x00,0x9f,0xbf,
0x00,0x00,0x9f,0xbf,0x00,0x00,0x9f,0xbf,0x00,0x00,0x9f,0xbf,0x00,0x00,0x9f,0xbf,
0x00,0x00,0x9f,0xbf,0x00,0x00,0x9f,0xbf,0x00,0x00,0x9f,0xbf,0x00,0x00,0x9f,0xbf,
0x00,0x00,0x9f,0xbf,0x00,0x00,0x9f,0xbf,0x00,0x00,0x9f,0xbf,0x00,0x00,0x9f,0xbf,
0x00,0x00,0x9f,0xbf,0x00,0x00,0x9f,0xbf,0x00,0x00,0x9f,0xbf,0x00,0x00,0x9f,0xbf,
0x00,0x00,0x9f,0xbf,0x00,0x00,0x9f,0xbf,0x00,0x00,0x9f,0xbf,0x00,0x00,0x9f,0xbf,
0x00,0x00,0x9f,0xbf,0x00,0x00,0x9f,0xbf,0x00,0x00,0x9f,0xbf,0x00,0x00,0x9f,0xbf,
0x00,0x00,0x9f,0xbf,0x00,0x00,0x9f,0xbf,0x00,0x00,0x9f,0xbf,0x00,0x00,0x9f,0xbf,
0x00,0x00,0x9f,0xbf,0x00,0x00,0x9f,0xbf,0x00,0x00,0x9f,0xbf,0x00,0x00,0x9f,0xbf,
0x00,0x00,0x9f,0xbf,0x00,0x00,0x9f,0xbf,0x00,0x00,0x9f,0xbf,0x00,0x00,0x9f,0xbf,
0x00,0x00,0x9f,0xbf,0x00,0x00,0x9f,0xbf,0x00,0x00,0x9f,0xbf,0x00,0x00,0x9f,0xbf,
0x00,0x00,0x9f,0xbf,0x00,0x00,0x9f,0xbf,0x00,0x00,0x9f,0xbf,0x00,0x00,0x9f,0xbf,
0x00,0x00,0x9f,0xbf,0x00,0x00,0x9f,0xbf,0x00,0x00,0x9f,0xbf,0x00,0x00,0x9f,0xbf,
0x00,0x00,0x9f,0xbf,0x00,0x00,0x9f,0xbf,0x00,0x00,0x9f,0xbf,0x00,0x00,0x9f,0xbf,
0x00,0x00,0x9f,0xbf,0x00,0x00,0x9f,0xbf,0x00,0x00,0x9f,0xbf,0x00,0x00,0x9f,0xbf,
0x00,0x00,0x9f,0xbf,0x00,0x00,0x9f,0xbf,0x00,0x00,0x9f,0xbf,0x00,0x00,0x9f,0xbf,
0x00,0x00,0x00,0x00,0x00,0x00,0x00,0x00,0x00,0x00,0x00,0x00,0x00,0x00,0x00,0x00,
0x00,0x00,0x00,0x00,0x00,0x00,0x00,0x00,0x00,0x00,0x00,0x00,0x00,0x00,0x00,0x00,
0x00,0x00,0x00,0x00,0x00,0x00,0x00,0x00,0x00,0x00,0x00,0x00,0x00,0x00,0x00,0x00,
0x00,0x00,0x00,0x00,0x00,0x00,0x00,0x00,0x00,0x00,0x00,0x00,0x00,0x00,0x00,0x00,
0x00,0x00,0x00,0x00,0x00,0x00,0x00,0x00,0x00,0x00,0x00,0x00,0x00,0x00,0x00,0x00,
0x00,0x00,0x00,0x00,0x00,0x00,0x00,0x00,0x00,0x00,0x00,0x00,0x00,0x00,0x00,0x00,
0x00,0x00,0x00,0x00,0x00,0x00,0x00,0x00,0x00,0x00,0x00,0x00,0x00,0x00,0x00,0x00,
0x00,0x00,0x00,0x00,0x00,0x00,0x00,0x00,0x00,0x00,0x00,0x00,0x00,0x00,0x00,0x00,
0x00,0x47,0x82,0xbe,0x03,0x0f,0x83,0xbe,0x02,0xff,0x02,0x80,0xbc,0xed,0xff,0xff,
0x03,0xff,0x03,0x82,0xff,0xff,0xff,0xff,0x01,0x00,0x85,0xbf,0x00,0x61,0x00,0xf4,
0x00,0x00,0x00,0xf8,0x00,0x72,0x00,0xf4,0x20,0x00,0x00,0xf8,0x01,0x43,0x00,0xf4,
0x00,0x00,0x00,0xf8,0x80,0x00,0x91,0xbe,0xc1,0x00,0x82,0xbe,0x11,0x00,0x97,0xbe,
0x11,0x00,0x95,0xbe,0x11,0x00,0x99,0xbe,0x11,0x00,0x93,0xbe,0x11,0x00,0x9f,0xbe,
0x11,0x00,0xdd,0xbe,0x00,0x00,0xc7,0xbf,0x4d,0x00,0xdc,0xbe,0x0c,0x9f,0x03,0x86,
0x48,0x0c,0x21,0x81,0x0c,0x03,0x0c,0x81,0x0e,0x9f,0x10,0x86,0x0c,0x03,0x2d,0x8d,
0x0d,0x9f,0x12,0x86,0x2d,0x65,0x83,0xbe,0x4a,0x0e,0x2b,0x81,0x49,0x0d,0x29,0x81,
0x0e,0x10,0x0e,0x81,0x0d,0x12,0x0d,0x81,0x0f,0x15,0xa8,0xbe,0x0e,0x10,0x2c,0x8d,
0x0d,0x12,0x2a,0x8d,0x03,0x56,0x02,0x7e,0x2c,0x65,0x8c,0xbe,0x2a,0x65,0x8d,0xbe,
0x28,0x65,0x8e,0xbe,0x80,0x2d,0x83,0x81,0x0c,0x56,0x04,0x7e,0x0d,0x56,0x06,0x7e,
0x0e,0x56,0x08,0x7e,0x80,0x2c,0x8c,0x81,0x80,0x2a,0x9a,0x81,0x01,0x05,0x1a,0x7e,
0x4b,0x0f,0x26,0x81,0x21,0xc1,0x21,0x81,0x2b,0xc1,0x2b,0x81,0x29,0xc1,0x29,0x81,
0x0d,0xff,0x0d,0xa2,0xfe,0xff,0x7f,0x4f,0x02,0x05,0x1c,0x7e,0x03,0x05,0x2c,0x7e,
0x04,0x05,0x30,0x7e,0xfe,0xff,0x88,0xbf,0x0d,0x67,0x8d,0xbe,0x26,0xc1,0x26,0x81,
0x0e,0xff,0x0e,0xa2,0xfe,0xff,0x7f,0x4f,0x16,0xff,0x16,0xa2,0xfe,0xff,0x7f,0x4f,
0x18,0xff,0x18,0xa2,0xfe,0xff,0x7f,0x4f,0xfe,0xff,0x88,0xbf,0x03,0x0d,0x03,0x96,
0x0e,0x67,0x8e,0xbe,0x16,0x67,0x9b,0xbe,0x18,0x67,0x9c,0xbe,0xfe,0xff,0x88,0xbf,
0x0d,0x03,0x83,0x96,0x0c,0x0e,0x0c,0x96,0xfe,0xff,0x88,0xbf,0x0d,0x03,0x16,0x81,
0x80,0x28,0x83,0x81,0x1a,0x1b,0x1a,0x96,0xfe,0xff,0x88,0xbf,0x03,0x1c,0x03,0x96,
0x0e,0x0c,0x8c,0x96,0x1b,0x1a,0x9a,0x96,0xfe,0xff,0x88,0xbf,0x1c,0x03,0x83,0x96,
0x21,0x15,0x90,0xbe,0x2b,0x15,0x94,0xbe,0x29,0x15,0x92,0xbe,0x0e,0x0c,0x18,0x81,
0x1b,0x1a,0x1e,0x81,0x26,0x15,0x8c,0xbe,0xfe,0xff,0x88,0xbf,0x1c,0x03,0x0e,0x81,
0x4d,0x80,0x02,0xbf,0x11,0x00,0x8d,0xbe,0x11,0x00,0x8f,0xbe,0xc1,0x80,0x22,0x98,
0x4d,0x81,0x04,0xbf,0xb3,0x00,0xa2,0xbf,0x02,0x81,0x02,0x81,0xfe,0xff,0x88,0xbf,
0x02,0xa0,0x0a,0xbf,0xc1,0x80,0x03,0x98,0x81,0x02,0x1a,0x84,0x09,0x00,0x87,0xbf,
0x1a,0x5c,0x0a,0xbf,0xc1,0x80,0x1a,0x98,0xfe,0xff,0x88,0xbf,0x03,0x1a,0x03,0x8b,
0xfe,0xff,0x88,0xbf,0x7e,0x03,0x6a,0x8b,0xf3,0xff,0xa4,0xbf,0x81,0x02,0x82,0x84,
0xfe,0xff,0x88,0xbf,0x02,0x5c,0x83,0x81,0x80,0x00,0x82,0xbe,0xfe,0xff,0x88,0xbf,
0x02,0x80,0x11,0xbf,0x15,0x1a,0xa1,0xbf,0x5c,0x65,0x9a,0xbe,0xff,0x00,0x9b,0xbe,
0x00,0x00,0x80,0x4f,0x80,0x5c,0x1c,0xaa,0x02,0x00,0xa5,0xbe,0x1b,0x1a,0x1a,0xa3,
0x00,0x00,0x00,0x00,0x02,0x00,0xb1,0xbe,0x9a,0x02,0x87,0xbf,0x1a,0x00,0x84,0xd6,
0x1a,0x00,0x00,0x00,0x1a,0xff,0x1a,0xa2,0xfc,0xff,0x7f,0x5f,0xfe,0xff,0x88,0xbf,
0x2a,0x05,0x87,0xbf,0x1a,0xff,0x1b,0xa2,0x00,0x00,0x80,0x2f,0xfe,0xff,0x88,0xbf,
0x1b,0x62,0x9b,0xbe,0xfe,0xff,0x88,0xbf,0xba,0x04,0x87,0xbf,0x1b,0x1a,0x1a,0xa3,
0x00,0x00,0x80,0xcf,0x1b,0x67,0x9b,0xbe,0xfe,0xff,0x88,0xbf,0x1a,0x67,0x9a,0xbe,
0xfe,0xff,0x88,0xbf,0x9a,0x04,0x87,0xbf,0x1c,0x1a,0xae,0xaa,0x1a,0x2f,0xb3,0x96,
0x1a,0x2f,0x32,0x96,0x1a,0x2e,0xa4,0x96,0x1b,0x2e,0x27,0x96,0x24,0x32,0xa4,0xa9,
0x1b,0x2e,0xa3,0x96,0x1b,0x2f,0xb4,0x96,0x24,0x27,0x24,0x80,0x25,0x23,0x30,0x82,
0x1b,0x2f,0x2e,0x96,0x34,0x80,0x2f,0x82,0x09,0x00,0x87,0xbf,0x30,0x2e,0xa4,0xa9,
0x02,0x00,0xaf,0xbe,0x01,0x23,0x00,0xd7,0x1a,0x48,0x00,0x00,0x23,0x80,0x07,0xbf,
0x1b,0x25,0x1b,0x82,0x01,0x05,0x34,0x7e,0x02,0x00,0xa5,0xbe,0xfe,0xff,0x88,0xbf,
0x1c,0x1a,0x9c,0xaa,0x09,0x00,0x87,0xbf,0x1a,0x1d,0xb1,0x96,0x1a,0x1d,0x30,0x96,
0x1a,0x1c,0xa4,0x96,0x1b,0x1c,0x27,0x96,0xfe,0xff,0x88,0xbf,0x24,0x30,0xa4,0xa9,
0x1b,0x1c,0xa3,0x96,0x1b,0x1d,0x9a,0x96,0x1b,0x1d,0x1c,0x96,0xfe,0xff,0x88,0xbf,
0x24,0x27,0x1d,0x80,0x25,0x23,0x2e,0x82,0x1a,0x80,0x1d,0x82,0x02,0x00,0xa5,0xbe,
0x2e,0x1c,0x9c,0xa9,0x09,0x00,0x87,0xbf,0x01,0x1a,0x00,0xd7,0x01,0x39,0x00,0x00,
0x1a,0x80,0x07,0xbf,0x1b,0x1d,0x1c,0x82,0x01,0x05,0x3a,0x7e,0xfe,0xff,0x88,0xbf,
0x80,0x1c,0x9b,0x96,0x1c,0x80,0x1a,0x96,0x03,0x1c,0xa3,0x96,0x03,0x1c,0x1c,0x96,
0x80,0x1d,0xa4,0x96,0x03,0x1d,0x27,0x96,0xfe,0xff,0x88,0xbf,0x24,0x1a,0x9a,0xa9,
0x03,0x1d,0x9d,0x96,0xfe,0xff,0x88,0xbf,0x1a,0x27,0x1a,0x80,0x1b,0x1d,0x2e,0x82,
0x23,0x80,0x1d,0x82,0xfe,0xff,0x88,0xbf,0x2e,0x1c,0x9a,0xa9,0xfe,0xff,0x88,0xbf,
0x5c,0x1a,0x9c,0xaa,0x1a,0x82,0xa4,0xa9,0xfe,0xff,0x88,0xbf,0x01,0x1c,0x01,0xd7,
0x80,0x38,0x00,0x00,0x1c,0x80,0x07,0xbf,0x03,0x1d,0x83,0x82,0x02,0x23,0x01,0xd7,
0x01,0xb9,0x00,0x00,0x23,0x80,0x07,0xbf,0xfe,0xff,0x88,0xbf,0x03,0x80,0xa3,0x82,
0x02,0x05,0x38,0x7e,0x1c,0x5c,0x09,0xbf,0x1a,0x81,0x9c,0xa9,0xc1,0x80,0x1d,0x98,
0x23,0x80,0x06,0xbf,0x01,0x05,0x46,0x7e,0xfe,0xff,0x88,0xbf,0x1d,0xc1,0x1d,0x98,
0xfe,0xff,0x88,0xbf,0x1d,0x80,0x07,0xbf,0x24,0x1c,0x1b,0x98,0x23,0x5c,0x09,0xbf,
0xc1,0x80,0x1c,0x98,0x03,0x80,0x06,0xbf,0xfe,0xff,0x88,0xbf,0x1c,0xc1,0x03,0x98,
0xfe,0xff,0x88,0xbf,0x03,0x80,0x07,0xbf,0x1b,0x1a,0x1a,0x98,0x7e,0x02,0x6a,0x91,
0x20,0x00,0xa4,0xbf,0x5c,0x0c,0x02,0x7e,0x80,0x5c,0x83,0x81,0x91,0x02,0x87,0xbf,
0x01,0x57,0x02,0x7e,0xff,0x02,0x02,0x10,0xfe,0xff,0x7f,0x4f,0x91,0x00,0x87,0xbf,
0x01,0x0f,0x02,0x7e,0x01,0x05,0x04,0x7e,0xfe,0xff,0x88,0xbf,0x03,0x02,0x03,0x96,
0xfe,0xff,0x88,0xbf,0x02,0x03,0x83,0x96,0xfe,0xff,0x88,0xbf,0x02,0x03,0x02,0x81,
0xfe,0xff,0x88,0xbf,0x80,0x02,0x82,0x96,0xfe,0xff,0x88,0xbf,0x02,0x5c,0x03,0x96,
0x02,0x81,0x1a,0x81,0xfe,0xff,0x88,0xbf,0x80,0x03,0x83,0x81,0xfe,0xff,0x88,0xbf,
0x03,0x5c,0x9b,0x81,0x03,0x5c,0x09,0xbf,0x1a,0x02,0x02,0x98,0xfe,0xff,0x88,0xbf,
0x1b,0x03,0x03,0x98,0x02,0x81,0x1a,0x81,0xfe,0xff,0x88,0xbf,0x03,0x5c,0x09,0xbf,
0x1a,0x02,0x1a,0x98,0xfe,0xff,0x88,0xbf,0x1a,0x81,0x02,0x81,0x80,0x00,0x83,0xbe,
0x01,0x00,0xa0,0xbf,0x80,0x01,0x82,0xbe,0x01,0x00,0x01,0xd5,0x80,0x02,0x89,0x00,
0x21,0x9f,0x27,0x86,0x10,0x16,0x9c,0xaa,0x14,0x18,0x9a,0xaa,0x12,0x1e,0x98,0xaa,
0xfe,0xff,0x88,0xbf,0x0c,0x0e,0x96,0xaa,0x2b,0x9f,0x11,0x86,0x29,0x9f,0x0d,0x86,
0x26,0x9f,0x15,0x86,0x7e,0x22,0x6a,0x91,0x0f,0x00,0xa4,0xbf,0xc1,0x00,0x96,0xbe,
0x99,0x04,0x87,0xbf,0x16,0x81,0x16,0x81,0x16,0xa0,0x0a,0xbf,0xc1,0x80,0x0e,0x98,
0x81,0x16,0x0f,0x84,0xfe,0xff,0x88,0xbf,0x0f,0x5c,0x0a,0xbf,0xc1,0x80,0x0f,0x98,
0xfe,0xff,0x88,0xbf,0x0e,0x0f,0x0e,0x8b,0xfe,0xff,0x88,0xbf,0x7e,0x0e,0x6a,0x8b,
0xf3,0xff,0xa4,0xbf,0x01,0x00,0xa0,0xbf,0x80,0x00,0x96,0xbe,0x4e,0x80,0x02,0xbf,
0x80,0x00,0x9f,0xbe,0xc1,0x80,0x13,0x98,0x4e,0x81,0x04,0xbf,0x4e,0x00,0x9e,0xbe,
0x63,0x02,0xa2,0xbf,0xc1,0x00,0x8e,0xbe,0xfe,0xff,0x88,0xbf,0x0e,0x81,0x0e,0x81,
0xfe,0xff,0x88,0xbf,0x0e,0xa0,0x0a,0xbf,0xc1,0x80,0x0f,0x98,0x81,0x0e,0x18,0x84,
0x09,0x00,0x87,0xbf,0x18,0x4e,0x0a,0xbf,0xc1,0x80,0x18,0x98,0xfe,0xff,0x88,0xbf,
0x0f,0x18,0x0f,0x8b,0xfe,0xff,0x88,0xbf,0x7e,0x0f,0x6a,0x8b,0xf2,0xff,0xa4,0xbf,
0x81,0x0e,0x8e,0x84,0xfe,0xff,0x88,0xbf,0x0e,0x1e,0x8f,0x81,0x80,0x00,0x8e,0xbe,
0xfe,0xff,0x88,0xbf,0x0e,0x80,0x11,0xbf,0x3d,0x19,0xa1,0xbf,0x1e,0x65,0x98,0xbe,
0xff,0x00,0x9a,0xbe,0x00,0x00,0x80,0x4f,0x80,0x1e,0x24,0xaa,0x0e,0x00,0xaf,0xbe,
0xfe,0xff,0x88,0xbf,0x1a,0x18,0x18,0xa3,0x00,0x00,0x00,0x00,0x0e,0x00,0xb3,0xbe,
0x9a,0x02,0x87,0xbf,0x18,0x00,0x84,0xd6,0x18,0x00,0x00,0x00,0x18,0xff,0x18,0xa2,
0xfc,0xff,0x7f,0x5f,0xfe,0xff,0x88,0xbf,0x2a,0x05,0x87,0xbf,0x18,0xff,0x1a,0xa2,
0x00,0x00,0x80,0x2f,0xfe,0xff,0x88,0xbf,0x1a,0x62,0x9a,0xbe,0xfe,0xff,0x88,0xbf,
0xba,0x04,0x87,0xbf,0x1a,0x18,0x18,0xa3,0x00,0x00,0x80,0xcf,0x1a,0x67,0xa3,0xbe,
0xfe,0xff,0x88,0xbf,0x18,0x67,0xa2,0xbe,0xfe,0xff,0x88,0xbf,0x9a,0x04,0x87,0xbf,
0x24,0x22,0xb0,0xaa,0x22,0x31,0xb5,0x96,0x22,0x31,0x34,0x96,0x22,0x30,0xae,0x96,
0x23,0x30,0x1a,0x96,0x2e,0x34,0xae,0xa9,0x23,0x30,0x98,0x96,0x23,0x31,0x9c,0x96,
0xfe,0xff,0x88,0xbf,0x2e,0x1a,0x1a,0x80,0x2f,0x18,0x32,0x82,0x23,0x31,0x30,0x96,
0x1c,0x80,0x31,0x82,0x09,0x00,0x87,0xbf,0x32,0x30,0xae,0xa9,0x0e,0x00,0xb1,0xbe,
0x02,0x18,0x00,0xd7,0x22,0x5c,0x00,0x00,0x18,0x80,0x07,0xbf,0x23,0x2f,0x23,0x82,
0x02,0x05,0x44,0x7e,0x0e,0x00,0xaf,0xbe,0xfe,0xff,0x88,0xbf,0x24,0x22,0xa4,0xaa,
0xfe,0xff,0x88,0xbf,0x22,0x25,0xb3,0x96,0x22,0x25,0x32,0x96,0x22,0x24,0xae,0x96,
0x23,0x24,0x1a,0x96,0xfe,0xff,0x88,0xbf,0x2e,0x32,0xae,0xa9,0x23,0x24,0x98,0x96,
0x23,0x25,0x9c,0x96,0xfe,0xff,0x88,0xbf,0x2e,0x1a,0x1a,0x80,0x2f,0x18,0x30,0x82,
0x23,0x25,0x24,0x96,0x1c,0x80,0x25,0x82,0x0e,0x00,0xaf,0xbe,0xfe,0xff,0x88,0xbf,
0x30,0x24,0xa4,0xa9,0xfe,0xff,0x88,0xbf,0x02,0x18,0x00,0xd7,0x02,0x49,0x00,0x00,
0x18,0x80,0x07,0xbf,0x23,0x25,0x18,0x82,0x02,0x05,0x34,0x7e,0xfe,0xff,0x88,0xbf,
0x80,0x18,0xa3,0x96,0x18,0x80,0x22,0x96,0x0f,0x18,0x9c,0x96,0x0f,0x18,0x24,0x96,
0x80,0x1a,0xae,0x96,0x0f,0x1a,0x18,0x96,0xfe,0xff,0x88,0xbf,0x2e,0x22,0xa2,0xa9,
0x0f,0x1a,0x9a,0x96,0xfe,0xff,0x88,0xbf,0x22,0x18,0x18,0x80,0x23,0x1a,0x30,0x82,
0x1c,0x80,0x25,0x82,0xfe,0xff,0x88,0xbf,0x30,0x24,0xa2,0xa9,0xfe,0xff,0x88,0xbf,
0x1e,0x22,0xa4,0xaa,0x22,0x82,0xae,0xa9,0xfe,0xff,0x88,0xbf,0x02,0x18,0x01,0xd7,
0x80,0x48,0x00,0x00,0x18,0x80,0x07,0xbf,0x0f,0x25,0x8f,0x82,0x03,0x1a,0x01,0xd7,
0x02,0x3d,0x00,0x00,0x1a,0x80,0x07,0xbf,0x22,0x81,0xa4,0xa9,0xfe,0xff,0x88,0xbf,
0x0f,0x80,0x9a,0x82,0x03,0x05,0x30,0x7e,0x18,0x1e,0x09,0xbf,0xc1,0x80,0x18,0x98,
0xfe,0xff,0x88,0xbf,0x1a,0x80,0x06,0xbf,0x02,0x05,0x34,0x7e,0x18,0xc1,0x18,0x98,
0xfe,0xff,0x88,0xbf,0x18,0x80,0x07,0xbf,0x2e,0x24,0x18,0x98,0x1a,0x1e,0x09,0xbf,
0xc1,0x80,0x1a,0x98,0x0f,0x80,0x06,0xbf,0xfe,0xff,0x88,0xbf,0x1a,0xc1,0x0f,0x98,
0xfe,0xff,0x88,0xbf,0x0f,0x80,0x07,0xbf,0x18,0x22,0x22,0x98,0x7e,0x0e,0x6a,0x91,
0x20,0x00,0xa4,0xbf,0x1e,0x0c,0x04,0x7e,0x80,0x1e,0x8f,0x81,0x91,0x02,0x87,0xbf,
0x02,0x57,0x04,0x7e,0xff,0x04,0x04,0x10,0xfe,0xff,0x7f,0x4f,0x91,0x00,0x87,0xbf,
0x02,0x0f,0x04,0x7e,0x02,0x05,0x1c,0x7e,0xfe,0xff,0x88,0xbf,0x0f,0x0e,0x0f,0x96,
0xfe,0xff,0x88,0xbf,0x0e,0x0f,0x8f,0x96,0xfe,0xff,0x88,0xbf,0x0e,0x0f,0x0e,0x81,
0xfe,0xff,0x88,0xbf,0x80,0x0e,0x8e,0x96,0xfe,0xff,0x88,0xbf,0x0e,0x1e,0x0f,0x96,
0x0e,0x81,0x18,0x81,0xfe,0xff,0x88,0xbf,0x80,0x0f,0x8f,0x81,0xfe,0xff,0x88,0xbf,
0x0f,0x1e,0x9a,0x81,0x0f,0x1e,0x09,0xbf,0x18,0x0e,0x0e,0x98,0xfe,0xff,0x88,0xbf,
0x1a,0x0f,0x0f,0x98,0x0e,0x81,0x18,0x81,0xfe,0xff,0x88,0xbf,0x0f,0x1e,0x09,0xbf,
0x18,0x0e,0x22,0x98,0xfe,0xff,0x88,0xbf,0x22,0x81,0x0e,0x81,0x80,0x00,0x8f,0xbe,
0x02,0x00,0x01,0xd5,0x80,0x02,0x4d,0x00,0x7e,0x13,0x6a,0x91,0xad,0x01,0xa4,0xbf,
0xc1,0x00,0x98,0xbe,0xfe,0xff,0x88,0xbf,0x18,0x81,0x18,0x81,0xfe,0xff,0x88,0xbf,
0x18,0xa0,0x0a,0xbf,0xc1,0x80,0x13,0x98,0x81,0x18,0x1a,0x84,0xfe,0xff,0x88,0xbf,
0x1a,0x4e,0x0a,0xbf,0xc1,0x80,0x1a,0x98,0xfe,0xff,0x88,0xbf,0x13,0x1a,0x13,0x8b,
0xfe,0xff,0x88,0xbf,0x7e,0x13,0x6a,0x8b,0xf2,0xff,0xa4,0xbf,0x81,0x04,0x9a,0x7c,
0xa0,0x01,0xa4,0xbf,0xc1,0x00,0x93,0xbe,0xfe,0xff,0x88,0xbf,0x13,0x81,0x13,0x81,
0xfe,0xff,0x88,0xbf,0x13,0xa0,0x0a,0xbf,0xc1,0x80,0x1a,0x98,0x81,0x13,0x1c,0x84,
0xfe,0xff,0x88,0xbf,0x1c,0x4e,0x0a,0xbf,0xc1,0x80,0x1c,0x98,0xfe,0xff,0x88,0xbf,
0x1a,0x1c,0x1a,0x8b,0xfe,0xff,0x88,0xbf,0x7e,0x1a,0x6a,0x8b,0xf2,0xff,0xa4,0xbf,
0x81,0x13,0xa2,0x84,0xfe,0xff,0x88,0xbf,0x22,0x1e,0xa3,0x81,0x80,0x00,0xa2,0xbe,
0xfe,0xff,0x88,0xbf,0x22,0x80,0x11,0xbf,0x72,0x18,0xa1,0xbf,0x1e,0x65,0x93,0xbe,
0xff,0x00,0x9a,0xbe,0x00,0x00,0x80,0x4f,0x80,0x1e,0x2e,0xaa,0x22,0x00,0xb1,0xbe,
0xfe,0xff,0x88,0xbf,0x1a,0x13,0x13,0xa3,0x00,0x00,0x00,0x00,0x22,0x00,0xb5,0xbe,
0xfe,0xff,0x88,0xbf,0x99,0x02,0x87,0xbf,0x13,0x00,0x84,0xd6,0x13,0x00,0x00,0x00,
0x13,0xff,0x13,0xa2,0xfc,0xff,0x7f,0x5f,0xfe,0xff,0x88,0xbf,0x2a,0x05,0x87,0xbf,
0x13,0xff,0x1a,0xa2,0x00,0x00,0x80,0x2f,0xfe,0xff,0x88,0xbf,0x1a,0x62,0x9a,0xbe,
0xfe,0xff,0x88,0xbf,0xba,0x04,0x87,0xbf,0x1a,0x13,0x13,0xa3,0x00,0x00,0x80,0xcf,
0x1a,0x67,0xa5,0xbe,0xfe,0xff,0x88,0xbf,0x13,0x67,0xa4,0xbe,0xfe,0xff,0x88,0xbf,
0x9a,0x04,0x87,0xbf,0x2e,0x24,0xb2,0xaa,0x24,0x33,0xb7,0x96,0x24,0x33,0x36,0x96,
0x24,0x32,0xb0,0x96,0x25,0x32,0x1a,0x96,0x30,0x36,0xb0,0xa9,0x25,0x32,0x93,0x96,
0x25,0x33,0x9c,0x96,0xfe,0xff,0x88,0xbf,0x30,0x1a,0x1a,0x80,0x31,0x13,0x34,0x82,
0x25,0x33,0x32,0x96,0x1c,0x80,0x33,0x82,0x09,0x00,0x87,0xbf,0x34,0x32,0xb0,0xa9,
0x22,0x00,0xb3,0xbe,0x03,0x13,0x00,0xd7,0x24,0x60,0x00,0x00,0x13,0x80,0x07,0xbf,
0x25,0x31,0x25,0x82,0x03,0x05,0x48,0x7e,0x22,0x00,0xb1,0xbe,0xfe,0xff,0x88,0xbf,
0x2e,0x24,0xae,0xaa,0xfe,0xff,0x88,0xbf,0x24,0x2f,0xb5,0x96,0x24,0x2f,0x34,0x96,
0x24,0x2e,0xb0,0x96,0x25,0x2e,0x1a,0x96,0xfe,0xff,0x88,0xbf,0x30,0x34,0xb0,0xa9,
0x25,0x2e,0x93,0x96,0x25,0x2f,0x9c,0x96,0xfe,0xff,0x88,0xbf,0x30,0x1a,0x1a,0x80,
0x31,0x13,0x32,0x82,0x25,0x2f,0x2e,0x96,0x1c,0x80,0x2f,0x82,0x22,0x00,0xb1,0xbe,
0xfe,0xff,0x88,0xbf,0x32,0x2e,0xae,0xa9,0xfe,0xff,0x88,0xbf,0x03,0x13,0x00,0xd7,
0x03,0x5d,0x00,0x00,0x13,0x80,0x07,0xbf,0x25,0x2f,0x13,0x82,0x03,0x05,0x34,0x7e,
0xfe,0xff,0x88,0xbf,0x80,0x13,0xa5,0x96,0x13,0x80,0x24,0x96,0x23,0x13,0x9c,0x96,
0x23,0x13,0x2e,0x96,0x80,0x1a,0xb0,0x96,0x23,0x1a,0x13,0x96,0xfe,0xff,0x88,0xbf,
0x30,0x24,0xa4,0xa9,0x23,0x1a,0x9a,0x96,0xfe,0xff,0x88,0xbf,0x24,0x13,0x13,0x80,
0x25,0x1a,0x32,0x82,0x1c,0x80,0x2f,0x82,0xfe,0xff,0x88,0xbf,0x32,0x2e,0xa4,0xa9,
0xfe,0xff,0x88,0xbf,0x1e,0x24,0xae,0xaa,0x24,0x82,0xb0,0xa9,0xfe,0xff,0x88,0xbf,
0x03,0x13,0x01,0xd7,0x80,0x5c,0x00,0x00,0x13,0x80,0x07,0xbf,0x23,0x2f,0x9c,0x82,
0x04,0x1a,0x01,0xd7,0x03,0x3d,0x00,0x00,0x1a,0x80,0x07,0xbf,0x24,0x81,0xae,0xa9,
0xfe,0xff,0x88,0xbf,0x1c,0x80,0x9a,0x82,0x04,0x05,0x26,0x7e,0x13,0x1e,0x09,0xbf,
0xc1,0x80,0x13,0x98,0xfe,0xff,0x88,0xbf,0x1a,0x80,0x06,0xbf,0x03,0x05,0x34,0x7e,
0x13,0xc1,0x13,0x98,0xfe,0xff,0x88,0xbf,0x13,0x80,0x07,0xbf,0x30,0x2e,0x13,0x98,
0x1a,0x1e,0x09,0xbf,0xc1,0x80,0x1a,0x98,0x1c,0x80,0x06,0xbf,0xfe,0xff,0x88,0xbf,
0x1a,0xc1,0x1a,0x98,0xfe,0xff,0x88,0xbf,0x1a,0x80,0x07,0xbf,0x13,0x24,0x24,0x98,
0x7e,0x22,0x6a,0x91,0x20,0x00,0xa4,0xbf,0x1e,0x0c,0x06,0x7e,0x80,0x1e,0x9a,0x81,
0x91,0x02,0x87,0xbf,0x03,0x57,0x06,0x7e,0xff,0x06,0x06,0x10,0xfe,0xff,0x7f,0x4f,
0x91,0x00,0x87,0xbf,0x03,0x0f,0x06,0x7e,0x03,0x05,0x26,0x7e,0xfe,0xff,0x88,0xbf,
0x1a,0x13,0x1a,0x96,0xfe,0xff,0x88,0xbf,0x13,0x1a,0x9a,0x96,0xfe,0xff,0x88,0xbf,
0x13,0x1a,0x13,0x81,0xfe,0xff,0x88,0xbf,0x80,0x13,0x93,0x96,0xfe,0xff,0x88,0xbf,
0x13,0x1e,0x1a,0x96,0x13,0x81,0x1c,0x81,0xfe,0xff,0x88,0xbf,0x80,0x1a,0x9a,0x81,
0xfe,0xff,0x88,0xbf,0x1a,0x1e,0x9f,0x81,0x1a,0x1e,0x09,0xbf,0x1c,0x13,0x13,0x98,
0xfe,0xff,0x88,0xbf,0x1f,0x1a,0x1a,0x98,0x13,0x81,0x1c,0x81,0xfe,0xff,0x88,0xbf,
0x1a,0x1e,0x09,0xbf,0x1c,0x13,0x24,0x98,0xfe,0xff,0x88,0xbf,0x24,0x81,0x1e,0x81,
0x80,0x00,0x9f,0xbe,0x81,0x04,0x9a,0x7c,0xe9,0x00,0xa4,0xbf,0xc1,0x00,0x9a,0xbe,
0xfe,0xff,0x88,0xbf,0x1a,0x81,0x1a,0x81,0xfe,0xff,0x88,0xbf,0x1a,0xa0,0x0a,0xbf,
0xc1,0x80,0x13,0x98,0x81,0x1a,0x1c,0x84,0xfe,0xff,0x88,0xbf,0x1c,0x4e,0x0a,0xbf,
0xc1,0x80,0x1c,0x98,0xfe,0xff,0x88,0xbf,0x13,0x1c,0x13,0x8b,0xfe,0xff,0x88,0xbf,
0x7e,0x13,0x6a,0x8b,0xf2,0xff,0xa4,0xbf,0x81,0x02,0x9a,0x7c,0xdb,0x00,0xa4,0xbf,
0xc1,0x00,0x93,0xbe,0xfe,0xff,0x88,0xbf,0x13,0x81,0x13,0x81,0xfe,0xff,0x88,0xbf,
0x13,0xa0,0x0a,0xbf,0xc1,0x80,0x1c,0x98,0x81,0x13,0x22,0x84,0xfe,0xff,0x88,0xbf,
0x22,0x5c,0x0a,0xbf,0xc1,0x80,0x22,0x98,0xfe,0xff,0x88,0xbf,0x1c,0x22,0x1c,0x8b,
0xfe,0xff,0x88,0xbf,0x7e,0x1c,0x6a,0x8b,0xf2,0xff,0xa4,0xbf,0x81,0x13,0xa2,0x84,
0xfe,0xff,0x88,0xbf,0x22,0x5c,0xa3,0x81,0x80,0x00,0xa2,0xbe,0xfe,0xff,0x88,0xbf,
0x22,0x80,0x11,0xbf,0xa8,0x17,0xa1,0xbf,0x5c,0x65,0x93,0xbe,0xff,0x00,0x9c,0xbe,
0x00,0x00,0x80,0x4f,0x80,0x5c,0x2e,0xaa,0x22,0x00,0xb1,0xbe,0xfe,0xff,0x88,0xbf,
0x1c,0x13,0x13,0xa3,0x00,0x00,0x00,0x00,0x22,0x00,0xb5,0xbe,0xfe,0xff,0x88,0xbf,
0x99,0x02,0x87,0xbf,0x13,0x00,0x84,0xd6,0x13,0x00,0x00,0x00,0x13,0xff,0x13,0xa2,
0xfc,0xff,0x7f,0x5f,0xfe,0xff,0x88,0xbf,0x2a,0x05,0x87,0xbf,0x13,0xff,0x1c,0xa2,
0x00,0x00,0x80,0x2f,0xfe,0xff,0x88,0xbf,0x1c,0x62,0x9c,0xbe,0xfe,0xff,0x88,0xbf,
0xba,0x04,0x87,0xbf,0x1c,0x13,0x13,0xa3,0x00,0x00,0x80,0xcf,0x1c,0x67,0xa5,0xbe,
0xfe,0xff,0x88,0xbf,0x13,0x67,0xa4,0xbe,0xfe,0xff,0x88,0xbf,0x9a,0x04,0x87,0xbf,
0x2e,0x24,0xb2,0xaa,0x24,0x33,0xb7,0x96,0x24,0x33,0x36,0x96,0x24,0x32,0xb0,0x96,
0x25,0x32,0x1c,0x96,0xfe,0xff,0x88,0xbf,0x30,0x36,0xb0,0xa9,0x25,0x32,0x93,0x96,
0x25,0x33,0xb8,0x96,0xfe,0xff,0x88,0xbf,0x30,0x1c,0x1c,0x80,0x31,0x13,0x34,0x82,
0x25,0x33,0x32,0x96,0x38,0x80,0x33,0x82,0x09,0x00,0x87,0xbf,0x34,0x32,0xb0,0xa9,
0x22,0x00,0xb3,0xbe,0xfe,0xff,0x88,0xbf,0x02,0x13,0x00,0xd7,0x24,0x60,0x00,0x00,
0x13,0x80,0x07,0xbf,0x25,0x31,0x25,0x82,0x02,0x05,0x48,0x7e,0x22,0x00,0xb1,0xbe,
0xfe,0xff,0x88,0xbf,0x2e,0x24,0xae,0xaa,0xfe,0xff,0x88,0xbf,0x24,0x2f,0xb5,0x96,
0x24,0x2f,0x34,0x96,0x24,0x2e,0xb0,0x96,0x25,0x2e,0x1c,0x96,0xfe,0xff,0x88,0xbf,
0x30,0x34,0xb0,0xa9,0x25,0x2e,0x93,0x96,0x25,0x2f,0xa4,0x96,0xfe,0xff,0x88,0xbf,
0x30,0x1c,0x1c,0x80,0x31,0x13,0x32,0x82,0x25,0x2f,0x2e,0x96,0x24,0x80,0x2f,0x82,
0x22,0x00,0xb1,0xbe,0xfe,0xff,0x88,0xbf,0x32,0x2e,0xae,0xa9,0xfe,0xff,0x88,0xbf,
0x02,0x13,0x00,0xd7,0x02,0x5d,0x00,0x00,0x13,0x80,0x07,0xbf,0x25,0x2f,0x13,0x82,
0x02,0x05,0x38,0x7e,0xfe,0xff,0x88,0xbf,0x80,0x13,0xa5,0x96,0x13,0x80,0x24,0x96,
0x23,0x13,0xaf,0x96,0x23,0x13,0x2e,0x96,0x80,0x1c,0xb0,0x96,0x23,0x1c,0x13,0x96,
0xfe,0xff,0x88,0xbf,0x30,0x24,0xa4,0xa9,0x23,0x1c,0x9c,0x96,0xfe,0xff,0x88,0xbf,
0x24,0x13,0x13,0x80,0x25,0x1c,0x32,0x82,0x2f,0x80,0x2f,0x82,0xfe,0xff,0x88,0xbf,
0x32,0x2e,0xa4,0xa9,0xfe,0xff,0x88,0xbf,0x5c,0x24,0xae,0xaa,0x24,0x82,0xb0,0xa9,
0xfe,0xff,0x88,0xbf,0x02,0x13,0x01,0xd7,0x80,0x5c,0x00,0x00,0x13,0x80,0x07,0xbf,
0x23,0x2f,0xa3,0x82,0x03,0x1c,0x01,0xd7,0x02,0xb9,0x00,0x00,0x1c,0x80,0x07,0xbf,
0x24,0x81,0xae,0xa9,0xfe,0xff,0x88,0xbf,0x23,0x80,0x9c,0x82,0x03,0x05,0x26,0x7e,
0x13,0x5c,0x09,0xbf,0xc1,0x80,0x13,0x98,0xfe,0xff,0x88,0xbf,0x1c,0x80,0x06,0xbf,
0x02,0x05,0x38,0x7e,0x13,0xc1,0x13,0x98,0xfe,0xff,0x88,0xbf,0x13,0x80,0x07,0xbf,
0x30,0x2e,0x13,0x98,0x1c,0x5c,0x09,0xbf,0xc1,0x80,0x1c,0x98,0x23,0x80,0x06,0xbf,
0xfe,0xff,0x88,0xbf,0x1c,0xc1,0x1c,0x98,0xfe,0xff,0x88,0xbf,0x1c,0x80,0x07,0xbf,
0x13,0x24,0x24,0x98,0x7e,0x22,0x6a,0x91,0x20,0x00,0xa4,0xbf,0x5c,0x0c,0x04,0x7e,
0x80,0x5c,0x9c,0x81,0x91,0x02,0x87,0xbf,0x02,0x57,0x04,0x7e,0xff,0x04,0x04,0x10,
0xfe,0xff,0x7f,0x4f,0x91,0x00,0x87,0xbf,0x02,0x0f,0x04,0x7e,0x02,0x05,0x26,0x7e,
0xfe,0xff,0x88,0xbf,0x1c,0x13,0x1c,0x96,0xfe,0xff,0x88,0xbf,0x13,0x1c,0x9c,0x96,
0xfe,0xff,0x88,0xbf,0x13,0x1c,0x13,0x81,0xfe,0xff,0x88,0xbf,0x80,0x13,0x93,0x96,
0xfe,0xff,0x88,0xbf,0x13,0x5c,0x1c,0x96,0x13,0x81,0x22,0x81,0xfe,0xff,0x88,0xbf,
0x80,0x1c,0x9c,0x81,0xfe,0xff,0x88,0xbf,0x1c,0x5c,0xa3,0x81,0x1c,0x5c,0x09,0xbf,
0x22,0x13,0x13,0x98,0xfe,0xff,0x88,0xbf,0x23,0x1c,0x1c,0x98,0x13,0x81,0x22,0x81,
0xfe,0xff,0x88,0xbf,0x1c,0x5c,0x09,0xbf,0x22,0x13,0x24,0x98,0xfe,0xff,0x88,0xbf,
0x24,0x81,0x5e,0x81,0x80,0x00,0xdf,0xbe,0x81,0x02,0x9a,0x7c,0x22,0x00,0xa4,0xbf,
0xc1,0x00,0xdd,0xbe,0xfe,0xff,0x88,0xbf,0x5d,0x81,0x5d,0x81,0xfe,0xff,0x88,0xbf,
0x5d,0xa0,0x0a,0xbf,0xc1,0x80,0x13,0x98,0x81,0x5d,0x1c,0x84,0xfe,0xff,0x88,0xbf,
0x1c,0x5c,0x0a,0xbf,0xc1,0x80,0x1c,0x98,0xfe,0xff,0x88,0xbf,0x13,0x1c,0x13,0x8b,
0xfe,0xff,0x88,0xbf,0x7e,0x13,0x6a,0x8b,0xf2,0xff,0xa4,0xbf,0x13,0x00,0xa0,0xbf,
0x80,0x01,0x8e,0xbe,0x02,0x00,0x01,0xd5,0x80,0x02,0x4d,0x00,0x7e,0x13,0x6a,0x91,
0x53,0xfe,0xa3,0xbf,0x80,0x00,0x98,0xbe,0x01,0x00,0x87,0xbf,0x81,0x04,0x9a,0x7c,
0x60,0xfe,0xa3,0xbf,0x80,0x01,0x9e,0xbe,0x81,0x04,0x9a,0x7c,0x17,0xff,0xa3,0xbf,
0x80,0x00,0x9a,0xbe,0x81,0x02,0x9a,0x7c,0x25,0xff,0xa3,0xbf,0x80,0x01,0xde,0xbe,
0x81,0x02,0x9a,0x7c,0xde,0xff,0xa3,0xbf,0x80,0x00,0xdd,0xbe,0x80,0x00,0xc7,0xbe,
0x4d,0x4a,0x46,0x96,0x48,0xc1,0x61,0x81,0x47,0x00,0xe0,0xbe,0x4a,0xc1,0x13,0x81,
0x1d,0x2d,0x1c,0x96,0x60,0x46,0xa2,0xaa,0xfe,0xff,0x88,0xbf,0x13,0x81,0x13,0x81,
0x10,0x1c,0x90,0x81,0xfe,0xff,0x88,0xbf,0x13,0x23,0x1c,0x81,0x10,0x2d,0x9d,0x81,
0x10,0x2d,0x09,0xbf,0x1b,0x2c,0x1b,0x96,0xfe,0xff,0x88,0xbf,0x1d,0x10,0x10,0x98,
0x47,0x00,0xa4,0xbe,0x10,0x2d,0x9d,0x81,0x10,0x2d,0x09,0xbf,0x00,0x00,0x00,0xf4,
0x40,0x00,0x00,0xf8,0x1d,0x10,0x10,0x98,0x14,0x1b,0x94,0x81,0x10,0x27,0x22,0x8d,
0x14,0x2c,0x90,0x81,0x14,0x2c,0x09,0xbf,0x19,0x2a,0x1b,0x96,0x10,0x14,0x10,0x98,
0x85,0x22,0x00,0xf4,0x00,0x00,0x00,0xf8,0x10,0x2c,0x94,0x81,0x10,0x2c,0x09,0xbf,
0x47,0x00,0xe5,0xbe,0x14,0x10,0x14,0x98,0x4e,0x4a,0x10,0x96,0x14,0x11,0x14,0x8d,
0x49,0xc1,0x25,0x81,0x11,0x14,0x94,0x81,0x47,0x00,0x91,0xbe,0x2b,0x14,0x14,0x81,
0xfe,0xff,0x88,0xbf,0x24,0x10,0xac,0xaa,0x14,0x9f,0x1d,0x86,0x12,0x1b,0x91,0x81,
0xfe,0xff,0x88,0xbf,0x1d,0x9c,0x19,0x85,0x13,0x2d,0x1b,0x81,0xfe,0xff,0x88,0xbf,
0x14,0x19,0x19,0x81,0x11,0x2a,0x92,0x81,0x11,0x2a,0x09,0xbf,0x80,0x00,0x24,0xca,
0x87,0x00,0x04,0x4e,0xfe,0xff,0x88,0xbf,0x12,0x11,0x11,0x98,0x00,0x00,0xc7,0xbf,
0xf3,0x00,0x61,0xd7,0x0a,0x00,0x01,0x00,0x11,0x2a,0x92,0x81,0x11,0x2a,0x09,0xbf,
0x06,0x00,0x10,0xd6,0x00,0x07,0x0d,0x02,0xfe,0xff,0x88,0xbf,0x12,0x11,0x11,0x98,
0x1d,0x9d,0x13,0x85,0x11,0x0d,0x11,0x8d,0x4b,0xc1,0x2a,0x81,0x0d,0x11,0x8d,0x81,
0x4e,0x4b,0x12,0x96,0xfe,0xff,0x88,0xbf,0x29,0x0d,0x1d,0x81,0x2a,0x9f,0x2b,0x86,
0x14,0x13,0x11,0x81,0x47,0x00,0x93,0xbe,0x17,0x28,0x0d,0x96,0x2a,0x81,0xe2,0xa9,
0xfe,0xff,0x88,0xbf,0x24,0x12,0xa4,0xaa,0x0c,0x0d,0x8c,0x81,0xfe,0xff,0x88,0xbf,
0x62,0x25,0x13,0x81,0x0c,0x28,0x8d,0x81,0x0c,0x28,0x09,0xbf,0x5c,0x4c,0x17,0x96,
0xfe,0xff,0x88,0xbf,0x0d,0x0c,0x0c,0x98,0xf3,0x00,0x61,0xd7,0x0b,0x02,0x01,0x00,
0xfe,0xff,0x88,0xbf,0x0c,0x28,0x8d,0x81,0x0c,0x28,0x09,0xbf,0x4d,0x48,0x29,0x96,
0xfe,0xff,0x88,0xbf,0x0d,0x0c,0x0c,0x98,0x17,0x15,0x8d,0xbe,0x00,0x15,0xa4,0xbe,
0xfe,0xff,0x88,0xbf,0x0d,0x65,0xa3,0xbe,0x00,0x17,0x00,0x8d,0x0c,0x15,0x17,0x8d,
0x00,0x9f,0x00,0x86,0xfe,0xff,0x88,0xbf,0x23,0x56,0x02,0x7e,0x80,0x0d,0xa3,0x81,
0xff,0x0a,0x14,0x16,0x50,0x00,0x00,0x00,0x80,0x02,0x88,0x7e,0x02,0x00,0x10,0xd6,
0x00,0x09,0x05,0x02,0x80,0x00,0x24,0xca,0x8f,0x00,0x50,0x4a,0x81,0x00,0xa4,0x32,
0x80,0x00,0x22,0xca,0x81,0x00,0x06,0x50,0xd5,0x01,0x87,0xbf,0x01,0x05,0x02,0x7e,
0x84,0x00,0x02,0x32,0x80,0x00,0x24,0xca,0xff,0x00,0x08,0x4b,0xe0,0x00,0x00,0x00,
0x8a,0x0a,0x12,0x16,0x01,0xff,0x01,0xa2,0xfe,0xff,0x7f,0x4f,0x8c,0x02,0x02,0x36,
0x80,0x00,0x22,0xca,0x84,0xa2,0x0c,0x4f,0xa9,0x01,0x87,0xbf,0x01,0x67,0x81,0xbe,
0x07,0x00,0x57,0xd6,0x07,0x3d,0x21,0x04,0x0a,0x00,0x0b,0xd6,0xff,0x02,0x2a,0x04,
0x80,0x02,0x00,0x00,0x76,0x00,0x56,0xd6,0x01,0x07,0x19,0x04,0xfe,0xff,0x88,0xbf,
0x23,0x01,0x23,0x96,0xff,0x04,0x10,0x16,0x00,0x05,0x00,0x00,0xfe,0xff,0x88,0xbf,
0x01,0x23,0xa3,0x96,0x0a,0x0d,0x02,0x38,0xfe,0xff,0x88,0xbf,0x01,0x23,0x01,0x81,
0x88,0xec,0x0c,0x38,0x24,0x01,0xa3,0x96,0x80,0x00,0x22,0xca,0x82,0x0e,0x74,0x41,
0xfe,0xff,0x88,0xbf,0x23,0x0d,0x01,0x96,0x80,0x00,0x22,0xca,0x81,0x02,0x78,0x43,
0x24,0x01,0x8c,0x81,0x23,0x81,0x24,0x81,0xfe,0xff,0x88,0xbf,0x0c,0x0d,0xa5,0x81,
0x0c,0x0d,0x09,0xbf,0x4e,0x49,0x01,0x96,0x24,0x23,0x23,0x98,0xfe,0xff,0x88,0xbf,
0x25,0x0c,0x0c,0x98,0x23,0x81,0x24,0x81,0xfe,0xff,0x88,0xbf,0x0c,0x0d,0x09,0xbf,
0x02,0x23,0x00,0xf4,0x00,0x00,0x00,0xf8,0x24,0x23,0x23,0x98,0x03,0x21,0x00,0xf4,
0x00,0x00,0x00,0xf8,0x23,0x00,0x23,0x8d,0x84,0x21,0x00,0xf4,0x00,0x00,0x00,0xf8,
0x23,0x00,0x88,0x81,0x75,0x15,0xa3,0xbe,0x08,0x15,0x80,0xbe,0x75,0x9f,0x24,0x86,
0x00,0x65,0x89,0xbe,0x80,0x00,0x8b,0x81,0x08,0x9f,0x08,0x86,0x01,0x00,0x2c,0xd7,
0x12,0x0c,0x02,0x00,0x09,0x56,0x06,0x7e,0xfe,0xff,0x88,0xbf,0x24,0x08,0x08,0x8d,
0x47,0x00,0x89,0xbe,0x08,0x19,0xea,0x38,0x80,0x02,0x84,0x7e,0x80,0x00,0x24,0xca,
0x81,0x00,0x04,0x49,0x80,0x00,0x22,0xca,0x81,0x02,0x78,0x3c,0x80,0x00,0x24,0xca,
0xff,0x00,0x52,0x4c,0xfe,0x00,0x00,0x00,0x05,0x00,0x87,0xbf,0x03,0x05,0x14,0x7e,
0xff,0xa4,0x06,0x36,0x70,0x00,0x00,0x00,0x81,0x08,0x94,0x7c,0x80,0x00,0x22,0xca,
0x83,0x04,0x54,0x4d,0x0a,0xff,0x0a,0xa2,0xfe,0xff,0x7f,0x4f,0x80,0x00,0x22,0xca,
0x84,0xa6,0x0a,0x46,0x04,0x00,0x01,0xd5,0x80,0x0a,0xa9,0x01,0xfe,0xff,0x88,0xbf,
0x0a,0x67,0x8a,0xbe,0x55,0x00,0x0b,0xd6,0xff,0x04,0x32,0x04,0x10,0x08,0x00,0x00,
0xc0,0xa8,0xc2,0x38,0x77,0x00,0x56,0xd6,0x02,0x05,0xd1,0x05,0xfe,0xff,0x88,0xbf,
0x0b,0x0a,0x0b,0x96,0xff,0x08,0x1a,0x16,0x10,0x08,0x00,0x00,0xfe,0xff,0x88,0xbf,
0x0a,0x0b,0x8b,0x96,0xa5,0xa8,0xac,0x38,0xfe,0xff,0x88,0xbf,0x0a,0x0b,0x0a,0x81,
0xa6,0xa8,0xae,0x38,0xfe,0xff,0x88,0xbf,0x23,0x0a,0x8a,0x96,0xa7,0xa8,0xb0,0x38,
0xfe,0xff,0x88,0xbf,0x0a,0x00,0x0b,0x96,0x0a,0x81,0x25,0x81,0xfe,0xff,0x88,0xbf,
0x23,0x0b,0x8b,0x81,0xb0,0xa8,0xb2,0x38,0xfe,0xff,0x88,0xbf,0x0b,0x00,0xa8,0x81,
0x0b,0x00,0x09,0xbf,0xb1,0xa8,0xb4,0x38,0x25,0x0a,0x0a,0x98,0x28,0x0b,0x0b,0x98,
0xfe,0xff,0x88,0xbf,0x0a,0x81,0x25,0x81,0x0b,0x00,0x09,0xbf,0x00,0x00,0x4a,0xd4,
0x80,0x04,0x02,0x00,0xfe,0xff,0x88,0xbf,0x25,0x0a,0x0a,0x98,0x5c,0x15,0x8b,0xbe,
0xfe,0xff,0x88,0xbf,0x0a,0x08,0x0a,0x8d,0x0b,0x65,0xa5,0xbe,0xfe,0xff,0x88,0xbf,
0x0a,0x08,0xe4,0x81,0x80,0x0b,0x88,0x81,0x02,0x64,0x82,0xaa,0x25,0x56,0x1c,0x7e,
0x64,0x4e,0x02,0x96,0x80,0x00,0x22,0xca,0x84,0x04,0x02,0x37,0xfe,0xff,0x88,0xbf,
0x02,0x15,0xa8,0xbe,0xb2,0xa8,0xb6,0x38,0xb3,0xa8,0xb8,0x38,0xb4,0xa8,0xba,0x38,
0xb5,0xa8,0xbc,0x38,0xb6,0xa8,0xbe,0x38,0x0e,0x05,0x4a,0x7e,0xb7,0xa8,0xc0,0x38,
0xff,0xa8,0xc4,0x38,0x41,0x00,0x00,0x00,0xff,0xa8,0xc6,0x38,0x42,0x00,0x00,0x00,
0xff,0xa8,0xc8,0x38,0x43,0x00,0x00,0x00,0x25,0xff,0x0a,0xa2,0xfe,0xff,0x7f,0x4f,
0x02,0x5c,0x25,0x8d,0x64,0x03,0x02,0x81,0xff,0xa8,0xca,0x38,0x44,0x00,0x00,0x00,
0xfe,0xff,0x88,0xbf,0x0a,0x67,0x83,0xbe,0x02,0x16,0x02,0x85,0x25,0x9f,0x0a,0x86,
0xfe,0xff,0x88,0xbf,0x02,0x5c,0x16,0x96,0x08,0x03,0x08,0x96,0x02,0x29,0x02,0x96,
0xfe,0xff,0x88,0xbf,0x03,0x08,0x88,0x96,0x64,0x16,0x96,0x81,0xfe,0xff,0x88,0xbf,
0x03,0x08,0x03,0x81,0x16,0x02,0x02,0x81,0xfe,0xff,0x88,0xbf,0x28,0x03,0x88,0x96,
0x02,0x4a,0x02,0x96,0xfe,0xff,0x88,0xbf,0x08,0x0b,0x16,0x96,0x02,0x9f,0x03,0x86,
0x28,0x16,0x96,0x81,0x08,0x81,0x25,0x81,0x16,0x0b,0xa8,0x81,0x16,0x0b,0x09,0xbf,
0xff,0xa8,0xcc,0x38,0x45,0x00,0x00,0x00,0xfe,0xff,0x88,0xbf,0x25,0x08,0x08,0x98,
0x28,0x16,0x16,0x98,0xfe,0xff,0x88,0xbf,0x08,0x81,0x25,0x81,0x16,0x0b,0x09,0xbf,
0xff,0xa8,0xce,0x38,0x46,0x00,0x00,0x00,0xfe,0xff,0x88,0xbf,0x25,0x08,0x08,0x98,
0x27,0x22,0x8b,0x81,0x15,0x17,0x95,0x81,0xfe,0xff,0x88,0xbf,0x21,0x0b,0x0b,0x81,
0x26,0x15,0x15,0x81,0xfe,0xff,0x88,0xbf,0x0b,0xbf,0x0b,0x81,0x4f,0x00,0x95,0xb7,
0xfe,0xff,0x88,0xbf,0x0b,0x9f,0x16,0x86,0x15,0xff,0x15,0x97,0x67,0x66,0x66,0x66,
0x16,0x9a,0x16,0x85,0x15,0x9f,0x17,0x85,0x15,0x85,0x15,0x86,0x0b,0x16,0x0b,0x81,
0x15,0x17,0x15,0x81,0xfe,0xff,0x88,0xbf,0x0b,0x86,0x16,0x86,0x08,0x0a,0x08,0x8d,
0x15,0x16,0x0b,0x96,0x02,0x81,0x82,0x84,0xfe,0xff,0x88,0xbf,0x0b,0x15,0x97,0xbe,
0x08,0x0a,0x88,0x81,0x17,0x65,0xa1,0xbe,0x00,0x00,0xc7,0xbf,0x0c,0x02,0xd4,0xa9,
0xfe,0xff,0x88,0xbf,0x0e,0x08,0x82,0xaa,0x1e,0x08,0x8a,0xaa,0x21,0x56,0x1c,0x7e,
0xfe,0xff,0x88,0xbf,0x08,0x03,0x02,0x81,0x08,0x0b,0x03,0x81,0xfe,0xff,0x88,0xbf,
0x02,0x18,0x02,0x85,0x03,0x1a,0x03,0x85,0xfe,0xff,0x88,0xbf,0x02,0x4e,0x09,0x96,
0x02,0x01,0x02,0x96,0x03,0x4e,0x0a,0x96,0x03,0x01,0x03,0x96,0xfe,0xff,0x88,0xbf,
0x08,0x09,0x81,0x81,0x0e,0x05,0x16,0x7e,0x01,0x02,0x01,0x81,0x08,0x0a,0x88,0x81,
0x01,0x4a,0x02,0x96,0x80,0x17,0x8a,0x81,0x0b,0xff,0x09,0xa2,0xfe,0xff,0x7f,0x4f,
0xfe,0xff,0x88,0xbf,0x08,0x03,0x03,0x81,0x55,0xff,0x55,0x8b,0xff,0xff,0x00,0x00,
0xfe,0xff,0x88,0xbf,0x03,0x4b,0x08,0x96,0x09,0x67,0x81,0xbe,0x02,0x9f,0x03,0x86,
0xfe,0xff,0x88,0xbf,0x08,0x9f,0x09,0x86,0x02,0x81,0x82,0x84,0x0a,0x01,0x0a,0x96,
0xfe,0xff,0x88,0xbf,0x08,0x81,0x88,0x84,0x01,0x0a,0x8a,0x96,0x04,0x02,0xd0,0xa9,
0xfe,0xff,0x88,0xbf,0x01,0x0a,0x01,0x81,0x06,0x08,0xd8,0xa9,0x23,0x01,0x81,0x96,
0x51,0xff,0x51,0x8b,0xff,0xff,0x00,0x00,0x01,0x17,0x01,0x96,0x59,0xff,0x59,0x8b,
0xff,0xff,0x00,0x00,0x23,0x01,0x81,0x81,0xff,0xa8,0xd0,0x38,0x47,0x00,0x00,0x00,
0x01,0x17,0x82,0x81,0x01,0x17,0x09,0xbf,0xff,0xa8,0xd2,0x38,0x50,0x00,0x00,0x00,
0xfe,0xff,0x88,0xbf,0x02,0x01,0x01,0x98,0xff,0xa8,0xd4,0x38,0x51,0x00,0x00,0x00,
0x01,0x17,0x82,0x81,0x01,0x17,0x09,0xbf,0xff,0xa8,0xd6,0x38,0x52,0x00,0x00,0x00,
0xfe,0xff,0x88,0xbf,0x02,0x01,0x01,0x98,0x15,0x15,0x82,0xbe,0x01,0x24,0x01,0x8d,
0xfe,0xff,0x88,0xbf,0x02,0x65,0x83,0xbe,0x80,0x02,0x84,0x81,0x01,0x24,0x81,0x81,
0xff,0xa8,0xd8,0x38,0x53,0x00,0x00,0x00,0xfe,0xff,0x88,0xbf,0x03,0x56,0x1c,0x7e,
0x01,0x15,0x85,0xbe,0xff,0xa8,0xda,0x38,0x54,0x00,0x00,0x00,0xff,0xa8,0xdc,0x38,
0x55,0x00,0x00,0x00,0xff,0xa8,0xde,0x38,0x56,0x00,0x00,0x00,0xff,0xa8,0xe0,0x38,
0x57,0x00,0x00,0x00,0xff,0xa8,0xe2,0x38,0x60,0x00,0x00,0x00,0xff,0xa8,0xe4,0x38,
0x61,0x00,0x00,0x00,0xff,0xa8,0xe6,0x38,0x62,0x00,0x00,0x00,0x80,0x00,0x22,0xca,
0x84,0x08,0x82,0x35,0x0e,0x05,0x06,0x7e,0x85,0x00,0x46,0xd6,0x04,0x07,0x81,0x02,
0x80,0x00,0x20,0xca,0x0d,0x17,0x86,0x2c,0x80,0x00,0x10,0xca,0x80,0x00,0x2e,0x2b,
0x03,0xff,0x03,0xa2,0xfe,0xff,0x7f,0x4f,0x80,0x00,0x10,0xca,0x80,0x00,0x30,0x2d,
0x80,0x00,0x10,0xca,0x80,0x00,0x96,0x2f,0xfe,0xff,0x88,0xbf,0x03,0x67,0x83,0xbe,
0xff,0xa8,0x10,0x39,0x63,0x00,0x00,0x00,0xff,0xa8,0x12,0x39,0x64,0x00,0x00,0x00,
0xff,0xa8,0x14,0x39,0x65,0x00,0x00,0x00,0xfe,0xff,0x88,0xbf,0x04,0x03,0x04,0x96,
0xff,0xa8,0x16,0x39,0x66,0x00,0x00,0x00,0x03,0x04,0x84,0x96,0xff,0xa8,0x18,0x39,
0x67,0x00,0x00,0x00,0x03,0x04,0x03,0x81,0x01,0x15,0x04,0x8d,0xfe,0xff,0x88,0xbf,
0x05,0x03,0x83,0x96,0x04,0x9f,0x04,0x86,0xfe,0xff,0x88,0xbf,0x03,0x02,0x06,0x96,
0xff,0xa8,0x1a,0x39,0x70,0x00,0x00,0x00,0x05,0x06,0x85,0x81,0x03,0x81,0x06,0x81,
0x05,0x02,0x87,0x81,0x05,0x02,0x09,0xbf,0xff,0xa8,0x1c,0x39,0x71,0x00,0x00,0x00,
0x06,0x03,0x03,0x98,0x07,0x05,0x05,0x98,0xfe,0xff,0x88,0xbf,0x03,0x81,0x06,0x81,
0x05,0x02,0x09,0xbf,0xff,0xa8,0x1e,0x39,0x72,0x00,0x00,0x00,0x06,0x03,0x02,0x98,
0x16,0x9d,0x03,0x85,0xfe,0xff,0x88,0xbf,0x02,0x04,0x02,0x8d,0x16,0x03,0x03,0x81,
0xfe,0xff,0x88,0xbf,0x02,0x04,0x82,0x81,0x03,0xc8,0x03,0x8b,0xfe,0xff,0x88,0xbf,
0x02,0x15,0x07,0x96,0x16,0x03,0x84,0x81,0x02,0x03,0x03,0xbf,0xff,0xa8,0x20,0x39,
0x73,0x00,0x00,0x00,0x04,0x88,0x03,0x98,0x02,0x9f,0x06,0x86,0xfe,0xff,0x88,0xbf,
0x03,0x15,0x84,0xbe,0x06,0x9d,0x06,0x85,0x04,0x65,0x85,0xbe,0x02,0x06,0x06,0x81,
0x01,0x07,0x81,0x81,0x06,0xc8,0x66,0x8b,0x05,0x56,0x1c,0x7e,0x02,0x66,0x82,0x81,
0x80,0x04,0x86,0x81,0xfe,0xff,0x88,0xbf,0x02,0x15,0x02,0x96,0xff,0xa8,0x22,0x39,
0x74,0x00,0x00,0x00,0xfe,0xff,0x88,0xbf,0x02,0x01,0x02,0x81,0xff,0xa8,0x24,0x39,
0x75,0x00,0x00,0x00,0xff,0xa8,0x26,0x39,0x76,0x00,0x00,0x00,0xff,0xa8,0x28,0x39,
0x77,0x00,0x00,0x00,0xff,0x02,0x2e,0x7f,0xff,0xff,0x7f,0xff,0x0e,0x05,0x0a,0x7e,
0x61,0x03,0x2a,0x7f,0xff,0x00,0xd3,0xbe,0x00,0x40,0x00,0x31,0xf3,0x00,0x61,0xd7,
0x29,0x04,0x01,0x00,0x53,0x00,0xd7,0xbe,0x05,0xff,0x05,0xa2,0xfe,0xff,0x7f,0x4f,
0x53,0x00,0xdb,0xbe,0x80,0x02,0x8a,0x7e,0x80,0x02,0x8e,0x7e,0xfe,0xff,0x88,0xbf,
0x05,0x67,0x85,0xbe,0x80,0x00,0x10,0xca,0x80,0x00,0x38,0x48,0x80,0x02,0x76,0x7e,
0xfe,0xff,0x88,0xbf,0x06,0x05,0x06,0x96,0x80,0x02,0x7a,0x7e,0x05,0x06,0x81,0x96,
0x02,0x15,0x86,0xbe,0x05,0x01,0x05,0x81,0x80,0x02,0x80,0x7e,0xfe,0xff,0x88,0xbf,
0x06,0x05,0x81,0x96,0x02,0x03,0x05,0x8d,0x01,0x04,0x07,0x96,0xfe,0xff,0x88,0xbf,
0x05,0x9f,0x05,0x86,0x06,0x07,0x86,0x81,0x01,0x81,0x07,0x81,0x06,0x04,0x88,0x81,
0x06,0x04,0x09,0xbf,0x80,0x02,0x74,0x7e,0x07,0x01,0x01,0x98,0xfe,0xff,0x88,0xbf,
0x08,0x06,0x06,0x98,0x01,0x81,0x07,0x81,0x06,0x04,0x09,0xbf,0x80,0x02,0x70,0x7e,
0x07,0x01,0x01,0x98,0x1d,0x9f,0x04,0x86,0x01,0x05,0x01,0x8d,0xfe,0xff,0x88,0xbf,
0x04,0x99,0x04,0x85,0x01,0x05,0xce,0x81,0xfe,0xff,0x88,0xbf,0x1d,0x04,0x1d,0x81,
0x4e,0x03,0x01,0x96,0x11,0xc8,0x07,0x8b,0x02,0x01,0x81,0x81,0xfe,0xff,0x88,0xbf,
0x1d,0x87,0x02,0x86,0x66,0x01,0x66,0x81,0x50,0x00,0x4e,0xb8,0x66,0x86,0x01,0x84,
0xff,0x07,0xe8,0x81,0x50,0x00,0x00,0x00,0x01,0x9f,0x03,0x86,0xfe,0xff,0x88,0xbf,
0x02,0x81,0x07,0x8a,0x03,0x9a,0x02,0x85,0x05,0x00,0x0b,0xd6,0x05,0x15,0x39,0x01,
0xfe,0xff,0x88,0xbf,0x01,0x02,0x01,0x81,0x19,0xd0,0x06,0x8b,0x01,0xbf,0x01,0x91,
0x14,0x8f,0x14,0x81,0x82,0x0a,0x0c,0x4a,0x84,0x0a,0x0e,0x4a,0x86,0x0a,0x10,0x4a,
0x01,0x06,0x06,0x4a,0x88,0x0a,0x14,0x4a,0x01,0x00,0x44,0xd4,0x4b,0x0a,0x02,0x00,
0x98,0xec,0x0a,0x38,0x1b,0x81,0x52,0x84,0x1c,0x81,0x56,0x84,0x13,0x81,0x5a,0x84,
0xff,0x06,0xe7,0x81,0x50,0x00,0x00,0x00,0x01,0x00,0x2c,0xd7,0x12,0x0a,0x02,0x00,
0x80,0x00,0x20,0xca,0xff,0xec,0x04,0x3e,0x48,0x00,0x00,0x00,0x03,0xa3,0x06,0x38,
0x14,0x9e,0x08,0xbf,0x02,0x00,0x44,0xd4,0x4b,0x0c,0x02,0x00,0x03,0x00,0x87,0xbf,
0x05,0x00,0x2c,0xd7,0x12,0x0a,0x02,0x00,0x67,0xff,0x08,0x98,0x50,0x00,0x00,0x00,
0x4e,0x81,0x0a,0x84,0x03,0x00,0x44,0xd4,0x4b,0x0e,0x02,0x00,0x04,0x00,0x44,0xd4,
0x4b,0x10,0x02,0x00,0xfe,0xff,0x88,0xbf,0x7a,0x00,0x46,0xd6,0x09,0x03,0x29,0x00,
0xff,0xec,0x0c,0x4a,0x58,0x00,0x00,0x00,0xff,0xec,0x0e,0x4a,0x50,0x00,0x00,0x00,
0xc0,0xec,0x10,0x4a,0x90,0xec,0x12,0x38,0x80,0x00,0x22,0xca,0x81,0x02,0x7a,0x32,
0x01,0x00,0x2c,0xd7,0x46,0x06,0x02,0x00,0x05,0x00,0x44,0xd4,0x4b,0x14,0x02,0x00,
0x06,0x00,0x44,0xd4,0x48,0x06,0x02,0x00,0x06,0x00,0x2c,0xd7,0x12,0x0c,0x02,0x00,
0x07,0x00,0x2c,0xd7,0x12,0x0e,0x02,0x00,0x08,0x00,0x2c,0xd7,0x12,0x10,0x02,0x00,
0x09,0x00,0x2c,0xd7,0x12,0x12,0x02,0x00,0x0a,0x00,0x2c,0xd7,0x12,0xec,0x02,0x00,
0x80,0x00,0x22,0xca,0x81,0x0a,0x7c,0x3f,0x03,0x00,0x2c,0xd7,0x10,0xa6,0x02,0x00,
0x05,0x00,0x2c,0xd7,0x10,0xa4,0x02,0x00,0x80,0x00,0x22,0xca,0x81,0x02,0x00,0x2a,
0x10,0x87,0x09,0x84,0x11,0xff,0x0a,0x8b,0xf8,0xff,0xff,0x7f,0x80,0x00,0x22,0xca,
0x81,0x0c,0x7c,0x34,0xfe,0xff,0x88,0xbf,0x09,0x0a,0x89,0x81,0x80,0x00,0x22,0xca,
0x81,0x0e,0x7e,0x31,0x80,0x00,0x22,0xca,0x81,0x10,0x7e,0x36,0x80,0x00,0x22,0xca,
0x81,0x12,0x80,0x33,0x81,0x14,0x02,0x31,0x83,0x00,0x47,0xd6,0x03,0x21,0x04,0x02,
0x80,0x00,0x22,0xca,0x82,0x0a,0x84,0x29,0x86,0x00,0x55,0xd6,0x01,0x05,0xfe,0x03,
0x80,0x00,0x00,0x00,0xfe,0xff,0x88,0xbf,0x09,0x81,0x63,0x84,0x12,0x88,0x6b,0x84,
0xa0,0x00,0xe3,0xb7,0x08,0x81,0x4c,0x84,0x07,0x87,0x4d,0x84,0xa0,0x0a,0x03,0x4e,
0x82,0x09,0x3b,0x4a,0x47,0xa6,0x12,0x4a,0x98,0x0a,0x15,0x4e,0x82,0x07,0x4b,0x4a,
0x4a,0x02,0x88,0x7c,0x01,0x00,0x85,0xbf,0x7c,0xc0,0x05,0xc4,0x01,0xa0,0x80,0x40,
0x1d,0x00,0x00,0x00,0x7c,0xc0,0x05,0xc4,0x05,0xa0,0x80,0x40,0x1d,0x10,0x00,0x00,
0x07,0x00,0x44,0xd4,0x49,0x12,0x02,0x00,0x81,0x12,0x12,0x4a,0xd0,0x0a,0x33,0x4a,
0xc8,0x0a,0x43,0x4a,0xc0,0x2a,0x31,0x4f,0x07,0x6a,0x08,0x8b,0xff,0x0c,0x39,0x4b,
0xa0,0xff,0xff,0xff,0x01,0x00,0xc0,0xbf,0xfe,0xff,0x88,0xbf,0x04,0x00,0x01,0xd5,
0x80,0x08,0x22,0x00,0x03,0x00,0x01,0xd5,0x80,0x06,0x22,0x00,0x02,0x00,0x01,0xd5,
0x80,0x04,0x22,0x00,0x01,0x00,0x01,0xd5,0x80,0x02,0x22,0x00,0x08,0x00,0x44,0xd4,
0x4a,0x14,0x02,0x00,0x07,0x08,0x09,0x8b,0x00,0x00,0xc0,0xbf,0xfe,0xff,0x88,0xbf,
0x08,0x00,0x01,0xd5,0x80,0x10,0x26,0x00,0x07,0x00,0x01,0xd5,0x80,0x0e,0x26,0x00,
0x06,0x00,0x01,0xd5,0x80,0x0c,0x26,0x00,0x05,0x00,0x01,0xd5,0x80,0x0a,0x26,0x00,
0x09,0x00,0x44,0xd4,0x49,0x12,0x02,0x00,0x03,0x00,0x85,0xbf,0x7c,0xc0,0x05,0xc4,
0x09,0xa0,0x80,0x40,0x25,0x10,0x00,0x00,0x7c,0xc0,0x05,0xc4,0x0d,0xa0,0x80,0x40,
0x25,0x20,0x00,0x00,0x7c,0xc0,0x05,0xc4,0x11,0xa0,0x80,0x40,0x25,0x00,0x00,0x00,
0x7c,0xc0,0x05,0xc4,0x15,0xa0,0x80,0x40,0x1d,0x40,0x00,0x00,0x09,0x6a,0x6a,0x8b,
0x09,0x08,0x08,0x8b,0x03,0x00,0xc0,0xbf,0xfe,0xff,0x88,0xbf,0x0c,0x00,0x01,0xd5,
0x80,0x18,0x22,0x00,0x01,0x00,0xc0,0xbf,0x80,0x28,0x52,0xca,0x80,0x26,0x12,0x14,
0x80,0x24,0x52,0xca,0x80,0x22,0x10,0x12,0x4a,0x32,0x88,0x7c,0x0b,0x00,0x01,0xd5,
0x80,0x16,0x22,0x00,0x0a,0x00,0x01,0xd5,0x80,0x14,0x22,0x00,0x09,0x00,0x01,0xd5,
0x80,0x12,0x22,0x00,0x01,0x00,0x85,0xbf,0x7c,0xc0,0x05,0xc4,0x19,0xa0,0x80,0x40,
0x1d,0x20,0x00,0x00,0x7c,0xc0,0x05,0xc4,0x1d,0xa0,0x80,0x40,0x1d,0x30,0x00,0x00,
0x07,0x6a,0x08,0x8b,0x09,0x6a,0x6a,0x8b,0xfe,0xff,0x88,0xbf,0x80,0x20,0x52,0xca,
0x80,0x1e,0x0e,0x10,0x80,0x1c,0x52,0xca,0x80,0x1a,0x0c,0x0e,0x4a,0x42,0x88,0x7c,
0x01,0x00,0x85,0xbf,0x7c,0xc0,0x05,0xc4,0x21,0xa0,0x80,0x40,0x25,0x30,0x00,0x00,
0x7c,0xc0,0x05,0xc4,0x25,0xa0,0x80,0x40,0x25,0x40,0x00,0x00,0x03,0x00,0xc0,0xbf,
0x1c,0x00,0x01,0xd5,0x80,0x38,0x22,0x00,0x1b,0x00,0x01,0xd5,0x80,0x36,0x22,0x00,
0x1a,0x00,0x01,0xd5,0x80,0x34,0x22,0x00,0x19,0x00,0x01,0xd5,0x80,0x32,0x22,0x00,
0x07,0x6a,0x08,0x8b,0x09,0x6a,0x6a,0x8b,0x02,0x00,0xc0,0xbf,0xfe,0xff,0x88,0xbf,
0x20,0x00,0x01,0xd5,0x80,0x40,0x22,0x00,0x1f,0x00,0x01,0xd5,0x80,0x3e,0x22,0x00,
0x1e,0x00,0x01,0xd5,0x80,0x3c,0x22,0x00,0x01,0x00,0xc0,0xbf,0x80,0x48,0x52,0xca,
0x80,0x46,0x22,0x24,0x80,0x44,0x52,0xca,0x80,0x42,0x20,0x22,0x4a,0x0a,0x89,0x7c,
0x1d,0x00,0x01,0xd5,0x80,0x3a,0x22,0x00,0x07,0x6a,0x07,0x8b,0x09,0x6a,0x6a,0x8b,
0xfe,0xff,0x88,0xbf,0x18,0x00,0x01,0xd5,0x80,0x30,0x1e,0x00,0x00,0x00,0xc0,0xbf,
0x80,0x50,0x52,0xca,0x80,0x4e,0x26,0x28,0x80,0x4c,0x52,0xca,0x80,0x4a,0x24,0x26,
0x4a,0x30,0x89,0x7c,0xff,0x0c,0x31,0x4b,0x80,0xff,0xff,0xff,0x01,0x00,0x85,0xbf,
0x7c,0xc0,0x05,0xc4,0x98,0xa8,0x80,0x40,0x98,0x00,0x00,0x00,0x7c,0xc0,0x05,0xc4,
0x9c,0xa8,0x80,0x40,0x9c,0x00,0x00,0x00,0x06,0x6a,0x6a,0x8b,0x17,0x00,0x01,0xd5,
0x80,0x2e,0x1e,0x00,0x16,0x00,0x01,0xd5,0x80,0x2c,0x1e,0x00,0x15,0x00,0x01,0xd5,
0x80,0x2a,0x1e,0x00,0x01,0x00,0xc0,0xbf,0xfe,0xff,0x88,0xbf,0x80,0x30,0x61,0x03,
0xb0,0x2a,0x31,0x4f,0x80,0x36,0x53,0xca,0x80,0x34,0xb3,0xb3,0x80,0x32,0x63,0x03,
0x03,0x00,0x87,0xbf,0x4a,0x30,0x89,0x7c,0x06,0x6a,0x6a,0x8b,0x00,0x00,0xc0,0xbf,
0xfe,0xff,0x88,0xbf,0x80,0x3c,0x6d,0x03,0x80,0x38,0x69,0x03,0x00,0x00,0x7c,0xdb,
0x87,0x01,0x00,0x00,0x10,0x00,0x7c,0xdb,0x87,0x11,0x00,0x00,0x20,0x08,0x7c,0xdb,
0x87,0x09,0x00,0x00,0x10,0x08,0x7c,0xdb,0x87,0x05,0x00,0x00,0x20,0x10,0x7c,0xdb,
0x87,0x19,0x00,0x00,0x30,0x10,0x7c,0xdb,0x87,0x0d,0x00,0x00,0x40,0x18,0x7c,0xdb,
0x87,0x21,0x00,0x00,0x30,0x18,0x7c,0xdb,0x87,0x1d,0x00,0x00,0x40,0x20,0x7c,0xdb,
0x87,0x15,0x00,0x00,0x50,0x20,0x7c,0xdb,0x87,0x25,0x00,0x00,0xc0,0x0c,0x03,0x4e,
0xa0,0x0c,0x05,0x4e,0x02,0x00,0x85,0xbf,0x7c,0xc0,0x05,0xc4,0xb8,0xa8,0x80,0x40,
0x01,0x00,0x00,0x00,0x7c,0xc0,0x05,0xc4,0xbc,0xa8,0x80,0x40,0x02,0x00,0x00,0x00,
0x7c,0xc0,0x05,0xc4,0xc0,0xa8,0x80,0x40,0x86,0x00,0x00,0x00,0x00,0x00,0xc6,0xbf,
0xc1,0x4e,0x80,0xbe,0xff,0xff,0x94,0xbf,0x00,0x00,0xfc,0xdb,0x55,0x00,0x00,0x09,
0x20,0x10,0xfc,0xdb,0x55,0x00,0x00,0x0d,0x00,0x01,0xfc,0xdb,0x55,0x00,0x00,0x11,
0x20,0x11,0xfc,0xdb,0x55,0x00,0x00,0x15,0x00,0x02,0xfc,0xdb,0x55,0x00,0x00,0x19,
0x20,0x12,0xfc,0xdb,0x55,0x00,0x00,0x1d,0x00,0x03,0xfc,0xdb,0x55,0x00,0x00,0x21,
0x20,0x13,0xfc,0xdb,0x55,0x00,0x00,0x25,0x80,0x3e,0x6f,0x03,0x80,0x3a,0x6b,0x03,
0x00,0x04,0xfc,0xdb,0x55,0x00,0x00,0x98,0x20,0x14,0xfc,0xdb,0x55,0x00,0x00,0x9c,
0x00,0x05,0xfc,0xdb,0x55,0x00,0x00,0xa0,0x20,0x15,0xfc,0xdb,0x55,0x00,0x00,0xa4,
0x00,0x06,0xfc,0xdb,0x55,0x00,0x00,0xa8,0x20,0x16,0xfc,0xdb,0x55,0x00,0x00,0xac,
0x00,0x07,0xfc,0xdb,0x55,0x00,0x00,0xc4,0x20,0x17,0xfc,0xdb,0x55,0x00,0x00,0xc8,
0x0f,0x00,0xc6,0xbf,0x01,0x40,0x40,0xcc,0x09,0x61,0x03,0x1a,0x0e,0x00,0xc6,0xbf,
0xc1,0x00,0x87,0xbf,0x01,0x40,0x40,0xcc,0x0d,0x69,0x07,0x1c,0x0d,0x00,0xc6,0xbf,
0x09,0x40,0x40,0xcc,0x11,0x61,0x03,0x1a,0x0c,0x00,0xc6,0xbf,0x09,0x40,0x40,0xcc,
0x15,0x69,0x27,0x1c,0x0b,0x00,0xc6,0xbf,0x11,0x40,0x40,0xcc,0x19,0x61,0x03,0x1a,
0x0a,0x00,0xc6,0xbf,0xc1,0x00,0x87,0xbf,0x11,0x40,0x40,0xcc,0x1d,0x69,0x47,0x1c,
0x09,0x00,0xc6,0xbf,0x19,0x40,0x40,0xcc,0x21,0x61,0x03,0x1a,0x08,0x00,0xc6,0xbf,
0x19,0x40,0x40,0xcc,0x25,0x69,0x67,0x1c,0x07,0x00,0xc6,0xbf,0x21,0x40,0x40,0xcc,
0x98,0x61,0x03,0x1a,0x06,0x00,0xc6,0xbf,0xc1,0x00,0x87,0xbf,0x21,0x40,0x40,0xcc,
0x9c,0x69,0x87,0x1c,0x05,0x00,0xc6,0xbf,0x98,0x40,0x40,0xcc,0xa0,0x61,0x03,0x1a,
0x04,0x00,0xc6,0xbf,0x98,0x40,0x40,0xcc,0xa4,0x69,0x63,0x1e,0x03,0x00,0xc6,0xbf,
0xa0,0x40,0x40,0xcc,0xa8,0x61,0x03,0x1a,0x02,0x00,0xc6,0xbf,0x51,0x01,0x87,0xbf,
0xa0,0x40,0x40,0xcc,0xac,0x69,0x83,0x1e,0x01,0x00,0xc6,0xbf,0xa8,0x40,0x40,0xcc,
0xc4,0x61,0x03,0x1a,0xa0,0x2a,0x61,0x4f,0x00,0x00,0xc6,0xbf,0xa8,0x40,0x40,0xcc,
0xc8,0x69,0xa3,0x1e,0x02,0x00,0x87,0xbf,0x4a,0x60,0x89,0x7c,0x06,0x6a,0x6a,0x8b,
0x02,0x00,0xc0,0xbf,0xfe,0xff,0x88,0xbf,0x80,0x76,0x53,0xca,0x80,0x74,0xb3,0xb3,
0x80,0x72,0x53,0xca,0x80,0x70,0xb1,0xb1,0x40,0x20,0xfc,0xdb,0x55,0x00,0x00,0xb4,
0x40,0x21,0xfc,0xdb,0x55,0x00,0x00,0xb8,0x01,0x00,0xc6,0xbf,0x01,0x40,0x40,0xcc,
0xb4,0x61,0x07,0x1c,0x00,0x00,0xc6,0xbf,0x09,0x40,0x40,0xcc,0xb8,0x61,0x27,0x1c,
0x40,0x22,0xfc,0xdb,0x55,0x00,0x00,0xb4,0x40,0x23,0xfc,0xdb,0x55,0x00,0x00,0xb8,
0x01,0x00,0xc6,0xbf,0x11,0x40,0x40,0xcc,0xb4,0x61,0x47,0x1c,0x00,0x00,0xc6,0xbf,
0x19,0x40,0x40,0xcc,0xb8,0x61,0x67,0x1c,0x40,0x24,0xfc,0xdb,0x55,0x00,0x00,0xb4,
0x40,0x25,0xfc,0xdb,0x55,0x00,0x00,0xb8,0x01,0x00,0xc6,0xbf,0x21,0x40,0x40,0xcc,
0xb4,0x61,0x87,0x1c,0x00,0x00,0xc6,0xbf,0x98,0x40,0x40,0xcc,0xb8,0x61,0x63,0x1e,
0x40,0x26,0xfc,0xdb,0x55,0x00,0x00,0xb4,0x40,0x27,0xfc,0xdb,0x55,0x00,0x00,0xb8,
0x01,0x00,0xc6,0xbf,0xa0,0x40,0x40,0xcc,0xb4,0x61,0x83,0x1e,0x00,0x00,0xc6,0xbf,
0xa8,0x40,0x40,0xcc,0xb8,0x61,0xa3,0x1e,0x60,0x30,0xfc,0xdb,0x55,0x00,0x00,0xb4,
0x60,0x31,0xfc,0xdb,0x55,0x00,0x00,0xb8,0xd0,0x2a,0x61,0x4b,0x01,0x00,0x87,0xbf,
0x4a,0x60,0x89,0x7c,0x06,0x6a,0x6a,0x8b,0x01,0x00,0xc0,0xbf,0xfe,0xff,0x88,0xbf,
0x80,0x7e,0x53,0xca,0x80,0x7c,0xb3,0xb3,0x80,0x7a,0x53,0xca,0x80,0x78,0xb1,0xb1,
0x4a,0x2a,0x89,0x7c,0x01,0x00,0xc6,0xbf,0x02,0x00,0x87,0xbf,0x01,0x40,0x40,0xcc,
0xb4,0x61,0x07,0x1c,0x00,0x00,0xc6,0xbf,0x09,0x40,0x40,0xcc,0xb8,0x61,0x27,0x1c,
0x60,0x32,0xfc,0xdb,0x55,0x00,0x00,0xb4,0x60,0x33,0xfc,0xdb,0x55,0x00,0x00,0xb8,
0x06,0x6a,0x6a,0x8b,0x01,0x00,0xc6,0xbf,0x11,0x40,0x40,0xcc,0xb4,0x61,0x47,0x1c,
0x00,0x00,0xc6,0xbf,0x19,0x40,0x40,0xcc,0xb8,0x61,0x67,0x1c,0x60,0x34,0xfc,0xdb,
0x55,0x00,0x00,0xb4,0x60,0x35,0xfc,0xdb,0x55,0x00,0x00,0xb8,0x01,0x00,0xc6,0xbf,
0x21,0x40,0x40,0xcc,0xb4,0x61,0x87,0x1c,0x00,0x00,0xc6,0xbf,0x98,0x40,0x40,0xcc,
0xb8,0x61,0x63,0x1e,0x60,0x36,0xfc,0xdb,0x55,0x00,0x00,0xb4,0x60,0x37,0xfc,0xdb,
0x55,0x00,0x00,0xb8,0x01,0x00,0xc6,0xbf,0xa0,0x40,0x40,0xcc,0xb4,0x61,0x83,0x1e,
0x00,0x00,0xc6,0xbf,0xa8,0x40,0x40,0xcc,0xb8,0x61,0xa3,0x1e,0x80,0x40,0xfc,0xdb,
0x55,0x00,0x00,0xb4,0x80,0x41,0xfc,0xdb,0x55,0x00,0x00,0xb8,0x00,0x00,0xc0,0xbf,
0xfe,0xff,0x88,0xbf,0x80,0x86,0x53,0xca,0x80,0x84,0xb3,0xb3,0x80,0x82,0x53,0xca,
0x80,0x80,0xb1,0xb1,0x01,0x00,0xc6,0xbf,0x91,0x00,0x87,0xbf,0x01,0x40,0x40,0xcc,
0xb4,0x61,0x07,0x1c,0x4f,0x0c,0x0c,0x10,0x02,0x00,0x87,0xbf,0x4f,0x08,0x08,0x10,
0x00,0x00,0xc6,0xbf,0x09,0x40,0x40,0xcc,0xb8,0x61,0x27,0x1c,0x80,0x42,0xfc,0xdb,
0x55,0x00,0x00,0xb4,0x80,0x43,0xfc,0xdb,0x55,0x00,0x00,0xb8,0x4f,0x02,0xc6,0xc8,
0x4f,0x10,0x08,0x01,0x4f,0x04,0xc6,0xc8,0x4f,0x06,0x02,0x02,0x4f,0x14,0xc6,0xc8,
0x4f,0x0a,0x04,0x0a,0x4f,0x18,0xc6,0xc8,0x4f,0x0e,0x06,0x0c,0x4f,0x1c,0xc6,0xc8,
0x4f,0x12,0x08,0x0e,0x4f,0x20,0x20,0x10,0x01,0x00,0xc6,0xbf,0x11,0x40,0x40,0xcc,
0xb4,0x61,0x47,0x1c,0x00,0x00,0xc6,0xbf,0x19,0x40,0x40,0xcc,0xb8,0x61,0x67,0x1c,
0x80,0x44,0xfc,0xdb,0x55,0x00,0x00,0xb4,0x80,0x45,0xfc,0xdb,0x55,0x00,0x00,0xb8,
0x4f,0x16,0x16,0x10,0x4f,0x1a,0xc6,0xc8,0x4f,0x28,0x14,0x0d,0x4f,0x24,0xc6,0xc8,
0x4f,0x1e,0x0e,0x12,0x4f,0x2c,0xc6,0xc8,0x4f,0x22,0x10,0x16,0x4f,0x30,0xc6,0xc8,
0x4f,0x26,0x12,0x18,0x4f,0x34,0xc6,0xc8,0x4f,0x2a,0x14,0x1a,0x4f,0x38,0xc6,0xc8,
0x4f,0x2e,0x16,0x1c,0x4f,0x3c,0xc6,0xc8,0x4f,0x32,0x18,0x1e,0x4f,0x40,0x40,0x10,
0x01,0x00,0xc6,0xbf,0x21,0x40,0x40,0xcc,0xb4,0x61,0x87,0x1c,0x00,0x00,0xc6,0xbf,
0x98,0x40,0x40,0xcc,0xb8,0x61,0x63,0x1e,0x80,0x46,0xfc,0xdb,0x55,0x00,0x00,0xb4,
0x80,0x47,0xfc,0xdb,0x55,0x00,0x00,0xb8,0x4f,0x36,0x36,0x10,0x4f,0x3a,0xc6,0xc8,
0x4f,0x48,0x24,0x1d,0x4f,0x4a,0x4a,0x10,0x4f,0x4e,0xc6,0xc8,0x4f,0x44,0x22,0x27,
0x4f,0x3e,0xc6,0xc8,0x4f,0x4c,0x26,0x1f,0x4f,0x42,0xc6,0xc8,0x4f,0x50,0x28,0x21,
0x4f,0x46,0xc6,0xc8,0x4f,0x30,0x99,0x23,0x00,0x00,0xc6,0xbf,0xc1,0x4e,0x80,0xbe,
0xff,0xff,0x94,0xbf,0x00,0x00,0xc6,0xbf,0xc1,0x4e,0x80,0xbe,0xff,0xff,0x94,0xbf,
0xa0,0x40,0x40,0xcc,0xb4,0x61,0x83,0x1e,0xa8,0x40,0x40,0xcc,0xb8,0x61,0xa3,0x1e,
0x4f,0x32,0xc7,0xc8,0x4f,0x3c,0xb7,0xb1,0x81,0xa8,0x32,0x39,0x13,0x02,0x87,0xbf,
0x4f,0x34,0xc7,0xc8,0x4f,0x5e,0xc7,0xb2,0x4f,0x52,0xc7,0xc8,0x4f,0x5c,0xc7,0xc1,
0x43,0x02,0x87,0xbf,0x47,0x32,0x33,0x4b,0x4f,0x36,0xc7,0xc8,0x4f,0x40,0xb9,0xb3,
0x4f,0x38,0xc7,0xc8,0x4f,0x3a,0xb5,0xb4,0x4f,0x44,0x75,0x11,0x49,0x32,0x89,0x7c,
0x82,0xa8,0x32,0x39,0x4f,0x3e,0xc7,0xc8,0x4f,0x48,0xbd,0xb7,0x4f,0x42,0xc7,0xc8,
0x4f,0x4c,0xbf,0xb9,0x03,0x00,0x87,0xbf,0x47,0x32,0x33,0x4b,0xfd,0xff,0x88,0xbf,
0xff,0x04,0x5e,0x03,0x00,0x00,0x80,0xff,0x4f,0x46,0xc7,0xc8,0x4f,0x50,0xc1,0xbb,
0x4f,0x4a,0xc7,0xc8,0x4f,0x54,0xc3,0xbd,0x07,0x00,0x44,0xd4,0x49,0x32,0x03,0x00,
0x83,0xa8,0x32,0x39,0x4f,0x4e,0xc7,0xc8,0x4f,0x58,0xc5,0xbf,0xff,0xf1,0x88,0xbf,
0xae,0x00,0x01,0xd5,0xff,0x06,0x1e,0x00,0x00,0x00,0x80,0xff,0x93,0x00,0x87,0xbf,
0x47,0x32,0x33,0x4b,0x08,0x00,0x44,0xd4,0x49,0x32,0x03,0x00,0x84,0xa8,0x32,0x39,
0xff,0xf1,0x88,0xbf,0x03,0x00,0x01,0xd5,0xff,0x08,0x22,0x00,0x00,0x00,0x80,0xff,
0x92,0x00,0x87,0xbf,0x47,0x32,0x33,0x4b,0x09,0x00,0x44,0xd4,0x49,0x32,0x03,0x00,
0x85,0xa8,0x32,0x39,0xff,0xf1,0x88,0xbf,0x02,0x00,0x01,0xd5,0xff,0x0a,0x26,0x00,
0x00,0x00,0x80,0xff,0x92,0x00,0x87,0xbf,0x47,0x32,0x33,0x4b,0x0a,0x00,0x44,0xd4,
0x49,0x32,0x03,0x00,0x86,0xa8,0x32,0x39,0x91,0x00,0x87,0xbf,0x47,0x32,0x33,0x4b,
0x0b,0x00,0x44,0xd4,0x49,0x32,0x03,0x00,0x87,0xa8,0x32,0x39,0x91,0x00,0x87,0xbf,
0x47,0x32,0x33,0x4b,0x0c,0x00,0x44,0xd4,0x49,0x32,0x03,0x00,0x90,0xa8,0x32,0x39,
0x91,0x00,0x87,0xbf,0x47,0x32,0x33,0x4b,0x0d,0x00,0x44,0xd4,0x49,0x32,0x03,0x00,
0x91,0xa8,0x32,0x39,0x91,0x00,0x87,0xbf,0x47,0x32,0x33,0x4b,0x0e,0x00,0x44,0xd4,
0x49,0x32,0x03,0x00,0x92,0xa8,0x32,0x39,0x91,0x00,0x87,0xbf,0x47,0x32,0x33,0x4b,
0x0f,0x00,0x44,0xd4,0x49,0x32,0x03,0x00,0x93,0xa8,0x32,0x39,0x91,0x00,0x87,0xbf,
0x47,0x32,0x33,0x4b,0x10,0x00,0x44,0xd4,0x49,0x32,0x03,0x00,0x94,0xa8,0x32,0x39,
0x91,0x00,0x87,0xbf,0x47,0x32,0x33,0x4b,0x11,0x00,0x44,0xd4,0x49,0x32,0x03,0x00,
0x95,0xa8,0x32,0x39,0x91,0x00,0x87,0xbf,0x47,0x32,0x33,0x4b,0x12,0x00,0x44,0xd4,
0x49,0x32,0x03,0x00,0x96,0xa8,0x32,0x39,0x91,0x00,0x87,0xbf,0x47,0x32,0x33,0x4b,
0x13,0x00,0x44,0xd4,0x49,0x32,0x03,0x00,0x97,0xa8,0x32,0x39,0x91,0x00,0x87,0xbf,
0x47,0x32,0x33,0x4b,0x14,0x00,0x44,0xd4,0x49,0x32,0x03,0x00,0xa0,0xa8,0x32,0x39,
0x91,0x00,0x87,0xbf,0x47,0x32,0x33,0x4b,0x15,0x00,0x44,0xd4,0x49,0x32,0x03,0x00,
0xa1,0xa8,0x32,0x39,0x91,0x00,0x87,0xbf,0x47,0x32,0x33,0x4b,0x16,0x00,0x44,0xd4,
0x49,0x32,0x03,0x00,0xa2,0xa8,0x32,0x39,0x91,0x00,0x87,0xbf,0x47,0x32,0x33,0x4b,
0x17,0x00,0x44,0xd4,0x49,0x32,0x03,0x00,0xa3,0xa8,0x32,0x39,0x91,0x00,0x87,0xbf,
0x47,0x32,0x33,0x4b,0x18,0x00,0x44,0xd4,0x49,0x32,0x03,0x00,0xa4,0xa8,0x32,0x39,
0x91,0x00,0x87,0xbf,0x47,0x32,0x33,0x4b,0x19,0x00,0x44,0xd4,0x49,0x32,0x03,0x00,
0x47,0xac,0x32,0x4b,0xff,0xf1,0x88,0xbf,0x9a,0x00,0x01,0xd5,0xff,0x2a,0x66,0x00,
0x00,0x00,0x80,0xff,0x42,0x01,0x87,0xbf,0x1a,0x00,0x44,0xd4,0x49,0x32,0x03,0x00,
0x47,0xae,0x32,0x4b,0xff,0xf1,0x88,0xbf,0x9b,0x00,0x01,0xd5,0xff,0x2c,0x6a,0x00,
0x00,0x00,0x80,0xff,0x1b,0x00,0x44,0xd4,0x49,0x32,0x03,0x00,0x47,0xb0,0x32,0x4b,
0xff,0xf1,0x88,0xbf,0x9c,0x00,0x01,0xd5,0xff,0x2e,0x6e,0x00,0x00,0x00,0x80,0xff,
0x42,0x01,0x87,0xbf,0x1c,0x00,0x44,0xd4,0x49,0x32,0x03,0x00,0x47,0xb2,0x32,0x4b,
0xff,0xf1,0x88,0xbf,0x9d,0x00,0x01,0xd5,0xff,0x30,0x72,0x00,0x00,0x00,0x80,0xff,
0x1d,0x00,0x44,0xd4,0x49,0x32,0x03,0x00,0x47,0xb4,0x32,0x4b,0xff,0xf1,0x88,0xbf,
0x9e,0x00,0x01,0xd5,0xff,0x32,0x76,0x00,0x00,0x00,0x80,0xff,0x42,0x01,0x87,0xbf,
0x1e,0x00,0x44,0xd4,0x49,0x32,0x03,0x00,0x47,0xb6,0x32,0x4b,0xff,0xf1,0x88,0xbf,
0xa0,0x00,0x01,0xd5,0xff,0x34,0x7a,0x00,0x00,0x00,0x80,0xff,0x1f,0x00,0x44,0xd4,
0x49,0x32,0x03,0x00,0x47,0xb8,0x32,0x4b,0xff,0xf1,0x88,0xbf,0xa2,0x00,0x01,0xd5,
0xff,0x36,0x7e,0x00,0x00,0x00,0x80,0xff,0x42,0x01,0x87,0xbf,0x21,0x00,0x44,0xd4,
0x49,0x32,0x03,0x00,0x47,0xba,0x32,0x4b,0xff,0xf1,0x88,0xbf,0x9f,0x00,0x01,0xd5,
0xff,0x38,0x86,0x00,0x00,0x00,0x80,0xff,0x22,0x00,0x44,0xd4,0x49,0x32,0x03,0x00,
0x47,0xbc,0x32,0x4b,0xff,0xf1,0x88,0xbf,0xa1,0x00,0x01,0xd5,0xff,0x3a,0x8a,0x00,
0x00,0x00,0x80,0xff,0x42,0x01,0x87,0xbf,0x23,0x00,0x44,0xd4,0x49,0x32,0x03,0x00,
0x47,0xbe,0x32,0x4b,0xff,0xf1,0x88,0xbf,0xa3,0x00,0x01,0xd5,0xff,0x3c,0x8e,0x00,
0x00,0x00,0x80,0xff,0x24,0x00,0x44,0xd4,0x49,0x32,0x03,0x00,0x47,0xc0,0x32,0x4b,
0xff,0xf1,0x88,0xbf,0xa4,0x00,0x01,0xd5,0xff,0x3e,0x92,0x00,0x00,0x00,0x80,0xff,
0x42,0x01,0x87,0xbf,0x25,0x00,0x44,0xd4,0x49,0x32,0x03,0x00,0x47,0xc2,0x32,0x4b,
0xff,0xf1,0x88,0xbf,0xa5,0x00,0x01,0xd5,0xff,0x40,0x96,0x00,0x00,0x00,0x80,0xff,
0x26,0x00,0x44,0xd4,0x49,0x32,0x03,0x00,0x47,0xc4,0x32,0x4b,0xff,0xf1,0x88,0xbf,
0xa7,0x00,0x01,0xd5,0xff,0x42,0x9a,0x00,0x00,0x00,0x80,0xff,0x42,0x01,0x87,0xbf,
0x27,0x00,0x44,0xd4,0x49,0x32,0x03,0x00,0x47,0xc6,0x32,0x4b,0xff,0xf1,0x88,0xbf,
0xa9,0x00,0x01,0xd5,0xff,0x44,0x9e,0x00,0x00,0x00,0x80,0xff,0x28,0x00,0x44,0xd4,
0x49,0x32,0x03,0x00,0x47,0xc8,0x32,0x4b,0xff,0xf1,0x88,0xbf,0xaa,0x00,0x01,0xd5,
0xff,0x46,0xa2,0x00,0x00,0x00,0x80,0xff,0x42,0x01,0x87,0xbf,0x29,0x00,0x44,0xd4,
0x49,0x32,0x03,0x00,0x47,0xca,0x32,0x4b,0xff,0xf1,0x88,0xbf,0xa6,0x00,0x01,0xd5,
0xff,0x48,0xa6,0x00,0x00,0x00,0x80,0xff,0x2a,0x00,0x44,0xd4,0x49,0x32,0x03,0x00,
0x47,0xcc,0x32,0x4b,0xff,0xf1,0x88,0xbf,0xa8,0x00,0x01,0xd5,0xff,0x4a,0xaa,0x00,
0x00,0x00,0x80,0xff,0xa2,0x00,0x87,0xbf,0x2b,0x00,0x44,0xd4,0x49,0x32,0x03,0x00,
0x47,0xce,0x32,0x4b,0x2c,0x00,0x44,0xd4,0x49,0x32,0x03,0x00,0x47,0xd0,0x32,0x4b,
0x41,0x01,0x87,0xbf,0x2d,0x00,0x44,0xd4,0x49,0x32,0x03,0x00,0x47,0xd2,0x32,0x4b,
0xff,0xf1,0x88,0xbf,0xac,0x00,0x01,0xd5,0xff,0x50,0xb6,0x00,0x00,0x00,0x80,0xff,
0x2e,0x00,0x44,0xd4,0x49,0x32,0x03,0x00,0x47,0xd4,0x32,0x4b,0xff,0xf1,0x88,0xbf,
0x28,0x00,0x01,0xd5,0xff,0x30,0xbb,0x00,0x00,0x00,0x80,0xff,0xa2,0x00,0x87,0xbf,
0x2f,0x00,0x44,0xd4,0x49,0x32,0x03,0x00,0x47,0xd6,0x32,0x4b,0x30,0x00,0x44,0xd4,
0x49,0x32,0x03,0x00,0x47,0xd8,0x32,0x4b,0x41,0x01,0x87,0xbf,0x31,0x00,0x44,0xd4,
0x49,0x32,0x03,0x00,0x47,0xda,0x32,0x4b,0xff,0xf1,0x88,0xbf,0x25,0x00,0x01,0xd5,
0xff,0x66,0xc7,0x00,0x00,0x00,0x80,0xff,0x32,0x00,0x44,0xd4,0x49,0x32,0x03,0x00,
0x47,0xdc,0x32,0x4b,0xff,0xf1,0x88,0xbf,0x24,0x00,0x01,0xd5,0xff,0x68,0xcb,0x00,
0x00,0x00,0x80,0xff,0x42,0x01,0x87,0xbf,0x33,0x00,0x44,0xd4,0x49,0x32,0x03,0x00,
0x47,0xde,0x32,0x4b,0xff,0xf1,0x88,0xbf,0x23,0x00,0x01,0xd5,0xff,0x6a,0xcf,0x00,
0x00,0x00,0x80,0xff,0x34,0x00,0x44,0xd4,0x49,0x32,0x03,0x00,0x47,0xe0,0x32,0x4b,
0xff,0xf1,0x88,0xbf,0x22,0x00,0x01,0xd5,0xff,0x6c,0xd3,0x00,0x00,0x00,0x80,0xff,
0x42,0x01,0x87,0xbf,0x35,0x00,0x44,0xd4,0x49,0x32,0x03,0x00,0x47,0xe2,0x32,0x4b,
0xff,0xf1,0x88,0xbf,0x21,0x00,0x01,0xd5,0xff,0x6e,0xd7,0x00,0x00,0x00,0x80,0xff,
0x36,0x00,0x44,0xd4,0x49,0x32,0x03,0x00,0x47,0xe4,0x32,0x4b,0xff,0xf1,0x88,0xbf,
0x20,0x00,0x01,0xd5,0xff,0x70,0xdb,0x00,0x00,0x00,0x80,0xff,0x42,0x01,0x87,0xbf,
0x37,0x00,0x44,0xd4,0x49,0x32,0x03,0x00,0x47,0xe6,0x32,0x4b,0xff,0xf1,0x88,0xbf,
0x1f,0x00,0x01,0xd5,0xff,0x72,0xdf,0x00,0x00,0x00,0x80,0xff,0x38,0x00,0x44,0xd4,
0x49,0x32,0x03,0x00,0x47,0x10,0x33,0x4b,0xff,0xf1,0x88,0xbf,0x1e,0x00,0x01,0xd5,
0xff,0x74,0xe3,0x00,0x00,0x00,0x80,0xff,0x42,0x01,0x87,0xbf,0x39,0x00,0x44,0xd4,
0x49,0x32,0x03,0x00,0x47,0x12,0x33,0x4b,0xff,0xf1,0x88,0xbf,0x1d,0x00,0x01,0xd5,
0xff,0x76,0xe7,0x00,0x00,0x00,0x80,0xff,0x3a,0x00,0x44,0xd4,0x49,0x32,0x03,0x00,
0x47,0x14,0x33,0x4b,0xff,0xf1,0x88,0xbf,0x1c,0x00,0x01,0xd5,0xff,0x78,0xeb,0x00,
0x00,0x00,0x80,0xff,0x42,0x01,0x87,0xbf,0x3b,0x00,0x44,0xd4,0x49,0x32,0x03,0x00,
0x47,0x16,0x33,0x4b,0xff,0xf1,0x88,0xbf,0x1b,0x00,0x01,0xd5,0xff,0x7a,0xef,0x00,
0x00,0x00,0x80,0xff,0x3c,0x00,0x44,0xd4,0x49,0x32,0x03,0x00,0x47,0x18,0x33,0x4b,
0xff,0xf1,0x88,0xbf,0x1a,0x00,0x01,0xd5,0xff,0x7c,0xf3,0x00,0x00,0x00,0x80,0xff,
0x42,0x01,0x87,0xbf,0x3d,0x00,0x44,0xd4,0x49,0x32,0x03,0x00,0x47,0x1a,0x33,0x4b,
0xff,0xf1,0x88,0xbf,0x19,0x00,0x01,0xd5,0xff,0x7e,0xf7,0x00,0x00,0x00,0x80,0xff,
0x3e,0x00,0x44,0xd4,0x49,0x32,0x03,0x00,0x47,0x1c,0x33,0x4b,0xff,0xf1,0x88,0xbf,
0x18,0x00,0x01,0xd5,0xff,0x80,0xfb,0x00,0x00,0x00,0x80,0xff,0x42,0x01,0x87,0xbf,
0x3f,0x00,0x44,0xd4,0x49,0x32,0x03,0x00,0x47,0x1e,0x33,0x4b,0xff,0xf1,0x88,0xbf,
0x17,0x00,0x01,0xd5,0xff,0x82,0xff,0x00,0x00,0x00,0x80,0xff,0x40,0x00,0x44,0xd4,
0x49,0x32,0x03,0x00,0x47,0x20,0x33,0x4b,0xff,0xf1,0x88,0xbf,0x16,0x00,0x01,0xd5,
0xff,0x84,0x03,0x01,0x00,0x00,0x80,0xff,0xa2,0x00,0x87,0xbf,0x41,0x00,0x44,0xd4,
0x49,0x32,0x03,0x00,0x47,0x22,0x33,0x4b,0x42,0x00,0x44,0xd4,0x49,0x32,0x03,0x00,
0x47,0x24,0x33,0x4b,0xa1,0x00,0x87,0xbf,0x43,0x00,0x44,0xd4,0x49,0x32,0x03,0x00,
0x47,0x26,0x33,0x4b,0x44,0x00,0x44,0xd4,0x49,0x32,0x03,0x00,0x47,0x28,0x33,0x4b,
0xa1,0x00,0x87,0xbf,0x45,0x00,0x44,0xd4,0x49,0x32,0x03,0x00,0x47,0xa8,0x32,0x4b,
0x46,0x00,0x44,0xd4,0x49,0x32,0x03,0x00,0x99,0x00,0x01,0xd5,0xff,0x28,0x62,0x00,
0x00,0x00,0x80,0xff,0xff,0xf1,0x88,0xbf,0x14,0x00,0x01,0xd5,0xff,0x88,0x0b,0x01,
0x00,0x00,0x80,0xff,0xb0,0x00,0x01,0xd5,0xff,0x02,0x1a,0x01,0x00,0x00,0x80,0xff,
0x91,0x00,0x87,0xbf,0xff,0x60,0x03,0x2c,0xff,0xff,0x7f,0xff,0x01,0x5f,0x23,0x7c,
0xfd,0xff,0x88,0xbf,0x01,0x5f,0x03,0x02,0xb1,0x00,0x87,0xbf,0x01,0x5d,0x23,0x7c,
0xfd,0xff,0x88,0xbf,0x01,0x5d,0x03,0x02,0x01,0x07,0x22,0x7c,0x4f,0x5a,0x8b,0x11,
0xad,0x00,0x01,0xd5,0xff,0x4e,0xb2,0x00,0x00,0x00,0x80,0xff,0x27,0x00,0x01,0xd5,
0xff,0x62,0xbf,0x00,0x00,0x00,0x80,0xff,0xfd,0xff,0x88,0xbf,0x01,0x07,0x08,0x02,
0x01,0x00,0x01,0xd5,0xff,0x0c,0x2a,0x00,0x00,0x00,0x80,0xff,0x42,0x01,0x87,0xbf,
0x04,0x05,0x22,0x7c,0xfd,0xff,0x88,0xbf,0x04,0x05,0x0a,0x02,0x04,0x00,0x01,0xd5,
0xff,0x0e,0x2e,0x00,0x00,0x00,0x80,0xff,0x05,0x03,0x22,0x7c,0x4f,0x56,0x87,0x11,
0xab,0x00,0x01,0xd5,0xff,0x4c,0xae,0x00,0x00,0x00,0x80,0xff,0x26,0x00,0x01,0xd5,
0xff,0x64,0xc3,0x00,0x00,0x00,0x80,0xff,0xfd,0xff,0x88,0xbf,0x05,0x03,0x0c,0x02,
0x05,0x00,0x01,0xd5,0xff,0x10,0x32,0x00,0x00,0x00,0x80,0xff,0x15,0x00,0x01,0xd5,
0xff,0x86,0x07,0x01,0x00,0x00,0x80,0xff,0x43,0x01,0x87,0xbf,0x06,0x09,0x22,0x7c,
0xfd,0xff,0x88,0xbf,0x06,0x09,0x0e,0x02,0x06,0x00,0x01,0xd5,0xff,0x12,0x36,0x00,
0x00,0x00,0x80,0xff,0x07,0x0b,0x22,0x7c,0xfd,0xff,0x88,0xbf,0x07,0x0b,0x10,0x02,
0x07,0x00,0x01,0xd5,0xff,0x14,0x3a,0x00,0x00,0x00,0x80,0xff,0x42,0x01,0x87,0xbf,
0x08,0x0d,0x22,0x7c,0xfd,0xff,0x88,0xbf,0x08,0x0d,0x12,0x02,0x08,0x00,0x01,0xd5,
0xff,0x16,0x3e,0x00,0x00,0x00,0x80,0xff,0x09,0x0f,0x22,0x7c,0xfd,0xff,0x88,0xbf,
0x09,0x0f,0x14,0x02,0x09,0x00,0x01,0xd5,0xff,0x18,0x42,0x00,0x00,0x00,0x80,0xff,
0x42,0x01,0x87,0xbf,0x0a,0x11,0x22,0x7c,0xfd,0xff,0x88,0xbf,0x0a,0x11,0x16,0x02,
0x0a,0x00,0x01,0xd5,0xff,0x1a,0x46,0x00,0x00,0x00,0x80,0xff,0x0b,0x13,0x22,0x7c,
0xfd,0xff,0x88,0xbf,0x0b,0x13,0x18,0x02,0x0b,0x00,0x01,0xd5,0xff,0x1c,0x4a,0x00,
0x00,0x00,0x80,0xff,0x42,0x01,0x87,0xbf,0x0c,0x15,0x22,0x7c,0xfd,0xff,0x88,0xbf,
0x0c,0x15,0x1a,0x02,0x0c,0x00,0x01,0xd5,0xff,0x1e,0x4e,0x00,0x00,0x00,0x80,0xff,
0x0d,0x17,0x22,0x7c,0xfd,0xff,0x88,0xbf,0x0d,0x17,0x1c,0x02,0x0d,0x00,0x01,0xd5,
0xff,0x20,0x52,0x00,0x00,0x00,0x80,0xff,0x42,0x01,0x87,0xbf,0x0e,0x19,0x22,0x7c,
0xfd,0xff,0x88,0xbf,0x0e,0x19,0x1e,0x02,0x0e,0x00,0x01,0xd5,0xff,0x22,0x56,0x00,
0x00,0x00,0x80,0xff,0x0f,0x1b,0x22,0x7c,0xfd,0xff,0x88,0xbf,0x0f,0x1b,0x20,0x02,
0x0f,0x00,0x01,0xd5,0xff,0x24,0x5a,0x00,0x00,0x00,0x80,0xff,0x12,0x00,0x01,0xd5,
0xff,0x8c,0x13,0x01,0x00,0x00,0x80,0xff,0xd3,0x01,0x87,0xbf,0x10,0x1d,0x22,0x7c,
0xfd,0xff,0x88,0xbf,0x10,0x1d,0x22,0x02,0x10,0x00,0x01,0xd5,0xff,0x26,0x5e,0x00,
0x00,0x00,0x80,0xff,0x13,0x00,0x01,0xd5,0xff,0x8a,0x0f,0x01,0x00,0x00,0x80,0xff,
0x11,0x1f,0x22,0x7c,0xfd,0xff,0x88,0xbf,0x11,0x1f,0x22,0x02,0xb1,0x00,0x87,0xbf,
0x11,0x21,0x22,0x7c,0xfd,0xff,0x88,0xbf,0x11,0x21,0x22,0x02,0x11,0x33,0x23,0x7c,
0xfd,0xff,0x88,0xbf,0x11,0x33,0x23,0x02,0xb1,0x00,0x87,0xbf,0x11,0x35,0x23,0x7c,
0xfd,0xff,0x88,0xbf,0x11,0x35,0x23,0x02,0x11,0x37,0x23,0x7c,0xfd,0xff,0x88,0xbf,
0x11,0x37,0x23,0x02,0xb1,0x00,0x87,0xbf,0x11,0x39,0x23,0x7c,0xfd,0xff,0x88,0xbf,
0x11,0x39,0x23,0x02,0x11,0x3b,0x23,0x7c,0xfd,0xff,0x88,0xbf,0x11,0x3b,0x23,0x02,
0xb1,0x00,0x87,0xbf,0x11,0x3d,0x23,0x7c,0xfd,0xff,0x88,0xbf,0x11,0x3d,0x23,0x02,
0x11,0x41,0x23,0x7c,0xfd,0xff,0x88,0xbf,0x11,0x41,0x23,0x02,0xb1,0x00,0x87,0xbf,
0x11,0x45,0x23,0x7c,0xfd,0xff,0x88,0xbf,0x11,0x45,0x23,0x02,0x11,0x3f,0x23,0x7c,
0xfd,0xff,0x88,0xbf,0x11,0x3f,0x23,0x02,0xb1,0x00,0x87,0xbf,0x11,0x43,0x23,0x7c,
0xfd,0xff,0x88,0xbf,0x11,0x43,0x23,0x02,0x11,0x47,0x23,0x7c,0xfd,0xff,0x88,0xbf,
0x11,0x47,0x23,0x02,0xb1,0x00,0x87,0xbf,0x11,0x49,0x23,0x7c,0xfd,0xff,0x88,0xbf,
0x11,0x49,0x23,0x02,0x11,0x4b,0x23,0x7c,0xfd,0xff,0x88,0xbf,0x11,0x4b,0x23,0x02,
0xb1,0x00,0x87,0xbf,0x11,0x4f,0x23,0x7c,0xfd,0xff,0x88,0xbf,0x11,0x4f,0x23,0x02,
0x11,0x53,0x23,0x7c,0xfd,0xff,0x88,0xbf,0x11,0x53,0x23,0x02,0xb1,0x00,0x87,0xbf,
0x11,0x55,0x23,0x7c,0xfd,0xff,0x88,0xbf,0x11,0x55,0x23,0x02,0x11,0x4d,0x23,0x7c,
0xfd,0xff,0x88,0xbf,0x11,0x4d,0x23,0x02,0xb1,0x00,0x87,0xbf,0x11,0x51,0x23,0x7c,
0xfd,0xff,0x88,0xbf,0x11,0x51,0x23,0x02,0x11,0x57,0x23,0x7c,0xfd,0xff,0x88,0xbf,
0x11,0x57,0x23,0x02,0xb1,0x00,0x87,0xbf,0x11,0x5b,0x23,0x7c,0xfd,0xff,0x88,0xbf,
0x11,0x5b,0x23,0x02,0x11,0x59,0x23,0x7c,0xfd,0xff,0x88,0xbf,0x11,0x59,0x23,0x02,
0xb1,0x00,0x87,0xbf,0x11,0x51,0x22,0x7c,0xfd,0xff,0x88,0xbf,0x11,0x51,0x22,0x02,
0x11,0x4f,0x22,0x7c,0xfd,0xff,0x88,0xbf,0x11,0x4f,0x22,0x02,0xb1,0x00,0x87,0xbf,
0x11,0x4d,0x22,0x7c,0xfd,0xff,0x88,0xbf,0x11,0x4d,0x22,0x02,0x11,0x4b,0x22,0x7c,
0xfd,0xff,0x88,0xbf,0x11,0x4b,0x22,0x02,0xb1,0x00,0x87,0xbf,0x11,0x49,0x22,0x7c,
0xfd,0xff,0x88,0xbf,0x11,0x49,0x22,0x02,0x11,0x47,0x22,0x7c,0xfd,0xff,0x88,0xbf,
0x11,0x47,0x22,0x02,0xb1,0x00,0x87,0xbf,0x11,0x45,0x22,0x7c,0xfd,0xff,0x88,0xbf,
0x11,0x45,0x22,0x02,0x11,0x43,0x22,0x7c,0xfd,0xff,0x88,0xbf,0x11,0x43,0x22,0x02,
0xb1,0x00,0x87,0xbf,0x11,0x41,0x22,0x7c,0xfd,0xff,0x88,0xbf,0x11,0x41,0x22,0x02,
0x11,0x3f,0x22,0x7c,0xfd,0xff,0x88,0xbf,0x11,0x3f,0x22,0x02,0xb1,0x00,0x87,0xbf,
0x11,0x3d,0x22,0x7c,0xfd,0xff,0x88,0xbf,0x11,0x3d,0x22,0x02,0x11,0x3b,0x22,0x7c,
0xfd,0xff,0x88,0xbf,0x11,0x3b,0x22,0x02,0xb1,0x00,0x87,0xbf,0x11,0x39,0x22,0x7c,
0xfd,0xff,0x88,0xbf,0x11,0x39,0x22,0x02,0x11,0x37,0x22,0x7c,0xfd,0xff,0x88,0xbf,
0x11,0x37,0x22,0x02,0xb1,0x00,0x87,0xbf,0x11,0x35,0x22,0x7c,0xfd,0xff,0x88,0xbf,
0x11,0x35,0x22,0x02,0x11,0x33,0x22,0x7c,0xfd,0xff,0x88,0xbf,0x11,0x33,0x22,0x02,
0xb1,0x00,0x87,0xbf,0x11,0x31,0x22,0x7c,0xfd,0xff,0x88,0xbf,0x11,0x31,0x22,0x02,
0x11,0x2f,0x22,0x7c,0xfd,0xff,0x88,0xbf,0x11,0x2f,0x22,0x02,0xb1,0x00,0x87,0xbf,
0x11,0x2d,0x22,0x7c,0xfd,0xff,0x88,0xbf,0x11,0x2d,0x22,0x02,0x11,0x2b,0x22,0x7c,
0xfd,0xff,0x88,0xbf,0x11,0x2b,0x22,0x02,0xb1,0x00,0x87,0xbf,0x11,0x29,0x22,0x7c,
0xfd,0xff,0x88,0xbf,0x11,0x29,0x22,0x02,0x11,0x27,0x22,0x7c,0xfd,0xff,0x88,0xbf,
0x11,0x27,0x30,0x03,0x11,0x00,0x01,0xd5,0xff,0x8e,0x17,0x01,0x00,0x00,0x80,0xff,
0xb2,0x00,0x87,0xbf,0x98,0x25,0x22,0x7c,0xfd,0xff,0x88,0xbf,0x98,0x25,0x30,0x03,
0x98,0x23,0x22,0x7c,0xfd,0xff,0x88,0xbf,0x98,0x23,0x30,0x03,0x00,0x00,0x34,0xd8,
0x77,0x98,0x00,0x00,0x00,0x00,0xc6,0xbf,0xc1,0x4e,0x80,0xbe,0xff,0xff,0x94,0xbf,
0x00,0x20,0x87,0xbe,0x0a,0x00,0xa5,0xbf,0x00,0x00,0xd8,0xd8,0x77,0x00,0x00,0x98,
0x04,0x00,0xd8,0xd8,0x74,0x00,0x00,0xb1,0x00,0x00,0xc6,0xbf,0x98,0x63,0x23,0x7c,
0xfd,0xff,0x88,0xbf,0x98,0x63,0x31,0x03,0x00,0x00,0x34,0xd8,0x77,0x98,0x00,0x00,
0xfe,0xff,0x88,0xbf,0x7e,0x07,0x7e,0x8c,0x00,0x00,0xc6,0xbf,0xc1,0x4e,0x80,0xbe,
0xff,0xff,0x94,0xbf,0x00,0x00,0xd8,0xd8,0x74,0x00,0x00,0x98,0x00,0x00,0xc6,0xbf,
0xc1,0x4e,0x80,0xbe,0xff,0xff,0x94,0xbf,0x03,0x31,0x63,0x09,0xaf,0x31,0x5f,0x09,
0x21,0x31,0x43,0x08,0x19,0x31,0x33,0x08,0x44,0x02,0x87,0xbf,0x1d,0x31,0x47,0xc9,
0xff,0x62,0xb5,0x1d,0x3b,0xaa,0xb8,0x3f,0x02,0x31,0x65,0x09,0xff,0x5e,0xcb,0xc8,
0x15,0x31,0x15,0x02,0x3b,0xaa,0xb8,0x3f,0x17,0x31,0x2f,0x08,0xb4,0x47,0x7c,0x7f,
0xbd,0x00,0x13,0xd6,0xff,0x62,0xd3,0x86,0x3b,0xaa,0xb8,0x3f,0x04,0x00,0x87,0xbf,
0xb9,0x00,0x13,0xd6,0xff,0x5e,0x0b,0x84,0x3b,0xaa,0xb8,0x3f,0x02,0x47,0x74,0x7f,
0x01,0x31,0x67,0x09,0x13,0x31,0x27,0x08,0x11,0x31,0x23,0x08,0xff,0x5e,0x0b,0xc8,
0xae,0x31,0xaf,0xb9,0x5f,0x70,0xa5,0x32,0xff,0x64,0xcb,0xc8,0xb0,0x31,0xb1,0xb5,
0x3b,0xaa,0xb8,0x3f,0x02,0x75,0x05,0x08,0x93,0x01,0x87,0xbf,0xff,0x66,0xc7,0xc8,
0xff,0x5c,0x03,0xb6,0x3b,0xaa,0xb8,0x3f,0xbf,0x00,0x13,0xd6,0xff,0x64,0xd7,0x86,
0x3b,0xaa,0xb8,0x3f,0x23,0x02,0x87,0xbf,0xff,0x60,0xc9,0xc8,0x02,0x73,0x03,0x01,
0x3b,0xaa,0xb8,0x3f,0xb4,0x7d,0x69,0x09,0xbb,0x00,0x13,0xd6,0xff,0x5c,0x0f,0x84,
0x3b,0xaa,0xb8,0x3f,0x03,0x47,0x78,0x7f,0x04,0x00,0x87,0xbf,0xb7,0x00,0x13,0xd6,
0xff,0x60,0x07,0x84,0x3b,0xaa,0xb8,0x3f,0x01,0x47,0x70,0x7f,0x02,0x4b,0x04,0x7e,
0xff,0x60,0x37,0x7c,0xd0,0x8e,0xce,0xc2,0xb6,0x47,0x84,0x7f,0xff,0x60,0x6f,0x57,
0x5f,0x70,0xa5,0x32,0x01,0x71,0x03,0x08,0xb8,0x11,0x70,0x7f,0xff,0x62,0x7b,0x57,
0x5f,0x70,0xa5,0x32,0xff,0x5c,0x77,0x57,0x5f,0x70,0xa5,0x32,0xbc,0x11,0x72,0x7f,
0x01,0x6f,0x03,0x06,0xba,0x11,0x6e,0x7f,0xb4,0x7b,0x69,0x07,0xc1,0x00,0x13,0xd6,
0xff,0x66,0xdb,0x86,0x3b,0xaa,0xb8,0x3f,0xb5,0x47,0x80,0x7f,0x01,0x4b,0x02,0x7e,
0x02,0x00,0x1c,0xd7,0x02,0x6f,0x03,0x00,0xb4,0x4b,0x68,0x7f,0xbe,0x11,0x74,0x7f,
0xff,0x66,0x0b,0xc8,0xac,0x31,0xad,0xc1,0x5f,0x70,0xa5,0x32,0x28,0x31,0x51,0x08,
0x26,0x31,0x4d,0x08,0x24,0x31,0x49,0x08,0x22,0x31,0x45,0x08,0x06,0x00,0x87,0xbf,
0x01,0x00,0x1c,0xd7,0x01,0x71,0x03,0x00,0x07,0x31,0x71,0x09,0x20,0x31,0x41,0x08,
0x1e,0x31,0x3d,0x08,0xfd,0xff,0x88,0xbf,0x1c,0x31,0x53,0xc9,0x80,0x02,0x00,0x1c,
0xff,0x5e,0x37,0x7c,0xd0,0x8e,0xce,0xc2,0x03,0x79,0x07,0x08,0x1a,0x31,0x35,0x08,
0x18,0x31,0x31,0x08,0x16,0x31,0x2d,0x08,0xfd,0xff,0x88,0xbf,0x80,0x04,0x48,0xca,
0x03,0x77,0x03,0x02,0xff,0x5c,0x37,0x7c,0xd0,0x8e,0xce,0xc2,0x14,0x31,0x29,0x08,
0x12,0x31,0x25,0x08,0x94,0x02,0x87,0xbf,0x03,0x4b,0x06,0x7e,0x03,0x00,0x1c,0xd7,
0x03,0x73,0x03,0x00,0xfd,0xff,0x88,0xbf,0x01,0x00,0x87,0xbf,0x80,0x06,0x06,0x02,
0xff,0x60,0x3d,0x7c,0x18,0x72,0xb1,0x42,0xb6,0x85,0x61,0x09,0x05,0x31,0x41,0xc9,
0xff,0x64,0xbf,0xb6,0x5f,0x70,0xa5,0x32,0xfd,0xff,0x88,0xbf,0xff,0x02,0x02,0x02,
0x00,0x00,0x80,0x7f,0xff,0x5e,0x3d,0x7c,0x18,0x72,0xb1,0x42,0x03,0x00,0x87,0xbf,
0xb0,0x83,0x07,0xc9,0xff,0x6c,0xb7,0xb0,0x3b,0xaa,0xb8,0x3f,0xfd,0xff,0x88,0xbf,
0xff,0x04,0x04,0x02,0x00,0x00,0x80,0x7f,0xff,0x5c,0x3d,0x7c,0x18,0x72,0xb1,0x42,
0xae,0x00,0x1c,0xd7,0xb4,0x75,0x03,0x00,0xfd,0xff,0x88,0xbf,0x04,0x31,0x53,0xc9,
0xff,0x06,0x02,0xb4,0x00,0x00,0x80,0x7f,0xff,0x62,0x37,0x7c,0xd0,0x8e,0xce,0xc2,
0xfd,0xff,0x88,0xbf,0xb5,0x81,0x53,0xc9,0x80,0x5c,0x05,0xb5,0xff,0x62,0x3d,0x7c,
0x18,0x72,0xb1,0x42,0xc2,0x01,0x87,0xbf,0xb5,0x7f,0x6b,0x07,0xc0,0x11,0x5c,0x7f,
0xfd,0xff,0x88,0xbf,0xff,0x08,0x08,0x02,0x00,0x00,0x80,0x7f,0xb5,0x4b,0x5e,0x7f,
0xff,0x68,0x6b,0x11,0x3b,0xaa,0xb8,0x3f,0xff,0x64,0x37,0x7c,0xd0,0x8e,0xce,0xc2,
0x92,0x02,0x87,0xbf,0xb5,0x47,0x62,0x7f,0xae,0x00,0x1c,0xd7,0xaf,0x5d,0x03,0x00,
0xb0,0x4b,0x5e,0x7f,0xb0,0x00,0x13,0xd6,0xff,0x68,0xd7,0x86,0x3b,0xaa,0xb8,0x3f,
0x03,0x00,0x87,0xbf,0xb5,0x63,0x6b,0x09,0xb1,0x11,0x62,0x7f,0xfd,0xff,0x88,0xbf,
0x80,0x5c,0x0b,0x02,0xc2,0x11,0x5c,0x7f,0xff,0x64,0x3d,0x7c,0x18,0x72,0xb1,0x42,
0xff,0x68,0x61,0x57,0x5f,0x70,0xa5,0x32,0xb7,0x47,0x64,0x7f,0x04,0x00,0x87,0xbf,
0xae,0x00,0x1c,0xd7,0xaf,0x5d,0x03,0x00,0xfd,0xff,0x88,0xbf,0xff,0x0a,0x0a,0x02,
0x00,0x00,0x80,0x7f,0xff,0x66,0x37,0x7c,0xd0,0x8e,0xce,0xc2,0xb5,0x61,0x5f,0x07,
0xb0,0x00,0x13,0xd6,0xff,0x6c,0xdf,0x86,0x3b,0xaa,0xb8,0x3f,0xfd,0xff,0x88,0xbf,
0x06,0x31,0x53,0xc9,0x80,0x5c,0x07,0xb5,0xff,0x66,0x3d,0x7c,0x18,0x72,0xb1,0x42,
0xa3,0x01,0x87,0xbf,0xff,0x6c,0x61,0x57,0x5f,0x70,0xa5,0x32,0xfd,0xff,0x88,0xbf,
0xff,0x0c,0x0c,0x02,0x00,0x00,0x80,0x7f,0xaf,0x4b,0x5c,0x7f,0xb7,0x65,0x5f,0x09,
0xff,0x68,0x37,0x7c,0xd0,0x8e,0xce,0xc2,0xb2,0x11,0x64,0x7f,0x93,0x02,0x87,0xbf,
0xaf,0x61,0x5f,0x07,0x07,0x00,0x1c,0xd7,0xae,0x63,0x03,0x00,0x32,0x01,0x87,0xbf,
0xaf,0x4b,0x5c,0x7f,0xff,0x70,0x63,0x11,0x3b,0xaa,0xb8,0x3f,0xfd,0xff,0x88,0xbf,
0x80,0x0e,0x0e,0x02,0xff,0x68,0x3d,0x7c,0x18,0x72,0xb1,0x42,0x09,0x31,0x47,0xc9,
0xff,0x6a,0xb7,0xb4,0x3b,0xaa,0xb8,0x3f,0xfd,0xff,0x88,0xbf,0x93,0x02,0x87,0xbf,
0xff,0x0e,0x0e,0x02,0x00,0x00,0x80,0x7f,0xae,0x00,0x1c,0xd7,0xae,0x65,0x03,0x00,
0xff,0x6c,0x37,0x7c,0xd0,0x8e,0xce,0xc2,0x08,0x31,0x65,0x09,0xfd,0xff,0x88,0xbf,
0x03,0x00,0x87,0xbf,0x80,0x5c,0x11,0x02,0xff,0x6c,0x3d,0x7c,0x18,0x72,0xb1,0x42,
0xff,0x68,0x6d,0x11,0x3b,0xaa,0xb8,0x3f,0xb0,0x00,0x13,0xd6,0xff,0x6a,0xdf,0x86,
0x3b,0xaa,0xb8,0x3f,0xb7,0x47,0x66,0x7f,0xfd,0xff,0x88,0xbf,0xff,0x10,0x10,0x02,
0x00,0x00,0x80,0x7f,0xb2,0x01,0x87,0xbf,0xff,0x6a,0x0b,0xc8,0xb7,0x67,0xaf,0xb0,
0x5f,0x70,0xa5,0x32,0xb1,0x47,0x6e,0x7f,0xb3,0x11,0x5c,0x7f,0xaf,0x61,0x5f,0x07,
0xb0,0x00,0x13,0xd6,0xff,0x70,0xc7,0x86,0x3b,0xaa,0xb8,0x3f,0x94,0x01,0x87,0xbf,
0xb1,0x6f,0x63,0x09,0xaf,0x4b,0x5e,0x7f,0x92,0x00,0x87,0xbf,0xff,0x70,0x61,0x57,
0x5f,0x70,0xa5,0x32,0xb1,0x61,0x07,0xc9,0xff,0x64,0xb1,0xb0,0x3b,0xaa,0xb8,0x3f,
0x15,0x01,0x87,0xbf,0xae,0x00,0x1c,0xd7,0xaf,0x5d,0x03,0x00,0xb0,0x4b,0x5e,0x7f,
0x22,0x01,0x87,0xbf,0xb0,0x00,0x13,0xd6,0xff,0x64,0xc7,0x86,0x3b,0xaa,0xb8,0x3f,
0xb1,0x47,0x66,0x7f,0xff,0x64,0x61,0x57,0x5f,0x70,0xa5,0x32,0xff,0x6a,0x37,0x7c,
0xd0,0x8e,0xce,0xc2,0x03,0x00,0x87,0xbf,0xb1,0x67,0x63,0x09,0xb3,0x11,0x66,0x7f,
0xfd,0xff,0x88,0xbf,0x80,0x5c,0x13,0x02,0xb7,0x11,0x5c,0x7f,0xff,0x6a,0x3d,0x7c,
0x18,0x72,0xb1,0x42,0x0a,0x31,0x6b,0x09,0x03,0x00,0x87,0xbf,0xae,0x00,0x1c,0xd7,
0xaf,0x5d,0x03,0x00,0xfd,0xff,0x88,0xbf,0xff,0x12,0x12,0x02,0x00,0x00,0x80,0x7f,
0xb1,0x61,0x5f,0x07,0xb0,0x00,0x13,0xd6,0xff,0x68,0xdb,0x86,0x3b,0xaa,0xb8,0x3f,
0xb6,0x47,0x62,0x7f,0xff,0x70,0x37,0x7c,0xd0,0x8e,0xce,0xc2,0x03,0x00,0x87,0xbf,
0xff,0x68,0x61,0x57,0x5f,0x70,0xa5,0x32,0xfd,0xff,0x88,0xbf,0x80,0x5c,0x15,0x02,
0xaf,0x4b,0x5c,0x7f,0xb6,0x63,0x5f,0x09,0xff,0x70,0x3d,0x7c,0x18,0x72,0xb1,0x42,
0xff,0x6a,0x6d,0x11,0x3b,0xaa,0xb8,0x3f,0x0b,0x31,0x71,0x09,0xb1,0x11,0x62,0x7f,
0xfd,0xff,0x88,0xbf,0xaf,0x61,0x13,0xc9,0xff,0x14,0x0a,0xaf,0x00,0x00,0x80,0x7f,
0xff,0x64,0x37,0x7c,0xd0,0x8e,0xce,0xc2,0xb0,0x00,0x13,0xd6,0xff,0x6a,0xdb,0x86,
0x3b,0xaa,0xb8,0x3f,0x0b,0x00,0x1c,0xd7,0xae,0x67,0x03,0x00,0x04,0x00,0x87,0xbf,
0xaf,0x4b,0x5c,0x7f,0xb6,0x47,0x6e,0x7f,0xff,0x70,0x67,0x11,0x3b,0xaa,0xb8,0x3f,
0xfd,0xff,0x88,0xbf,0xff,0x6a,0x13,0xc8,0x80,0x16,0x0a,0xb0,0x5f,0x70,0xa5,0x32,
0xff,0x64,0x3d,0x7c,0x18,0x72,0xb1,0x42,0xb6,0x6f,0x5f,0x09,0xb3,0x47,0x6c,0x7f,
0xfd,0xff,0x88,0xbf,0x0c,0x31,0x53,0xc9,0xff,0x16,0x0a,0xb2,0x00,0x00,0x80,0x7f,
0xae,0x00,0x1c,0xd7,0xae,0x63,0x03,0x00,0xff,0x68,0x37,0x7c,0xd0,0x8e,0xce,0xc2,
0xfd,0xff,0x88,0xbf,0x02,0x00,0x87,0xbf,0x80,0x5c,0x19,0x02,0xff,0x68,0x3d,0x7c,
0x18,0x72,0xb1,0x42,0x0d,0x31,0x69,0x09,0xaf,0x61,0x5f,0x07,0xb0,0x00,0x13,0xd6,
0xff,0x70,0xcf,0x86,0x3b,0xaa,0xb8,0x3f,0xb3,0x6d,0x63,0x09,0xb7,0x11,0x5c,0x7f,
0xfd,0xff,0x88,0xbf,0xff,0x18,0x18,0x02,0x00,0x00,0x80,0x7f,0xaf,0x4b,0x5e,0x7f,
0xff,0x70,0x61,0x57,0x5f,0x70,0xa5,0x32,0xff,0x6a,0x37,0x7c,0xd0,0x8e,0xce,0xc2,
0xb2,0x02,0x87,0xbf,0xb1,0x61,0x07,0xc9,0xff,0x64,0xb1,0xb0,0x3b,0xaa,0xb8,0x3f,
0x23,0x31,0x47,0x08,0x27,0x31,0x4f,0x08,0xae,0x00,0x1c,0xd7,0xaf,0x5d,0x03,0x00,
0x04,0x00,0x87,0xbf,0xb0,0x4b,0x5e,0x7f,0xb0,0x00,0x13,0xd6,0xff,0x64,0xc7,0x86,
0x3b,0xaa,0xb8,0x3f,0xb1,0x47,0x66,0x7f,0xfd,0xff,0x88,0xbf,0x80,0x5c,0x1b,0x02,
0xb6,0x11,0x5c,0x7f,0xff,0x6a,0x3d,0x7c,0x18,0x72,0xb1,0x42,0xff,0x64,0x61,0x57,
0x5f,0x70,0xa5,0x32,0xff,0x68,0x6d,0x11,0x3b,0xaa,0xb8,0x3f,0x0e,0x31,0x6b,0x09,
0xae,0x00,0x1c,0xd7,0xaf,0x5d,0x03,0x00,0xfd,0xff,0x88,0xbf,0xff,0x1a,0x1a,0x02,
0x00,0x00,0x80,0x7f,0xff,0x70,0x37,0x7c,0xd0,0x8e,0xce,0xc2,0xfd,0xff,0x88,0xbf,
0x80,0x5c,0x1d,0x02,0xff,0x70,0x3d,0x7c,0x18,0x72,0xb1,0x42,0x0f,0x31,0x4b,0xc9,
0xb1,0x67,0xb1,0xb8,0xb3,0x11,0x66,0x7f,0xfd,0xff,0x88,0xbf,0xff,0x1c,0x1c,0x02,
0x00,0x00,0x80,0x7f,0xff,0x64,0x37,0x7c,0xd0,0x8e,0xce,0xc2,0xb1,0x61,0x5f,0x07,
0xb0,0x00,0x13,0xd6,0xff,0x68,0xdb,0x86,0x3b,0xaa,0xb8,0x3f,0xb6,0x47,0x62,0x7f,
0x93,0x00,0x87,0xbf,0xaf,0x4b,0x5c,0x7f,0xff,0x68,0x0b,0xc8,0xb6,0x63,0xaf,0xb0,
0x5f,0x70,0xa5,0x32,0xff,0x6a,0x6d,0x11,0x3b,0xaa,0xb8,0x3f,0xb1,0x11,0x62,0x7f,
0x93,0x01,0x87,0xbf,0xaf,0x61,0x5f,0x07,0xb0,0x00,0x13,0xd6,0xff,0x6a,0xdb,0x86,
0x3b,0xaa,0xb8,0x3f,0xb6,0x47,0x6e,0x7f,0xb5,0x01,0x87,0xbf,0x0f,0x00,0x1c,0xd7,
0xae,0x67,0x03,0x00,0xff,0x70,0x67,0x11,0x3b,0xaa,0xb8,0x3f,0xaf,0x4b,0x5c,0x7f,
0xff,0x6a,0x0b,0xc8,0xb6,0x6f,0xaf,0xb0,0x5f,0x70,0xa5,0x32,0xfd,0xff,0x88,0xbf,
0x80,0x1e,0x1e,0x02,0xff,0x64,0x3d,0x7c,0x18,0x72,0xb1,0x42,0xb3,0x47,0x6c,0x7f,
0xfd,0xff,0x88,0xbf,0x93,0x02,0x87,0xbf,0x10,0x31,0x53,0xc9,0xff,0x1e,0x0e,0xb2,
0x00,0x00,0x80,0x7f,0xae,0x00,0x1c,0xd7,0xae,0x63,0x03,0x00,0xff,0x68,0x37,0x7c,
0xd0,0x8e,0xce,0xc2,0xfd,0xff,0x88,0xbf,0x02,0x00,0x87,0xbf,0x80,0x5c,0x21,0x02,
0xff,0x68,0x3d,0x7c,0x18,0x72,0xb1,0x42,0x99,0x31,0x69,0x09,0xaf,0x61,0x5f,0x07,
0xb0,0x00,0x13,0xd6,0xff,0x70,0xcf,0x86,0x3b,0xaa,0xb8,0x3f,0xb3,0x6d,0x63,0x09,
0xb7,0x11,0x5c,0x7f,0xfd,0xff,0x88,0xbf,0xff,0x20,0x20,0x02,0x00,0x00,0x80,0x7f,
0xaf,0x4b,0x5e,0x7f,0xff,0x70,0x61,0x57,0x5f,0x70,0xa5,0x32,0xff,0x6a,0x37,0x7c,
0xd0,0x8e,0xce,0xc2,0x92,0x02,0x87,0xbf,0xb1,0x61,0x07,0xc9,0xff,0x64,0xb1,0xb0,
0x3b,0xaa,0xb8,0x3f,0xae,0x00,0x1c,0xd7,0xaf,0x5d,0x03,0x00,0x12,0x01,0x87,0xbf,
0xb0,0x4b,0x5e,0x7f,0xb0,0x00,0x13,0xd6,0xff,0x64,0xc7,0x86,0x3b,0xaa,0xb8,0x3f,
0xb1,0x47,0x66,0x7f,0xfd,0xff,0x88,0xbf,0x80,0x5c,0x33,0x03,0xb6,0x11,0x5c,0x7f,
0xff,0x6a,0x3d,0x7c,0x18,0x72,0xb1,0x42,0xff,0x64,0x61,0x57,0x5f,0x70,0xa5,0x32,
0xff,0x68,0x6d,0x11,0x3b,0xaa,0xb8,0x3f,0x9a,0x31,0x6b,0x09,0xae,0x00,0x1c,0xd7,
0xaf,0x5d,0x03,0x00,0xfd,0xff,0x88,0xbf,0xff,0x32,0x33,0x03,0x00,0x00,0x80,0x7f,
0xff,0x70,0x37,0x7c,0xd0,0x8e,0xce,0xc2,0xfd,0xff,0x88,0xbf,0x80,0x5c,0x35,0x03,
0xff,0x70,0x3d,0x7c,0x18,0x72,0xb1,0x42,0x9b,0x31,0x4b,0xc9,0xb1,0x67,0xb1,0xb8,
0xb3,0x11,0x66,0x7f,0xfd,0xff,0x88,0xbf,0xff,0x34,0x35,0x03,0x00,0x00,0x80,0x7f,
0xff,0x64,0x37,0x7c,0xd0,0x8e,0xce,0xc2,0xb1,0x61,0x5f,0x07,0xb0,0x00,0x13,0xd6,
0xff,0x68,0xdb,0x86,0x3b,0xaa,0xb8,0x3f,0xb6,0x47,0x62,0x7f,0x93,0x00,0x87,0xbf,
0xaf,0x4b,0x5c,0x7f,0xff,0x68,0x0b,0xc8,0xb6,0x63,0xaf,0xb0,0x5f,0x70,0xa5,0x32,
0xff,0x6a,0x6d,0x11,0x3b,0xaa,0xb8,0x3f,0xb1,0x11,0x62,0x7f,0x93,0x01,0x87,0xbf,
0xaf,0x61,0x5f,0x07,0xb0,0x00,0x13,0xd6,0xff,0x6a,0xdb,0x86,0x3b,0xaa,0xb8,0x3f,
0xb6,0x47,0x6e,0x7f,0xb5,0x01,0x87,0xbf,0x9b,0x00,0x1c,0xd7,0xae,0x67,0x03,0x00,
0xff,0x70,0x67,0x11,0x3b,0xaa,0xb8,0x3f,0xaf,0x4b,0x5c,0x7f,0xff,0x6a,0x0b,0xc8,
0xb6,0x6f,0xaf,0xb0,0x5f,0x70,0xa5,0x32,0xfd,0xff,0x88,0xbf,0x80,0x36,0x37,0x03,
0xff,0x64,0x3d,0x7c,0x18,0x72,0xb1,0x42,0xb3,0x47,0x6c,0x7f,0xfd,0xff,0x88,0xbf,
0x93,0x02,0x87,0xbf,0x9c,0x31,0x53,0xc9,0xff,0x36,0x9b,0xb2,0x00,0x00,0x80,0x7f,
0xae,0x00,0x1c,0xd7,0xae,0x63,0x03,0x00,0xff,0x68,0x37,0x7c,0xd0,0x8e,0xce,0xc2,
0xfd,0xff,0x88,0xbf,0x02,0x00,0x87,0xbf,0x80,0x5c,0x39,0x03,0xff,0x68,0x3d,0x7c,
0x18,0x72,0xb1,0x42,0x9d,0x31,0x69,0x09,0xaf,0x61,0x5f,0x07,0xb0,0x00,0x13,0xd6,
0xff,0x70,0xcf,0x86,0x3b,0xaa,0xb8,0x3f,0xb3,0x6d,0x63,0x09,0xb7,0x11,0x5c,0x7f,
0xfd,0xff,0x88,0xbf,0xff,0x38,0x39,0x03,0x00,0x00,0x80,0x7f,0xaf,0x4b,0x5e,0x7f,
0xff,0x70,0x61,0x57,0x5f,0x70,0xa5,0x32,0xff,0x6a,0x37,0x7c,0xd0,0x8e,0xce,0xc2,
0x92,0x02,0x87,0xbf,0xb1,0x61,0x61,0x07,0xae,0x00,0x1c,0xd7,0xaf,0x5d,0x03,0x00,
0xa2,0x00,0x87,0xbf,0xb0,0x4b,0x5e,0x7f,0xfd,0xff,0x88,0xbf,0x80,0x5c,0x3b,0x03,
0xb6,0x11,0x5c,0x7f,0xff,0x6a,0x3d,0x7c,0x18,0x72,0xb1,0x42,0x9e,0x31,0x6b,0x09,
0xff,0x68,0x6d,0x11,0x3b,0xaa,0xb8,0x3f,0x05,0x02,0x87,0xbf,0xae,0x00,0x1c,0xd7,
0xaf,0x5d,0x03,0x00,0xfd,0xff,0x88,0xbf,0xff,0x3a,0x3b,0x03,0x00,0x00,0x80,0x7f,
0xff,0x70,0x37,0x7c,0xd0,0x8e,0xce,0xc2,0xfd,0xff,0x88,0xbf,0x80,0x5c,0x3d,0x03,
0xff,0x70,0x3d,0x7c,0x18,0x72,0xb1,0x42,0xa0,0x31,0x71,0x09,0xfd,0xff,0x88,0xbf,
0xb3,0x00,0x87,0xbf,0xff,0x3c,0x3d,0x03,0x00,0x00,0x80,0x7f,0xff,0x64,0x37,0x7c,
0xd0,0x8e,0xce,0xc2,0xff,0x64,0x63,0x11,0x3b,0xaa,0xb8,0x3f,0xb0,0x00,0x13,0xd6,
0xff,0x64,0xc7,0x86,0x3b,0xaa,0xb8,0x3f,0xb1,0x47,0x66,0x7f,0x21,0x01,0x87,0xbf,
0xff,0x64,0x0b,0xc8,0xb1,0x67,0xb1,0xb0,0x5f,0x70,0xa5,0x32,0xb3,0x11,0x66,0x7f,
0xb1,0x61,0x5f,0x07,0xb0,0x00,0x13,0xd6,0xff,0x68,0xdb,0x86,0x3b,0xaa,0xb8,0x3f,
0xb6,0x47,0x62,0x7f,0x93,0x00,0x87,0xbf,0xaf,0x4b,0x5c,0x7f,0xff,0x68,0x0b,0xc8,
0xb6,0x63,0xaf,0xb0,0x5f,0x70,0xa5,0x32,0xff,0x6a,0x6d,0x11,0x3b,0xaa,0xb8,0x3f,
0xb1,0x11,0x62,0x7f,0x93,0x01,0x87,0xbf,0xaf,0x61,0x5f,0x07,0xb0,0x00,0x13,0xd6,
0xff,0x6a,0xdb,0x86,0x3b,0xaa,0xb8,0x3f,0xb6,0x47,0x6e,0x7f,0xb5,0x01,0x87,0xbf,
0xa0,0x00,0x1c,0xd7,0xae,0x67,0x03,0x00,0xff,0x70,0x67,0x11,0x3b,0xaa,0xb8,0x3f,
0xaf,0x4b,0x5c,0x7f,0xff,0x6a,0x0b,0xc8,0xb6,0x6f,0xaf,0xb0,0x5f,0x70,0xa5,0x32,
0xfd,0xff,0x88,0xbf,0x80,0x40,0x41,0x03,0xff,0x64,0x3d,0x7c,0x18,0x72,0xb1,0x42,
0xb3,0x47,0x6c,0x7f,0xa2,0x31,0x65,0x09,0xaf,0x61,0x5f,0x07,0xb0,0x00,0x13,0xd6,
0xff,0x70,0xcf,0x86,0x3b,0xaa,0xb8,0x3f,0xfd,0xff,0x88,0xbf,0xff,0x40,0x41,0x03,
0x00,0x00,0x80,0x7f,0xae,0x00,0x1c,0xd7,0xae,0x63,0x03,0x00,0xff,0x68,0x37,0x7c,
0xd0,0x8e,0xce,0xc2,0xaf,0x4b,0x5e,0x7f,0xff,0x70,0x61,0x57,0x5f,0x70,0xa5,0x32,
0xfd,0xff,0x88,0xbf,0x1f,0x31,0x53,0xc9,0x80,0x5c,0xa3,0x1f,0xb7,0x11,0x5c,0x7f,
0xff,0x68,0x3d,0x7c,0x18,0x72,0xb1,0x42,0x05,0x01,0x87,0xbf,0xae,0x00,0x1c,0xd7,
0xaf,0x5d,0x03,0x00,0x9f,0x31,0x69,0x09,0xb3,0x6d,0x63,0x09,0xfd,0xff,0x88,0xbf,
0xff,0x44,0x45,0x03,0x00,0x00,0x80,0x7f,0x92,0x00,0x87,0xbf,0xb1,0x61,0x07,0xc9,
0xff,0x64,0xb1,0xb0,0x3b,0xaa,0xb8,0x3f,0xb0,0x4b,0x5e,0x7f,0x91,0x00,0x87,0xbf,
0xb0,0x00,0x13,0xd6,0xff,0x64,0xc7,0x86,0x3b,0xaa,0xb8,0x3f,0xff,0x64,0x61,0x57,
0x5f,0x70,0xa5,0x32,0xff,0x6a,0x37,0x7c,0xd0,0x8e,0xce,0xc2,0xfd,0xff,0x88,0xbf,
0x80,0x5c,0x3f,0x03,0xb6,0x11,0x5c,0x7f,0xff,0x6a,0x3d,0x7c,0x18,0x72,0xb1,0x42,
0xa1,0x31,0x6b,0x09,0xff,0x68,0x6d,0x11,0x3b,0xaa,0xb8,0x3f,0x04,0x00,0x87,0xbf,
0xae,0x00,0x1c,0xd7,0xaf,0x5d,0x03,0x00,0xfd,0xff,0x88,0xbf,0xff,0x3e,0x3f,0x03,
0x00,0x00,0x80,0x7f,0xff,0x70,0x37,0x7c,0xd0,0x8e,0xce,0xc2,0xfd,0xff,0x88,0xbf,
0x80,0x5c,0x43,0x03,0xff,0x70,0x3d,0x7c,0x18,0x72,0xb1,0x42,0xa3,0x31,0x71,0x09,
0xb1,0x47,0x66,0x7f,0x21,0x01,0x87,0xbf,0xb1,0x67,0x63,0x09,0xb3,0x11,0x66,0x7f,
0xb1,0x61,0x5f,0x07,0xb0,0x00,0x13,0xd6,0xff,0x68,0xdb,0x86,0x3b,0xaa,0xb8,0x3f,
0xb6,0x47,0x62,0x7f,0x93,0x00,0x87,0xbf,0xaf,0x4b,0x5c,0x7f,0xff,0x68,0x0b,0xc8,
0xb6,0x63,0xaf,0xb0,0x5f,0x70,0xa5,0x32,0xff,0x6a,0x6d,0x11,0x3b,0xaa,0xb8,0x3f,
0xb1,0x11,0x62,0x7f,0x93,0x01,0x87,0xbf,0xaf,0x61,0x5f,0x07,0xb0,0x00,0x13,0xd6,
0xff,0x6a,0xdb,0x86,0x3b,0xaa,0xb8,0x3f,0xb6,0x47,0x6e,0x7f,0xb5,0x01,0x87,0xbf,
0xa3,0x00,0x1c,0xd7,0xae,0x67,0x03,0x00,0xff,0x70,0x67,0x11,0x3b,0xaa,0xb8,0x3f,
0xaf,0x4b,0x5c,0x7f,0xff,0x6a,0x0b,0xc8,0xb6,0x6f,0xaf,0xb0,0x5f,0x70,0xa5,0x32,
0x12,0x01,0x87,0xbf,0xb3,0x47,0x6c,0x7f,0xaf,0x61,0x5f,0x07,0xb0,0x00,0x13,0xd6,
0xff,0x70,0xcf,0x86,0x3b,0xaa,0xb8,0x3f,0x95,0x01,0x87,0xbf,0xae,0x00,0x1c,0xd7,
0xae,0x63,0x03,0x00,0xaf,0x4b,0x5e,0x7f,0x02,0x00,0x87,0xbf,0xff,0x70,0x61,0x57,
0x5f,0x70,0xa5,0x32,0xfd,0xff,0x88,0xbf,0xff,0x42,0x43,0x03,0x00,0x00,0x80,0x7f,
0xff,0x64,0x37,0x7c,0xd0,0x8e,0xce,0xc2,0xfd,0xff,0x88,0xbf,0x80,0x46,0x47,0x03,
0xff,0x64,0x3d,0x7c,0x18,0x72,0xb1,0x42,0xfd,0xff,0x88,0xbf,0x02,0x00,0x87,0xbf,
0xa4,0x31,0x53,0xc9,0xff,0x46,0xa3,0xb2,0x00,0x00,0x80,0x7f,0xff,0x68,0x37,0x7c,
0xd0,0x8e,0xce,0xc2,0xfd,0xff,0x88,0xbf,0x80,0x5c,0x49,0x03,0xff,0x68,0x3d,0x7c,
0x18,0x72,0xb1,0x42,0xa5,0x31,0x4b,0xc9,0xb3,0x6d,0xb1,0xb4,0xb7,0x11,0x5c,0x7f,
0xfd,0xff,0x88,0xbf,0xff,0x48,0x49,0x03,0x00,0x00,0x80,0x7f,0xff,0x6a,0x37,0x7c,
0xd0,0x8e,0xce,0xc2,0xb1,0x61,0x07,0xc9,0xff,0x64,0xb1,0xb0,0x3b,0xaa,0xb8,0x3f,
0xae,0x00,0x1c,0xd7,0xaf,0x5d,0x03,0x00,0x12,0x01,0x87,0xbf,0xb0,0x4b,0x5e,0x7f,
0xb0,0x00,0x13,0xd6,0xff,0x64,0xc7,0x86,0x3b,0xaa,0xb8,0x3f,0xb1,0x47,0x66,0x7f,
0xfd,0xff,0x88,0xbf,0x80,0x5c,0x4b,0x03,0xb6,0x11,0x5c,0x7f,0xff,0x68,0x6d,0x11,
0x3b,0xaa,0xb8,0x3f,0xff,0x64,0x0b,0xc8,0xb1,0x67,0xb1,0xb0,0x5f,0x70,0xa5,0x32,
0xff,0x6a,0x3d,0x7c,0x18,0x72,0xb1,0x42,0xa7,0x31,0x6b,0x09,0xae,0x00,0x1c,0xd7,
0xaf,0x5d,0x03,0x00,0xb3,0x11,0x66,0x7f,0xb1,0x61,0x5f,0x07,0xfd,0xff,0x88,0xbf,
0xff,0x4a,0x4b,0x03,0x00,0x00,0x80,0x7f,0xb0,0x00,0x13,0xd6,0xff,0x68,0xdb,0x86,
0x3b,0xaa,0xb8,0x3f,0xb6,0x47,0x62,0x7f,0xff,0x70,0x37,0x7c,0xd0,0x8e,0xce,0xc2,
0xfd,0xff,0x88,0xbf,0x03,0x00,0x87,0xbf,0xff,0x68,0x13,0xc8,0x80,0x5c,0xa7,0xb0,
0x5f,0x70,0xa5,0x32,0xaf,0x4b,0x5c,0x7f,0xb6,0x63,0x5f,0x09,0xff,0x70,0x3d,0x7c,
0x18,0x72,0xb1,0x42,0xa9,0x31,0x71,0x09,0xff,0x6a,0x6d,0x11,0x3b,0xaa,0xb8,0x3f,
0xb1,0x11,0x62,0x7f,0xaf,0x61,0x5f,0x07,0xfd,0xff,0x88,0xbf,0xff,0x4e,0x4f,0x03,
0x00,0x00,0x80,0x7f,0xff,0x64,0x37,0x7c,0xd0,0x8e,0xce,0xc2,0xb0,0x00,0x13,0xd6,
0xff,0x6a,0xdb,0x86,0x3b,0xaa,0xb8,0x3f,0xa9,0x00,0x1c,0xd7,0xae,0x67,0x03,0x00,
0xaf,0x4b,0x5c,0x7f,0xb6,0x47,0x6e,0x7f,0x53,0x01,0x87,0xbf,0xff,0x6a,0x61,0x57,
0x5f,0x70,0xa5,0x32,0xfd,0xff,0x88,0xbf,0x80,0x52,0x53,0x03,0xff,0x64,0x3d,0x7c,
0x18,0x72,0xb1,0x42,0xfd,0xff,0x88,0xbf,0xaa,0x31,0x53,0xc9,0xff,0x52,0xa9,0xb2,
0x00,0x00,0x80,0x7f,0x35,0x01,0x87,0xbf,0xae,0x00,0x1c,0xd7,0xae,0x63,0x03,0x00,
0xff,0x68,0x37,0x7c,0xd0,0x8e,0xce,0xc2,0xfd,0xff,0x88,0xbf,0x80,0x5c,0x55,0x03,
0xff,0x68,0x3d,0x7c,0x18,0x72,0xb1,0x42,0xa6,0x31,0x69,0x09,0xb6,0x6f,0x5f,0x09,
0xb7,0x11,0x5c,0x7f,0xfd,0xff,0x88,0xbf,0xff,0x54,0x55,0x03,0x00,0x00,0x80,0x7f,
0xff,0x6a,0x37,0x7c,0xd0,0x8e,0xce,0xc2,0xaf,0x61,0x5f,0x07,0x91,0x02,0x87,0xbf,
0xaf,0x4b,0x5e,0x7f,0xae,0x00,0x1c,0xd7,0xaf,0x5d,0x03,0x00,0xfd,0xff,0x88,0xbf,
0x01,0x00,0x87,0xbf,0x80,0x5c,0x4d,0x03,0xff,0x6a,0x3d,0x7c,0x18,0x72,0xb1,0x42,
0xa8,0x31,0x6b,0x09,0xff,0x70,0x67,0x11,0x3b,0xaa,0xb8,0x3f,0xfd,0xff,0x88,0xbf,
0xff,0x4c,0x4d,0x03,0x00,0x00,0x80,0x7f,0xff,0x70,0x37,0x7c,0xd0,0x8e,0xce,0xc2,
0xa3,0x00,0x87,0xbf,0xb0,0x00,0x13,0xd6,0xff,0x70,0xcf,0x86,0x3b,0xaa,0xb8,0x3f,
0xb3,0x47,0x6c,0x7f,0xff,0x70,0x0b,0xc8,0xb3,0x6d,0xb1,0xb0,0x5f,0x70,0xa5,0x32,
0xb6,0x11,0x5c,0x7f,0xff,0x68,0x6d,0x11,0x3b,0xaa,0xb8,0x3f,0x93,0x00,0x87,0xbf,
0xb1,0x61,0x07,0xc9,0xff,0x64,0xb1,0xb0,0x3b,0xaa,0xb8,0x3f,0xb0,0x4b,0x5e,0x7f,
0xa1,0x00,0x87,0xbf,0xb0,0x00,0x13,0xd6,0xff,0x64,0xc7,0x86,0x3b,0xaa,0xb8,0x3f,
0xb1,0x47,0x66,0x7f,0xff,0x64,0x0b,0xc8,0xb1,0x67,0xb1,0xb0,0x5f,0x70,0xa5,0x32,
0xb3,0x11,0x66,0x7f,0x95,0x01,0x87,0xbf,0xae,0x00,0x1c,0xd7,0xaf,0x5d,0x03,0x00,
0xb1,0x61,0x5f,0x07,0xb0,0x00,0x13,0xd6,0xff,0x68,0xdb,0x86,0x3b,0xaa,0xb8,0x3f,
0xb6,0x47,0x62,0x7f,0xfd,0xff,0x88,0xbf,0x80,0x5c,0x51,0x03,0xff,0x70,0x3d,0x7c,
0x18,0x72,0xb1,0x42,0xaf,0x4b,0x5c,0x7f,0xff,0x68,0x0b,0xc8,0xb6,0x63,0xaf,0xb0,
0x5f,0x70,0xa5,0x32,0xff,0x6a,0x6d,0x11,0x3b,0xaa,0xb8,0x3f,0xab,0x31,0x71,0x09,
0xfd,0xff,0x88,0xbf,0xff,0x50,0x51,0x03,0x00,0x00,0x80,0x7f,0xff,0x64,0x37,0x7c,
0xd0,0x8e,0xce,0xc2,0xaf,0x61,0x5f,0x07,0xb0,0x00,0x13,0xd6,0xff,0x6a,0xdb,0x86,
0x3b,0xaa,0xb8,0x3f,0xb6,0x47,0x6e,0x7f,0xab,0x00,0x1c,0xd7,0xae,0x67,0x03,0x00,
0xff,0x70,0x67,0x11,0x3b,0xaa,0xb8,0x3f,0xaf,0x4b,0x5c,0x7f,0x03,0x00,0x87,0xbf,
0xff,0x6a,0x0b,0xc8,0xb6,0x6f,0xaf,0xb0,0x5f,0x70,0xa5,0x32,0xfd,0xff,0x88,0xbf,
0x80,0x56,0x57,0x03,0xb1,0x11,0x62,0x7f,0xb3,0x47,0x6c,0x7f,0xff,0x64,0x3d,0x7c,
0x18,0x72,0xb1,0x42,0xaf,0x61,0x5f,0x07,0xb0,0x00,0x13,0xd6,0xff,0x70,0xcf,0x86,
0x3b,0xaa,0xb8,0x3f,0xb7,0x11,0x64,0x7f,0xae,0x00,0x1c,0xd7,0xae,0x63,0x03,0x00,
0xfd,0xff,0x88,0xbf,0xff,0x56,0x57,0x03,0x00,0x00,0x80,0x7f,0xaf,0x4b,0x5e,0x7f,
0xff,0x70,0x0b,0xc8,0xb3,0x6d,0xb1,0xb0,0x5f,0x70,0xa5,0x32,0xff,0x68,0x37,0x7c,
0xd0,0x8e,0xce,0xc2,0xff,0x58,0x6f,0x11,0x3b,0xaa,0xb8,0x3f,0xad,0x31,0x5b,0x09,
0xb6,0x11,0x6c,0x7f,0xb1,0x61,0x61,0x07,0xfd,0xff,0x88,0xbf,0x80,0x5c,0x5d,0x03,
0xff,0x68,0x3d,0x7c,0x18,0x72,0xb1,0x42,0xff,0x5a,0x63,0x11,0x3b,0xaa,0xb8,0x3f,
0xaf,0x00,0x1c,0xd7,0xaf,0x65,0x03,0x00,0xb0,0x4b,0x64,0x7f,0xfd,0xff,0x88,0xbf,
0xff,0x5c,0x5d,0x03,0x00,0x00,0x80,0x7f,0xb3,0x00,0x13,0xd6,0xff,0x5a,0xc7,0x86,
0x3b,0xaa,0xb8,0x3f,0xb1,0x47,0x68,0x7f,0xff,0x6a,0x37,0x7c,0xd0,0x8e,0xce,0xc2,
0x93,0x01,0x87,0xbf,0xff,0x5a,0x67,0x57,0x5f,0x70,0xa5,0x32,0xb1,0x69,0x63,0x09,
0xfd,0xff,0x88,0xbf,0x80,0x5e,0x5f,0x03,0xff,0x6a,0x3d,0x7c,0x18,0x72,0xb1,0x42,
0x03,0x00,0x87,0xbf,0xb1,0x67,0x63,0x07,0xb7,0x47,0x66,0x7f,0xfd,0xff,0x88,0xbf,
0xff,0x5e,0x61,0x03,0x00,0x00,0x80,0x7f,0xaf,0x00,0x1c,0xd7,0xb2,0x6d,0x03,0x00,
0xb2,0x00,0x13,0xd6,0xff,0x58,0xdf,0x86,0x3b,0xaa,0xb8,0x3f,0xff,0x70,0x37,0x7c,
0xd0,0x8e,0xce,0xc2,0xb1,0x4b,0x6a,0x7f,0xb7,0x67,0x47,0xc9,0xff,0x50,0xb6,0xb6,
0x3b,0xaa,0xb8,0x3f,0xfd,0xff,0x88,0xbf,0xff,0x58,0x13,0xc8,0x80,0x5e,0xaf,0xb2,
0x5f,0x70,0xa5,0x32,0xff,0x70,0x3d,0x7c,0x18,0x72,0xb1,0x42,0xb3,0x11,0x66,0x7f,
0x03,0x00,0x87,0xbf,0x1b,0x31,0x49,0xc9,0xb6,0x65,0xb3,0x1b,0xb7,0x47,0x6c,0x7f,
0xfd,0xff,0x88,0xbf,0xff,0x5e,0x63,0x03,0x00,0x00,0x80,0x7f,0xb4,0x11,0x5e,0x7f,
0xb4,0x00,0x13,0xd6,0xff,0x50,0xde,0x86,0x3b,0xaa,0xb8,0x3f,0xb2,0x4b,0x64,0x7f,
0xff,0x5a,0x37,0x7c,0xd0,0x8e,0xce,0xc2,0xc3,0x01,0x87,0xbf,0xaf,0x00,0x1c,0xd7,
0xb5,0x5f,0x03,0x00,0xb7,0x6d,0x6b,0x09,0xff,0x4e,0x6e,0x11,0x3b,0xaa,0xb8,0x3f,
0xfd,0xff,0x88,0xbf,0xff,0x50,0x12,0xc8,0x80,0x5e,0xaf,0xb4,0x5f,0x70,0xa5,0x32,
0xff,0x5a,0x3d,0x7c,0x18,0x72,0xb1,0x42,0x43,0x02,0x87,0xbf,0xb8,0x00,0x13,0xd6,
0xff,0x4e,0xde,0x86,0x3b,0xaa,0xb8,0x3f,0xb7,0x47,0x72,0x7f,0xad,0x00,0x1c,0xd7,
0xb2,0x67,0x03,0x00,0xb6,0x11,0x66,0x7f,0xff,0x4e,0x70,0x57,0x5f,0x70,0xa5,0x32,
0x94,0x00,0x87,0xbf,0xb7,0x73,0x65,0x09,0xb2,0x71,0x65,0x07,0xff,0x48,0x70,0x11,
0x3b,0xaa,0xb8,0x3f,0xfd,0xff,0x88,0xbf,0xb5,0x69,0x13,0xc9,0xff,0x5e,0xb5,0xb5,
0x00,0x00,0x80,0x7f,0xff,0x58,0x37,0x7c,0xd0,0x8e,0xce,0xc2,0x02,0x00,0x87,0xbf,
0xb5,0x4b,0x5e,0x7f,0xff,0x4c,0x6a,0x11,0x3b,0xaa,0xb8,0x3f,0xfd,0xff,0x88,0xbf,
0x80,0x5a,0x5b,0x03,0xff,0x58,0x3d,0x7c,0x18,0x72,0xb1,0x42,0xfd,0xff,0x88,0xbf,
0x22,0x03,0x87,0xbf,0xff,0x5a,0x6d,0x03,0x00,0x00,0x80,0x7f,0xb2,0x4b,0x5a,0x7f,
0xac,0x00,0x1c,0xd7,0xaf,0x67,0x03,0x00,0xaf,0x00,0x13,0xd6,0xff,0x4c,0xd6,0x86,
0x3b,0xaa,0xb8,0x3f,0xb5,0x47,0x64,0x7f,0xff,0x50,0x36,0x7c,0xd0,0x8e,0xce,0xc2,
0xb9,0x11,0x66,0x7f,0x04,0x00,0x87,0xbf,0xff,0x4c,0x5e,0x57,0x5f,0x70,0xa5,0x32,
0xfd,0xff,0x88,0xbf,0xb5,0x65,0x53,0xc9,0x80,0x58,0xad,0xb5,0xff,0x50,0x3c,0x7c,
0x18,0x72,0xb1,0x42,0x28,0x00,0x1c,0xd7,0xad,0x67,0x03,0x00,0xfd,0xff,0x88,0xbf,
0x23,0x01,0x87,0xbf,0xb5,0x5f,0x13,0xc9,0xff,0x58,0xad,0xad,0x00,0x00,0x80,0x7f,
0xff,0x4e,0x36,0x7c,0xd0,0x8e,0xce,0xc2,0xad,0x4b,0x5a,0x7f,0xfd,0xff,0x88,0xbf,
0x80,0x50,0x50,0x02,0xff,0x4e,0x3c,0x7c,0x18,0x72,0xb1,0x42,0xb2,0x11,0x4e,0x7e,
0xb2,0x00,0x13,0xd6,0xff,0x48,0xe2,0x86,0x3b,0xaa,0xb8,0x3f,0xfd,0xff,0x88,0xbf,
0xff,0x50,0x5e,0x03,0x00,0x00,0x80,0x7f,0x85,0x01,0x87,0xbf,0x27,0x00,0x1c,0xd7,
0xad,0x4f,0x02,0x00,0xff,0x4c,0x36,0x7c,0xd0,0x8e,0xce,0xc2,0xfd,0xff,0x88,0xbf,
0xb2,0x00,0x87,0xbf,0xff,0x48,0x12,0xc8,0x80,0x4e,0x26,0xb2,0x5f,0x70,0xa5,0x32,
0xff,0x4c,0x3c,0x7c,0x18,0x72,0xb1,0x42,0x25,0x31,0x4b,0x08,0xff,0x4a,0x6e,0x11,
0x3b,0xaa,0xb8,0x3f,0x21,0x01,0x87,0xbf,0xb3,0x00,0x13,0xd6,0xff,0x4a,0xde,0x86,
0x3b,0xaa,0xb8,0x3f,0xb7,0x47,0x6a,0x7f,0xff,0x4a,0x66,0x57,0x5f,0x70,0xa5,0x32,
0x22,0x01,0x87,0xbf,0xb7,0x6b,0x6f,0x09,0xb5,0x11,0x6a,0x7f,0xb7,0x67,0x51,0x06,
0xb8,0x47,0x66,0x7f,0xff,0x46,0x6e,0x11,0x3b,0xaa,0xb8,0x3f,0x13,0x01,0x87,0xbf,
0x28,0x4b,0x50,0x7e,0xb8,0x67,0x5b,0x09,0x22,0x01,0x87,0xbf,0xb8,0x00,0x13,0xd6,
0xff,0x46,0xde,0x86,0x3b,0xaa,0xb8,0x3f,0xb7,0x47,0x72,0x7f,0xad,0x65,0x01,0xc9,
0xff,0x46,0xb8,0xad,0x5f,0x70,0xa5,0x32,0xfd,0xff,0x88,0xbf,0x92,0x02,0x87,0xbf,
0xb7,0x73,0x53,0xc9,0xff,0x4e,0xb2,0xb7,0x00,0x00,0x80,0x7f,0x26,0x00,0x1c,0xd7,
0x28,0x6b,0x03,0x00,0xa3,0x01,0x87,0xbf,0xad,0x4b,0x4e,0x7e,0xff,0x4a,0x36,0x7c,
0xd0,0x8e,0xce,0xc2,0xb7,0x71,0x51,0x06,0xb3,0x11,0x5a,0x7f,0xff,0x44,0x6a,0x11,
0x3b,0xaa,0xb8,0x3f,0xfd,0xff,0x88,0xbf,0xff,0x42,0xd2,0xc8,0x80,0x4c,0x26,0xb7,
0x3b,0xaa,0xb8,0x3f,0x28,0x4b,0x50,0x7e,0xff,0x4a,0x3c,0x7c,0x18,0x72,0xb1,0x42,
0x06,0x00,0x87,0xbf,0x25,0x00,0x1c,0xd7,0x27,0x5b,0x03,0x00,0x27,0x00,0x13,0xd6,
0xff,0x44,0xd6,0x86,0x3b,0xaa,0xb8,0x3f,0xb5,0x47,0x5a,0x7f,0xfd,0xff,0x88,0xbf,
0xff,0x4c,0x66,0x03,0x00,0x00,0x80,0x7f,0xb9,0x11,0x4c,0x7e,0xff,0x48,0x36,0x7c,
0xd0,0x8e,0xce,0xc2,0xff,0x44,0x4e,0x56,0x5f,0x70,0xa5,0x32,0xff,0x40,0x72,0x11,
0x3b,0xaa,0xb8,0x3f,0x04,0x00,0x87,0xbf,0x26,0x00,0x1c,0xd7,0x28,0x4d,0x02,0x00,
0xfd,0xff,0x88,0xbf,0x80,0x4a,0x4a,0x02,0xb5,0x5b,0x51,0x08,0xff,0x48,0x3c,0x7c,
0x18,0x72,0xb1,0x42,0xfd,0xff,0x88,0xbf,0x93,0x01,0x87,0xbf,0xff,0x4a,0x6a,0x03,
0x00,0x00,0x80,0x7f,0x28,0x4f,0x4a,0x06,0x01,0x05,0x4e,0x06,0xff,0x46,0x36,0x7c,
0xd0,0x8e,0xce,0xc2,0xb7,0x47,0x50,0x7e,0x04,0x00,0x87,0xbf,0x25,0x4b,0x4a,0x7e,
0xfd,0xff,0x88,0xbf,0x03,0x4f,0x12,0xc9,0x80,0x4c,0x24,0x27,0xff,0x46,0x3c,0x7c,
0x18,0x72,0xb1,0x42,0x26,0x00,0x13,0xd6,0xff,0x42,0xde,0x86,0x3b,0xaa,0xb8,0x3f,
0xb7,0x51,0x6e,0x09,0x04,0x00,0x87,0xbf,0x04,0x4f,0x46,0x06,0x27,0x00,0x13,0xd6,
0xff,0x40,0xe6,0x86,0x3b,0xaa,0xb8,0x3f,0xfd,0xff,0x88,0xbf,0xff,0x48,0x70,0x03,
0x00,0x00,0x80,0x7f,0xff,0x42,0x4c,0x56,0x5f,0x70,0xa5,0x32,0xad,0x11,0x48,0x7e,
0x05,0x47,0x46,0x06,0xb9,0x47,0x5a,0x7f,0xff,0x44,0x36,0x7c,0xd0,0x8e,0xce,0xc2,
0xb7,0x4d,0x4c,0x06,0x24,0x00,0x1c,0xd7,0x25,0x49,0x02,0x00,0x06,0x47,0x46,0x06,
0xff,0x40,0x4e,0x56,0x5f,0x70,0xa5,0x32,0x28,0x11,0x50,0x7e,0x26,0x4b,0x4a,0x7e,
0xc3,0x01,0x87,0xbf,0xb9,0x5b,0x49,0xc9,0x07,0x47,0x22,0x26,0xfd,0xff,0x88,0xbf,
0x80,0x48,0x48,0x02,0xff,0x44,0x3c,0x7c,0x18,0x72,0xb1,0x42,0x26,0x4f,0x4c,0x06,
0x08,0x47,0x44,0x06,0xff,0x3e,0x4e,0x10,0x3b,0xaa,0xb8,0x3f,0xfd,0xff,0x88,0xbf,
0xff,0x48,0x74,0x03,0x00,0x00,0x80,0x7f,0x23,0x00,0x1c,0xd7,0x25,0x51,0x02,0x00,
0x26,0x4b,0x48,0x7e,0x09,0x45,0x44,0x06,0xff,0x42,0x36,0x7c,0xd0,0x8e,0xce,0xc2,
0xad,0x11,0x50,0x7e,0x25,0x00,0x13,0xd6,0xff,0x3e,0x9e,0x84,0x3b,0xaa,0xb8,0x3f,
0x27,0x47,0x4c,0x7e,0xfd,0xff,0x88,0xbf,0x0a,0x45,0x12,0xc9,0x80,0x46,0x22,0x22,
0xff,0x42,0x3c,0x7c,0x18,0x72,0xb1,0x42,0xff,0x3e,0x4a,0x56,0x5f,0x70,0xa5,0x32,
0x21,0x00,0x1c,0xd7,0x24,0x51,0x02,0x00,0x04,0x00,0x87,0xbf,0x0b,0x45,0x44,0x06,
0x27,0x4d,0x4e,0x08,0xfd,0xff,0x88,0xbf,0xff,0x46,0x76,0x03,0x00,0x00,0x80,0x7f,
0xff,0x40,0x36,0x7c,0xd0,0x8e,0xce,0xc2,0xff,0x3c,0x48,0x10,0x3b,0xaa,0xb8,0x3f,
0x0c,0x45,0x08,0xc9,0x27,0x4b,0x22,0x22,0xff,0x38,0x4e,0x10,0x3b,0xaa,0xb8,0x3f,
0xfd,0xff,0x88,0xbf,0x80,0x42,0x42,0x02,0xff,0x40,0x3c,0x7c,0x18,0x72,0xb1,0x42,
0x0d,0x45,0x40,0x06,0x23,0x4b,0x46,0x7e,0x22,0x00,0x13,0xd6,0xff,0x3c,0x92,0x84,
0x3b,0xaa,0xb8,0x3f,0x24,0x47,0x4a,0x7e,0xfd,0xff,0x88,0xbf,0xff,0x42,0x48,0xca,
0x0e,0x41,0x20,0xb7,0x00,0x00,0x80,0x7f,0x26,0x11,0x42,0x7e,0xff,0x3c,0x44,0x56,
0x5f,0x70,0xa5,0x32,0xff,0x3e,0x36,0x7c,0xd0,0x8e,0xce,0xc2,0x04,0x00,0x87,0xbf,
0x0f,0x41,0x40,0x06,0x05,0x02,0x87,0xbf,0x21,0x00,0x1c,0xd7,0x23,0x43,0x02,0x00,
0x24,0x4b,0x46,0x08,0xff,0x3a,0x48,0x10,0x3b,0xaa,0xb8,0x3f,0xfd,0xff,0x88,0xbf,
0x93,0x01,0x87,0xbf,0x10,0x41,0x12,0xc9,0x80,0x42,0x20,0x20,0x23,0x45,0x44,0x06,
0xff,0x3e,0x3c,0x7c,0x18,0x72,0xb1,0x42,0x23,0x00,0x13,0xd6,0xff,0x3a,0x92,0x84,
0x3b,0xaa,0xb8,0x3f,0x04,0x00,0x87,0xbf,0x99,0x41,0x40,0x06,0x24,0x47,0x4c,0x7e,
0x22,0x4b,0x44,0x7e,0xfd,0xff,0x88,0xbf,0xff,0x42,0x72,0x03,0x00,0x00,0x80,0x7f,
0xff,0x3a,0x46,0x56,0x5f,0x70,0xa5,0x32,0x9a,0x41,0x0a,0xc9,0x24,0x4d,0x24,0x1f,
0x25,0x11,0x40,0x7e,0xff,0x3c,0x36,0x7c,0xd0,0x8e,0xce,0xc2,0x26,0x11,0x4a,0x7e,
0x04,0x00,0x87,0xbf,0x9b,0x3f,0x3e,0x06,0x24,0x47,0x42,0x06,0x23,0x00,0x13,0xd6,
0xff,0x38,0x9e,0x84,0x3b,0xaa,0xb8,0x3f,0x27,0x47,0x48,0x7e,0x20,0x00,0x1c,0xd7,
0x22,0x41,0x02,0x00,0x9c,0x3f,0x3e,0x06,0x21,0x4b,0x42,0x7e,0xff,0x38,0x46,0x56,
0x5f,0x70,0xa5,0x32,0x27,0x49,0x44,0x08,0xfd,0xff,0x88,0xbf,0x80,0x40,0x48,0xca,
0x9d,0x3f,0x1e,0x20,0xff,0x3c,0x3c,0x7c,0x18,0x72,0xb1,0x42,0x24,0x11,0x48,0x7e,
0x22,0x47,0x44,0x06,0xff,0x36,0x46,0x10,0x3b,0xaa,0xb8,0x3f,0x9e,0x3f,0x3c,0x06,
0xfd,0xff,0x88,0xbf,0xff,0x40,0x78,0x03,0x00,0x00,0x80,0x7f,0x1f,0x00,0x1c,0xd7,
0x21,0x4b,0x02,0x00,0x22,0x4b,0x40,0x7e,0xff,0x3a,0x36,0x7c,0xd0,0x8e,0xce,0xc2,
0xa0,0x3d,0x3c,0x06,0x21,0x00,0x13,0xd6,0xff,0x36,0x8e,0x84,0x3b,0xaa,0xb8,0x3f,
0x23,0x47,0x44,0x7e,0xfd,0xff,0x88,0xbf,0xb3,0x02,0x87,0xbf,0x80,0x3e,0x48,0xca,
0xa2,0x3d,0x1e,0x1f,0xff,0x3a,0x3c,0x7c,0x18,0x72,0xb1,0x42,0xff,0x36,0x42,0x56,
0x5f,0x70,0xa5,0x32,0x1d,0x00,0x1c,0xd7,0x20,0x49,0x02,0x00,0x23,0x45,0x46,0x08,
0xfd,0xff,0x88,0xbf,0x9f,0x3d,0x12,0xc9,0xff,0x3e,0xbc,0x1e,0x00,0x00,0x80,0x7f,
0xff,0x38,0x36,0x7c,0xd0,0x8e,0xce,0xc2,0x93,0x01,0x87,0xbf,0xff,0x34,0xc8,0xc8,
0x23,0x43,0x1e,0x20,0x3b,0xaa,0xb8,0x3f,0xa1,0x3d,0x06,0xc9,0xff,0x30,0x22,0x1e,
0x3b,0xaa,0xb8,0x3f,0xfd,0xff,0x88,0xbf,0x80,0x3a,0x3a,0x02,0xff,0x38,0x3c,0x7c,
0x18,0x72,0xb1,0x42,0x1f,0x4b,0x3e,0x7e,0xa3,0x3d,0x38,0x06,0x1e,0x00,0x13,0xd6,
0xff,0x34,0x82,0x84,0x3b,0xaa,0xb8,0x3f,0x20,0x47,0x42,0x7e,0xfd,0xff,0x88,0xbf,
0xff,0x3a,0x7e,0x03,0x00,0x00,0x80,0x7f,0x22,0x11,0x3a,0x7e,0xa4,0x39,0x38,0x06,
0xff,0x34,0x3c,0x56,0x5f,0x70,0xa5,0x32,0xff,0x36,0x36,0x7c,0xd0,0x8e,0xce,0xc2,
0x14,0x02,0x87,0xbf,0x1d,0x00,0x1c,0xd7,0x1f,0x3b,0x02,0x00,0xa5,0x39,0x0a,0xc9,
0x20,0x43,0x1e,0x1c,0xff,0x32,0x40,0x10,0x3b,0xaa,0xb8,0x3f,0xfd,0xff,0x88,0xbf,
0x92,0x01,0x87,0xbf,0x80,0x3a,0x48,0xca,0xa7,0x39,0x1c,0x1d,0x1f,0x3d,0x3c,0x06,
0xff,0x36,0x3c,0x7c,0x18,0x72,0xb1,0x42,0x1f,0x00,0x13,0xd6,0xff,0x32,0x82,0x84,
0x3b,0xaa,0xb8,0x3f,0x20,0x47,0x44,0x7e,0xa9,0x39,0x38,0x06,0x1e,0x4b,0x3c,0x7e,
0xfd,0xff,0x88,0xbf,0xff,0x3a,0x80,0x03,0x00,0x00,0x80,0x7f,0xff,0x32,0x0a,0xc8,
0x20,0x45,0x20,0x1f,0x5f,0x70,0xa5,0x32,0xaa,0x39,0x36,0x06,0x21,0x11,0x38,0x7e,
0xff,0x34,0x36,0x7c,0xd0,0x8e,0xce,0xc2,0x22,0x11,0x42,0x7e,0x20,0x3f,0x3a,0x06,
0xa6,0x37,0x36,0x06,0x1f,0x00,0x13,0xd6,0xff,0x30,0x8e,0x84,0x3b,0xaa,0xb8,0x3f,
0x23,0x47,0x40,0x7e,0x1c,0x00,0x1c,0xd7,0x1e,0x39,0x02,0x00,0x1d,0x4b,0x3a,0x7e,
0xa8,0x37,0x36,0x06,0xff,0x30,0x3e,0x56,0x5f,0x70,0xa5,0x32,0x23,0x41,0x3c,0x08,
0xfd,0xff,0x88,0xbf,0x80,0x38,0x38,0x02,0xff,0x34,0x3c,0x7c,0x18,0x72,0xb1,0x42,
0xab,0x37,0x36,0x06,0x20,0x11,0x40,0x7e,0x1e,0x3f,0x3c,0x06,0xff,0x2e,0x3e,0x10,
0x3b,0xaa,0xb8,0x3f,0xfd,0xff,0x88,0xbf,0xff,0x38,0x84,0x03,0x00,0x00,0x80,0x7f,
0xae,0x37,0x34,0x06,0x1b,0x00,0x1c,0xd7,0x1d,0x43,0x02,0x00,0x1e,0x4b,0x38,0x7e,
0xff,0x32,0x36,0x7c,0xd0,0x8e,0xce,0xc2,0x1d,0x00,0x13,0xd6,0xff,0x2e,0x7e,0x84,
0x3b,0xaa,0xb8,0x3f,0xb0,0x35,0x34,0x06,0x1f,0x47,0x3c,0x7e,0xfd,0xff,0x88,0xbf,
0x80,0x36,0x36,0x02,0xff,0x32,0x3c,0x7c,0x18,0x72,0xb1,0x42,0xb1,0x35,0x34,0x06,
0x1f,0x3d,0x3e,0x08,0x19,0x00,0x1c,0xd7,0x1c,0x41,0x02,0x00,0xff,0x2c,0x38,0x10,
0x3b,0xaa,0xb8,0x3f,0xfd,0xff,0x88,0xbf,0xff,0x36,0x48,0xca,0xb4,0x35,0x1a,0xc5,
0x00,0x00,0x80,0x7f,0xff,0x30,0x36,0x7c,0xd0,0x8e,0xce,0xc2,0xfd,0xff,0x88,0xbf,
0x22,0x01,0x87,0xbf,0xb6,0x35,0x12,0xc9,0x80,0x32,0x18,0x1a,0xff,0x30,0x3c,0x7c,
0x18,0x72,0xb1,0x42,0xac,0x35,0x30,0x06,0x1a,0x00,0x13,0xd6,0xff,0x2c,0x72,0x84,
0x3b,0xaa,0xb8,0x3f,0xfd,0xff,0x88,0xbf,0xff,0x32,0x7c,0x03,0x00,0x00,0x80,0x7f,
0x1e,0x11,0x32,0x7e,0xff,0x2e,0x36,0x7c,0xd0,0x8e,0xce,0xc2,0xaf,0x31,0x30,0x06,
0xff,0x2c,0x34,0x56,0x5f,0x70,0xa5,0x32,0x92,0x00,0x87,0xbf,0xb2,0x31,0x00,0xc9,
0xff,0x2e,0x1c,0x18,0x5f,0x70,0xa5,0x32,0xb3,0x31,0x30,0x06,0x32,0x02,0x87,0xbf,
0x1f,0x3b,0x36,0x06,0x1c,0x47,0x3a,0x7e,0xff,0x28,0x3e,0x10,0x3b,0xaa,0xb8,0x3f,
0xb5,0x31,0x30,0x06,0x94,0x02,0x87,0xbf,0x1b,0x4b,0x36,0x7e,0x19,0x00,0x1c,0xd7,
0x1b,0x33,0x02,0x00,0x1c,0x3b,0x36,0x08,0xff,0x2a,0x38,0x10,0x3b,0xaa,0xb8,0x3f,
0xfd,0xff,0x88,0xbf,0x12,0x01,0x87,0xbf,0x80,0x32,0x48,0xca,0x1b,0x35,0x1a,0x19,
0x1b,0x00,0x13,0xd6,0xff,0x2a,0x72,0x84,0x3b,0xaa,0xb8,0x3f,0x1c,0x47,0x3c,0x7e,
0xff,0x2e,0x3c,0x7c,0x18,0x72,0xb1,0x42,0xb8,0x31,0x2e,0x06,0x1a,0x4b,0x34,0x7e,
0x03,0x00,0x87,0xbf,0xff,0x2a,0x0a,0xc8,0x1c,0x3d,0x1c,0x1b,0x5f,0x70,0xa5,0x32,
0xfd,0xff,0x88,0xbf,0xff,0x32,0x82,0x03,0x00,0x00,0x80,0x7f,0x1d,0x11,0x30,0x7e,
0xba,0x2f,0x2e,0x06,0xff,0x2c,0x36,0x7c,0xd0,0x8e,0xce,0xc2,0x1c,0x37,0x32,0x06,
0x1e,0x11,0x3a,0x7e,0x1b,0x00,0x13,0xd6,0xff,0x28,0x7e,0x84,0x3b,0xaa,0xb8,0x3f,
0x18,0x00,0x1c,0xd7,0x1a,0x31,0x02,0x00,0xbb,0x2f,0x2e,0x06,0x19,0x4b,0x32,0x7e,
0x1f,0x47,0x38,0x7e,0xfd,0xff,0x88,0xbf,0x22,0x01,0x87,0xbf,0x80,0x30,0x48,0xca,
0xb7,0x2f,0x16,0x18,0xff,0x2c,0x3c,0x7c,0x18,0x72,0xb1,0x42,0x1f,0x39,0x48,0xc9,
0xb9,0x2f,0x16,0x1a,0xfd,0xff,0x88,0xbf,0x93,0x02,0x87,0xbf,0xff,0x30,0x86,0x03,
0x00,0x00,0x80,0x7f,0x16,0x00,0x1c,0xd7,0x19,0x3b,0x02,0x00,0xff,0x2a,0x36,0x7c,
0xd0,0x8e,0xce,0xc2,0x1c,0x11,0x32,0x7e,0xfd,0xff,0x88,0xbf,0x33,0x01,0x87,0xbf,
0xbc,0x2f,0x12,0xc9,0x80,0x2c,0x16,0x17,0xff,0x2a,0x3c,0x7c,0x18,0x72,0xb1,0x42,
0xfd,0xff,0x88,0xbf,0xff,0x2c,0x88,0x03,0x00,0x00,0x80,0x7f,0x23,0x01,0x87,0xbf,
0xbd,0x2f,0x2c,0x06,0xff,0x28,0x36,0x7c,0xd0,0x8e,0xce,0xc2,0xbf,0x2d,0x2c,0x06,
0x91,0x00,0x87,0xbf,0xc0,0x2d,0x2c,0x06,0xc2,0x2d,0x2c,0x06,0x91,0x00,0x87,0xbf,
0xc5,0x2d,0x2c,0x06,0xbe,0x2d,0x2c,0x06,0x91,0x00,0x87,0xbf,0xc1,0x2d,0x00,0xc9,
0xff,0x28,0x1a,0x16,0x5f,0x70,0xa5,0x32,0xc3,0x2d,0x2c,0x06,0x12,0x01,0x87,0xbf,
0x1a,0x37,0x34,0x06,0xc4,0x2d,0x2c,0x06,0xa2,0x00,0x87,0xbf,0x1a,0x4b,0x30,0x7e,
0xff,0x26,0x34,0x10,0x3b,0xaa,0xb8,0x3f,0x17,0x00,0x13,0xd6,0xff,0x26,0x6a,0x84,
0x3b,0xaa,0xb8,0x3f,0x35,0x02,0x87,0xbf,0x15,0x00,0x1c,0xd7,0x18,0x33,0x02,0x00,
0xff,0x24,0x30,0x10,0x3b,0xaa,0xb8,0x3f,0x1a,0x47,0x32,0x7e,0xff,0x26,0x2e,0x56,
0x5f,0x70,0xa5,0x32,0xfd,0xff,0x88,0xbf,0x80,0x2a,0x2a,0x02,0x1b,0x00,0x13,0xd6,
0xff,0x24,0x62,0x84,0x3b,0xaa,0xb8,0x3f,0x18,0x47,0x38,0x7e,0x1a,0x33,0x34,0x08,
0x19,0x11,0x32,0x7e,0xff,0x28,0x3c,0x7c,0x18,0x72,0xb1,0x42,0x14,0x02,0x87,0xbf,
0xff,0x24,0x0a,0xc8,0x18,0x39,0x18,0x1b,0x5f,0x70,0xa5,0x32,0x1a,0x2f,0x2e,0x06,
0x1c,0x11,0x38,0x7e,0xfd,0xff,0x88,0xbf,0xff,0x2a,0x8c,0x03,0x00,0x00,0x80,0x7f,
0xff,0x26,0x36,0x7c,0xd0,0x8e,0xce,0xc2,0x18,0x37,0x30,0x06,0x17,0x4b,0x2e,0x7e,
0x11,0x03,0x87,0xbf,0x18,0x4b,0x30,0x7e,0x14,0x00,0x1c,0xd7,0x17,0x33,0x02,0x00,
0x25,0x01,0x87,0xbf,0x17,0x00,0x1c,0xd7,0x18,0x39,0x02,0x00,0xfd,0xff,0x88,0xbf,
0x80,0x28,0x28,0x02,0xff,0x24,0x36,0x7c,0xd0,0x8e,0xce,0xc2,0xfd,0xff,0x88,0xbf,
0x80,0x2e,0x2e,0x02,0xff,0x26,0x3c,0x7c,0x18,0x72,0xb1,0x42,0xfd,0xff,0x88,0xbf,
0xff,0x28,0x8e,0x03,0x00,0x00,0x80,0x7f,0xff,0x24,0x3c,0x7c,0x18,0x72,0xb1,0x42,
0xc6,0x2d,0x28,0x06,0xfd,0xff,0x88,0xbf,0xff,0x2e,0x90,0x03,0x00,0x00,0x80,0x7f,
0xff,0x22,0x3a,0x10,0x3b,0xaa,0xb8,0x3f,0xff,0x22,0x36,0x7c,0xd0,0x8e,0xce,0xc2,
0xa2,0x00,0x87,0xbf,0x1a,0x00,0x13,0xd6,0xff,0x22,0x76,0x84,0x3b,0xaa,0xb8,0x3f,
0x1d,0x47,0x3c,0x7e,0xff,0x22,0x0a,0xc8,0x1d,0x3d,0x1a,0x1a,0x5f,0x70,0xa5,0x32,
0x1e,0x11,0x30,0x7e,0x92,0x00,0x87,0xbf,0x1b,0x35,0x34,0x06,0x1a,0x4b,0x2a,0x7e,
0xa5,0x00,0x87,0xbf,0x13,0x00,0x1c,0xd7,0x15,0x31,0x02,0x00,0xfd,0xff,0x88,0xbf,
0x80,0x26,0x48,0xca,0xc7,0x29,0x12,0x12,0xff,0x22,0x3c,0x7c,0x18,0x72,0xb1,0x42,
0xa2,0x01,0x87,0xbf,0xc8,0x27,0x22,0x06,0xfd,0xff,0x88,0xbf,0xff,0x24,0x92,0x03,
0x00,0x00,0x80,0x7f,0x01,0x00,0x87,0xbf,0xc9,0x23,0x22,0x06,0x00,0x00,0x34,0xd8,
0x77,0x11,0x00,0x00,0x00,0x00,0xc6,0xbf,0xc1,0x4e,0x80,0xbe,0xff,0xff,0x94,0xbf,
0x00,0x20,0x87,0xbe,0x08,0x00,0xa5,0xbf,0x00,0x00,0xd8,0xd8,0x77,0x00,0x00,0x11,
0x04,0x00,0xd8,0xd8,0x74,0x00,0x00,0x12,0x00,0x00,0xc6,0xbf,0x11,0x25,0x22,0x06,
0x00,0x00,0x34,0xd8,0x77,0x11,0x00,0x00,0xfe,0xff,0x88,0xbf,0x7e,0x07,0x7e,0x8c,
0x81,0xf5,0x2a,0x4a,0x00,0x00,0xc6,0xbf,0xc1,0x4e,0x80,0xbe,0xff,0xff,0x94,0xbf,
0x00,0x00,0xd8,0xd8,0x74,0x00,0x00,0xad,0x00,0x00,0xc6,0xbf,0xc1,0x4e,0x80,0xbe,
0xff,0xff,0x94,0xbf,0x7c,0xc0,0x05,0xc4,0x11,0xb0,0x80,0x40,0x15,0x00,0x00,0x00,
0x47,0xec,0x94,0x4b,0x79,0xf5,0x34,0x4a,0x80,0xf5,0x3e,0x4a,0x03,0x15,0x06,0x7e,
0x04,0x15,0x08,0x7e,0x49,0x94,0x89,0x7c,0x01,0x15,0x02,0x7e,0x02,0x15,0x04,0x7e,
0x7b,0xf5,0x48,0x4a,0xcc,0x00,0x11,0xd7,0x03,0x09,0x02,0x00,0x01,0x6a,0x0a,0x8b,
0x02,0x6a,0x07,0x8b,0x03,0x6a,0x08,0x8b,0x04,0x6a,0x09,0x8b,0xcb,0x00,0x11,0xd7,
0x01,0x05,0x02,0x00,0x0d,0x15,0x02,0x7e,0x0f,0x15,0x04,0x7e,0x10,0x15,0x06,0x7e,
0x0e,0x15,0x08,0x7e,0x05,0x6a,0x6a,0x8b,0x05,0x15,0x0a,0x7e,0x07,0x15,0x0e,0x7e,
0xd2,0x00,0x11,0xd7,0x02,0x07,0x02,0x00,0xd1,0x00,0x11,0xd7,0x01,0x09,0x02,0x00,
0x0b,0x15,0x02,0x7e,0x0c,0x15,0x04,0x7e,0x08,0x15,0x10,0x7e,0x06,0x15,0x0c,0x7e,
0x9d,0x00,0x8a,0xd5,0x9d,0x01,0x00,0x00,0xa0,0x00,0x8a,0xd5,0xa0,0x01,0x00,0x00,
0xd0,0x00,0x11,0xd7,0x01,0x05,0x02,0x00,0x09,0x15,0x02,0x7e,0x0a,0x15,0x04,0x7e,
0xce,0x00,0x11,0xd7,0x07,0x11,0x02,0x00,0xcd,0x00,0x11,0xd7,0x05,0x0d,0x02,0x00,
0xa2,0x00,0x8a,0xd5,0xa2,0x01,0x00,0x00,0x9b,0x00,0x8a,0xd5,0x9b,0x01,0x00,0x00,
0xcf,0x00,0x11,0xd7,0x01,0x05,0x02,0x00,0x9c,0x00,0x8a,0xd5,0x9c,0x01,0x00,0x00,
0x99,0x00,0x8a,0xd5,0x99,0x01,0x00,0x00,0x9a,0x00,0x8a,0xd5,0x9a,0x01,0x00,0x00,
0x63,0x06,0x07,0x4b,0x68,0x0a,0x0b,0x4b,0x9c,0x00,0x11,0xd7,0x9b,0x39,0x03,0x00,
0x67,0x2a,0x2b,0x4b,0x9b,0x00,0x11,0xd7,0x99,0x35,0x03,0x00,0x99,0x00,0x8a,0xd5,
0xa5,0x01,0x00,0x00,0x9a,0x00,0x8a,0xd5,0xa9,0x01,0x00,0x00,0x80,0x00,0xc7,0xb7,
0x63,0x08,0x09,0x4b,0x4c,0x0c,0x0d,0x4b,0x00,0x00,0xc0,0xbf,0xfe,0xff,0x88,0xbf,
0x16,0x00,0x01,0xd5,0x80,0x22,0x2a,0x00,0x88,0x94,0x23,0x4a,0x17,0x00,0x01,0xd5,
0x80,0x24,0x1e,0x00,0x18,0x00,0x01,0xd5,0x80,0x26,0x22,0x00,0x19,0x00,0x01,0xd5,
0x80,0x28,0x26,0x00,0x04,0x00,0x87,0xbf,0x07,0x00,0x44,0xd4,0x49,0x22,0x02,0x00,
0x7c,0xc0,0x05,0xc4,0x11,0xb0,0x80,0x40,0x1a,0x00,0x00,0x00,0x01,0x07,0x0a,0x8b,
0x03,0x07,0x08,0x8b,0x02,0x07,0x09,0x8b,0x04,0x07,0x0b,0x8b,0x05,0x07,0x07,0x8b,
0x00,0x00,0xc0,0xbf,0xfe,0xff,0x88,0xbf,0x1e,0x00,0x01,0xd5,0x80,0x22,0x2a,0x00,
0x90,0x94,0x23,0x4a,0x1b,0x00,0x01,0xd5,0x80,0x28,0x2e,0x00,0x1c,0x00,0x01,0xd5,
0x80,0x26,0x22,0x00,0x1d,0x00,0x01,0xd5,0x80,0x24,0x26,0x00,0x04,0x00,0x87,0xbf,
0x08,0x00,0x44,0xd4,0x49,0x22,0x02,0x00,0x7c,0xc0,0x05,0xc4,0x11,0xb0,0x80,0x40,
0x1f,0x00,0x00,0x00,0x01,0x08,0x0c,0x8b,0x02,0x08,0x09,0x8b,0x03,0x08,0x0a,0x8b,
0x04,0x08,0x0b,0x8b,0x05,0x08,0x08,0x8b,0x00,0x00,0xc0,0xbf,0xfe,0xff,0x88,0xbf,
0x20,0x00,0x01,0xd5,0x80,0x22,0x32,0x00,0x98,0x94,0x23,0x4a,0x21,0x00,0x01,0xd5,
0x80,0x24,0x26,0x00,0x22,0x00,0x01,0xd5,0x80,0x26,0x2a,0x00,0x23,0x00,0x01,0xd5,
0x80,0x28,0x2e,0x00,0x04,0x00,0x87,0xbf,0x09,0x00,0x44,0xd4,0x49,0x22,0x02,0x00,
0x04,0x00,0x85,0xbf,0x7c,0xc0,0x05,0xc4,0x11,0xb0,0x80,0x40,0x24,0x00,0x00,0x00,
0x7c,0x00,0x05,0xc4,0x01,0xb0,0x80,0x40,0x24,0x10,0x00,0x00,0x7c,0x00,0x05,0xc4,
0x02,0xb0,0x80,0x40,0x1f,0x10,0x00,0x00,0x7c,0x00,0x05,0xc4,0x03,0xb0,0x80,0x40,
0x1a,0x10,0x00,0x00,0x7c,0x00,0x05,0xc4,0x04,0xb0,0x80,0x40,0x15,0x10,0x00,0x00,
0x00,0x00,0xc6,0xbf,0xc1,0x4e,0x80,0xbe,0xff,0xff,0x94,0xbf,0x04,0x09,0x0d,0x8b,
0x03,0x09,0x0a,0x8b,0x02,0x09,0x0b,0x8b,0x01,0x09,0x0c,0x8b,0x05,0x09,0x09,0x8b,
0x03,0x00,0xc0,0xbf,0xfe,0xff,0x88,0xbf,0x01,0x00,0x01,0xd5,0x80,0x02,0x26,0x00,
0x14,0x00,0x01,0xd5,0x80,0x28,0x36,0x00,0x13,0x00,0x01,0xd5,0x80,0x26,0x2a,0x00,
0x12,0x00,0x01,0xd5,0x80,0x24,0x2e,0x00,0x00,0x00,0x7c,0xd8,0x78,0x16,0x00,0x00,
0x10,0x00,0x84,0xda,0x78,0x16,0x00,0x00,0x20,0x00,0x7c,0xd8,0x78,0x17,0x00,0x00,
0x30,0x00,0x84,0xda,0x78,0x17,0x00,0x00,0x40,0x00,0x7c,0xd8,0x78,0x18,0x00,0x00,
0x50,0x00,0x84,0xda,0x78,0x18,0x00,0x00,0x60,0x00,0x7c,0xd8,0x78,0x19,0x00,0x00,
0x70,0x00,0x84,0xda,0x78,0x19,0x00,0x00,0x40,0x0a,0x7c,0xd8,0x78,0x22,0x00,0x00,
0x50,0x0a,0x84,0xda,0x78,0x22,0x00,0x00,0x20,0x0f,0x7c,0xd8,0x78,0x12,0x00,0x00,
0x30,0x0f,0x84,0xda,0x78,0x12,0x00,0x00,0x40,0x0f,0x7c,0xd8,0x78,0x13,0x00,0x00,
0x50,0x0f,0x84,0xda,0x78,0x13,0x00,0x00,0x60,0x0f,0x7c,0xd8,0x78,0x14,0x00,0x00,
0x70,0x0f,0x84,0xda,0x78,0x14,0x00,0x00,0x80,0x0f,0x7c,0xd8,0x78,0x01,0x00,0x00,
0x90,0x0f,0x84,0xda,0x78,0x01,0x00,0x00,0x02,0x00,0xc0,0xbf,0x01,0x00,0x01,0xd5,
0x80,0x04,0x22,0x00,0x11,0x00,0x01,0xd5,0x80,0x22,0x32,0x00,0x60,0x0a,0x7c,0xd8,
0x78,0x23,0x00,0x00,0x70,0x0a,0x84,0xda,0x78,0x23,0x00,0x00,0x80,0x0a,0x7c,0xd8,
0x78,0x01,0x00,0x00,0x10,0x0f,0x84,0xda,0x78,0x11,0x00,0x00,0x00,0x0f,0x7c,0xd8,
0x78,0x11,0x00,0x00,0x90,0x0a,0x84,0xda,0x78,0x01,0x00,0x00,0x01,0x00,0xc0,0xbf,
0x01,0x00,0x01,0xd5,0x80,0x06,0x1e,0x00,0x60,0x05,0x7c,0xd8,0x78,0x1b,0x00,0x00,
0x70,0x05,0x84,0xda,0x78,0x1b,0x00,0x00,0x80,0x05,0x7c,0xd8,0x78,0x01,0x00,0x00,
0x30,0x0a,0x84,0xda,0x78,0x21,0x00,0x00,0x20,0x0a,0x7c,0xd8,0x78,0x21,0x00,0x00,
0x10,0x0a,0x84,0xda,0x78,0x20,0x00,0x00,0x00,0x0a,0x7c,0xd8,0x78,0x20,0x00,0x00,
0x90,0x05,0x84,0xda,0x78,0x01,0x00,0x00,0x00,0x00,0xc0,0xbf,0x80,0x08,0x02,0x02,
0x50,0x05,0x84,0xda,0x78,0x1c,0x00,0x00,0x80,0x00,0x7c,0xd8,0x78,0x01,0x00,0x00,
0x40,0x05,0x7c,0xd8,0x78,0x1c,0x00,0x00,0x30,0x05,0x84,0xda,0x78,0x1d,0x00,0x00,
0x20,0x05,0x7c,0xd8,0x78,0x1d,0x00,0x00,0x10,0x05,0x84,0xda,0x78,0x1e,0x00,0x00,
0x00,0x05,0x7c,0xd8,0x78,0x1e,0x00,0x00,0x90,0x00,0x84,0xda,0x78,0x01,0x00,0x00,
0x7c,0xf5,0x02,0x4a,0x7e,0xf5,0x04,0x4a,0x7d,0xf5,0x06,0x4a,0x7f,0xf5,0x08,0x4a,
0x07,0x00,0x85,0xbf,0x7c,0x00,0x05,0xc4,0xef,0xb0,0x80,0x40,0x01,0x10,0x00,0x00,
0x7c,0x00,0x05,0xc4,0xf0,0xb0,0x80,0x40,0x02,0x10,0x00,0x00,0x7c,0x00,0x05,0xc4,
0xf1,0xb0,0x80,0x40,0x03,0x10,0x00,0x00,0x7c,0x00,0x05,0xc4,0xf2,0xb0,0x80,0x40,
0x04,0x10,0x00,0x00,0x7c,0xc0,0x05,0xc4,0xd3,0xb0,0x80,0x40,0x04,0x00,0x00,0x00,
0x7c,0xc0,0x05,0xc4,0xd7,0xb0,0x80,0x40,0x01,0x00,0x00,0x00,0x7c,0xc0,0x05,0xc4,
0xdb,0xb0,0x80,0x40,0x02,0x00,0x00,0x00,0x7c,0xc0,0x05,0xc4,0xdf,0xb0,0x80,0x40,
0x03,0x00,0x00,0x00,0x00,0x00,0xc6,0xbf,0xc1,0x4e,0x80,0xbe,0xff,0xff,0x94,0xbf,
0x00,0x00,0xfc,0xdb,0x75,0x00,0x00,0x01,0x00,0x0a,0xfc,0xdb,0x75,0x00,0x00,0x05,
0x00,0x01,0xfc,0xdb,0x75,0x00,0x00,0x09,0x00,0x04,0xfc,0xdb,0x75,0x00,0x00,0xe3,
0x6b,0xf4,0xf4,0x4a,0x03,0x00,0xc6,0xbf,0x21,0x40,0x40,0xcc,0x01,0x97,0x03,0x1a,
0x00,0x0b,0xfc,0xdb,0x75,0x00,0x00,0x01,0x02,0x00,0xc6,0xbf,0x19,0x40,0x40,0xcc,
0x09,0x97,0x03,0x1a,0x21,0x40,0x40,0xcc,0x05,0x9f,0x87,0x1c,0x00,0x0c,0xfc,0xdb,
0x75,0x00,0x00,0x05,0x01,0x00,0xc6,0xbf,0x19,0x40,0x40,0xcc,0x01,0x9f,0x67,0x1c,
0x00,0x02,0xfc,0xdb,0x75,0x00,0x00,0x01,0x00,0x03,0xfc,0xdb,0x75,0x00,0x00,0xe7,
0x01,0x00,0xc6,0xbf,0x11,0x40,0x40,0xcc,0x01,0x97,0x03,0x1a,0x00,0x0d,0xfc,0xdb,
0x75,0x00,0x00,0x01,0x00,0x0e,0xfc,0xdb,0x75,0x00,0x00,0xeb,0x02,0x00,0xc6,0xbf,
0x09,0x40,0x40,0xcc,0xe7,0x97,0x03,0x1a,0x11,0x40,0x40,0xcc,0x05,0x9f,0x47,0x1c,
0x01,0x00,0xc6,0xbf,0xd2,0x01,0x87,0xbf,0x09,0x40,0x40,0xcc,0x01,0x9f,0x27,0x1c,
0x01,0x40,0x40,0xcc,0xe3,0x97,0x03,0x1a,0xcb,0x00,0x8a,0xd5,0x9e,0x01,0x00,0x00,
0x9e,0x00,0x11,0xd7,0xa0,0x45,0x03,0x00,0x00,0x00,0xc6,0xbf,0x01,0x40,0x40,0xcc,
0xeb,0x9f,0x07,0x1c,0x03,0x00,0x87,0xbf,0x9d,0x00,0x11,0xd7,0x9d,0x97,0x03,0x00,
0x00,0x14,0xfc,0xdb,0x75,0x00,0x00,0xcb,0x00,0x15,0xfc,0xdb,0x75,0x00,0x00,0xcf,
0x01,0x00,0xc6,0xbf,0x21,0x40,0x40,0xcc,0xcb,0x37,0x87,0x1c,0x00,0x00,0xc6,0xbf,
0x19,0x40,0x40,0xcc,0xcf,0x37,0x67,0x1c,0x00,0x16,0xfc,0xdb,0x75,0x00,0x00,0xcb,
0x00,0x17,0xfc,0xdb,0x75,0x00,0x00,0xcf,0x01,0x00,0xc6,0xbf,0x11,0x40,0x40,0xcc,
0xcb,0x37,0x47,0x1c,0x00,0x00,0xc6,0xbf,0x09,0x40,0x40,0xcc,0xcf,0x37,0x27,0x1c,
0x00,0x18,0xfc,0xdb,0x75,0x00,0x00,0xcb,0x00,0x1e,0xfc,0xdb,0x75,0x00,0x00,0xcf,
0x01,0x00,0xc6,0xbf,0x01,0x40,0x40,0xcc,0xcb,0x37,0x07,0x1c,0x9b,0x00,0x8a,0xd5,
0xaa,0x01,0x00,0x00,0x9d,0x00,0x8a,0xd5,0xa7,0x01,0x00,0x00,0x12,0x01,0x87,0xbf,
0x9c,0x00,0x11,0xd7,0x9a,0x37,0x03,0x00,0x9b,0x00,0x11,0xd7,0x99,0x3b,0x03,0x00,
0x99,0x00,0x8a,0xd5,0xa3,0x01,0x00,0x00,0x9a,0x00,0x8a,0xd5,0xa4,0x01,0x00,0x00,
0x9d,0x00,0x8a,0xd5,0xa1,0x01,0x00,0x00,0xa2,0x00,0x87,0xbf,0x9a,0x00,0x11,0xd7,
0x99,0x35,0x03,0x00,0x99,0x00,0x8a,0xd5,0x9f,0x01,0x00,0x00,0x99,0x00,0x11,0xd7,
0x99,0x3b,0x03,0x00,0x00,0x1f,0xfc,0xdb,0x75,0x00,0x00,0x9d,0x00,0x20,0xfc,0xdb,
0x75,0x00,0x00,0xa1,0x02,0x00,0xc6,0xbf,0x21,0x40,0x40,0xcc,0xcf,0x33,0x87,0x1c,
0x01,0x00,0xc6,0xbf,0x19,0x40,0x40,0xcc,0x9d,0x33,0x67,0x1c,0x00,0x00,0xc6,0xbf,
0x11,0x40,0x40,0xcc,0xa1,0x33,0x47,0x1c,0x00,0x21,0xfc,0xdb,0x75,0x00,0x00,0x9d,
0x00,0x22,0xfc,0xdb,0x75,0x00,0x00,0xa1,0x00,0x00,0xc6,0xbf,0xc1,0x4e,0x80,0xbe,
0xff,0xff,0x94,0xbf,0x09,0x40,0x40,0xcc,0x9d,0x33,0x27,0x1c,0x01,0x40,0x40,0xcc,
0xa1,0x33,0x07,0x1c,0xc0,0x94,0x33,0x4b,0x9a,0x00,0x8a,0xd5,0xb4,0x01,0x00,0x00,
0x9b,0x00,0x8a,0xd5,0xb6,0x01,0x00,0x00,0xa3,0x01,0x87,0xbf,0x49,0x32,0x89,0x7c,
0xff,0x94,0x33,0x4b,0x48,0x00,0x00,0x00,0x9c,0x00,0x11,0xd7,0x9a,0x37,0x03,0x00,
0x9a,0x00,0x8a,0xd5,0xae,0x01,0x00,0x00,0x02,0x6a,0x07,0x8b,0x03,0x6a,0x08,0x8b,
0x04,0x6a,0x09,0x8b,0x01,0x6a,0x0a,0x8b,0x05,0x6a,0x6a,0x8b,0x03,0x00,0xc0,0xbf,
0xfe,0xff,0x88,0xbf,0x9e,0x00,0x01,0xd5,0x80,0xa8,0x1f,0x00,0x07,0x00,0x44,0xd4,
0x49,0x32,0x03,0x00,0xff,0x94,0x33,0x4b,0x50,0x00,0x00,0x00,0x9f,0x00,0x01,0xd5,
0x80,0xaa,0x23,0x00,0xa0,0x00,0x01,0xd5,0x80,0xac,0x27,0x00,0x9d,0x00,0x01,0xd5,
0x80,0xa6,0x2b,0x00,0x03,0x07,0x08,0x8b,0x02,0x07,0x09,0x8b,0x02,0x00,0xc0,0xbf,
0xfe,0xff,0x88,0xbf,0xa2,0x00,0x01,0xd5,0x80,0xb2,0x23,0x00,0x08,0x00,0x44,0xd4,
0x49,0x32,0x03,0x00,0xff,0x94,0x33,0x4b,0x58,0x00,0x00,0x00,0xa3,0x00,0x01,0xd5,
0x80,0xb0,0x27,0x00,0x01,0x07,0x0a,0x8b,0x04,0x07,0x0b,0x8b,0x02,0x08,0x09,0x8b,
0xfe,0xff,0x88,0xbf,0xa1,0x00,0x01,0xd5,0x80,0xb4,0x2f,0x00,0x01,0x00,0xc0,0xbf,
0xa7,0x00,0x01,0xd5,0x80,0xb8,0x27,0x00,0x09,0x00,0x44,0xd4,0x49,0x32,0x03,0x00,
0xa4,0x00,0x01,0xd5,0x80,0xae,0x2b,0x00,0x03,0x08,0x0a,0x8b,0x04,0x08,0x0b,0x8b,
0x01,0x08,0x0c,0x8b,0x04,0x09,0x0d,0x8b,0xfe,0xff,0x88,0xbf,0xa5,0x00,0x01,0xd5,
0x80,0xb6,0x33,0x00,0xa9,0x00,0x01,0xd5,0x80,0xba,0x2b,0x00,0xaa,0x00,0x01,0xd5,
0x80,0xbc,0x2f,0x00,0x03,0x09,0x0a,0x8b,0x02,0x09,0x0b,0x8b,0x01,0x09,0x0c,0x8b,
0x00,0x00,0xc0,0xbf,0xca,0x00,0x01,0xd5,0x80,0xc4,0x37,0x00,0x05,0x09,0x09,0x8b,
0xfe,0xff,0x88,0xbf,0xcb,0x00,0x01,0xd5,0x80,0xc2,0x2b,0x00,0xcc,0x00,0x01,0xd5,
0x80,0xc0,0x2f,0x00,0x00,0x00,0x7c,0xd8,0x78,0x9d,0x00,0x00,0x10,0x00,0x84,0xda,
0x78,0x9d,0x00,0x00,0x20,0x00,0x7c,0xd8,0x78,0x9e,0x00,0x00,0x30,0x00,0x84,0xda,
0x78,0x9e,0x00,0x00,0x40,0x00,0x7c,0xd8,0x78,0x9f,0x00,0x00,0x50,0x00,0x84,0xda,
0x78,0x9f,0x00,0x00,0x60,0x00,0x7c,0xd8,0x78,0xa0,0x00,0x00,0x70,0x00,0x84,0xda,
0x78,0xa0,0x00,0x00,0x40,0x0a,0x7c,0xd8,0x78,0xa9,0x00,0x00,0x50,0x0a,0x84,0xda,
0x78,0xa9,0x00,0x00,0x20,0x0f,0x7c,0xd8,0x78,0xcc,0x00,0x00,0x30,0x0f,0x84,0xda,
0x78,0xcc,0x00,0x00,0x40,0x0f,0x7c,0xd8,0x78,0xcb,0x00,0x00,0x50,0x0f,0x84,0xda,
0x78,0xcb,0x00,0x00,0x9d,0x00,0x01,0xd5,0x80,0xe2,0x27,0x00,0x05,0x08,0x08,0x8b,
0x60,0x0f,0x7c,0xd8,0x78,0xca,0x00,0x00,0x70,0x0f,0x84,0xda,0x78,0xca,0x00,0x00,
0x80,0x0f,0x7c,0xd8,0x78,0x9d,0x00,0x00,0x90,0x0f,0x84,0xda,0x78,0x9d,0x00,0x00,
0xfe,0xff,0x88,0xbf,0x9d,0x00,0x01,0xd5,0x80,0xe0,0x23,0x00,0xcd,0x00,0x01,0xd5,
0x80,0xbe,0x33,0x00,0x05,0x07,0x07,0x8b,0x60,0x0a,0x7c,0xd8,0x78,0xaa,0x00,0x00,
0x70,0x0a,0x84,0xda,0x78,0xaa,0x00,0x00,0x80,0x0a,0x7c,0xd8,0x78,0x9d,0x00,0x00,
0x10,0x0f,0x84,0xda,0x78,0xcd,0x00,0x00,0x00,0x0f,0x7c,0xd8,0x78,0xcd,0x00,0x00,
0x90,0x0a,0x84,0xda,0x78,0x9d,0x00,0x00,0xfe,0xff,0x88,0xbf,0x9d,0x00,0x01,0xd5,
0x80,0xde,0x1f,0x00,0x60,0x05,0x7c,0xd8,0x78,0xa1,0x00,0x00,0x70,0x05,0x84,0xda,
0x78,0xa1,0x00,0x00,0x80,0x05,0x7c,0xd8,0x78,0x9d,0x00,0x00,0x30,0x0a,0x84,0xda,
0x78,0xa7,0x00,0x00,0x20,0x0a,0x7c,0xd8,0x78,0xa7,0x00,0x00,0x10,0x0a,0x84,0xda,
0x78,0xa5,0x00,0x00,0x00,0x0a,0x7c,0xd8,0x78,0xa5,0x00,0x00,0x90,0x05,0x84,0xda,
0x78,0x9d,0x00,0x00,0x80,0xe4,0x3b,0x03,0x99,0x00,0x8a,0xd5,0xb0,0x01,0x00,0x00,
0xb0,0x00,0x8a,0xd5,0xb1,0x01,0x00,0x00,0x50,0x05,0x84,0xda,0x78,0xa2,0x00,0x00,
0x80,0x00,0x7c,0xd8,0x78,0x9d,0x00,0x00,0x40,0x05,0x7c,0xd8,0x78,0xa2,0x00,0x00,
0x30,0x05,0x84,0xda,0x78,0xa3,0x00,0x00,0x20,0x05,0x7c,0xd8,0x78,0xa3,0x00,0x00,
0x10,0x05,0x84,0xda,0x78,0xa4,0x00,0x00,0x00,0x05,0x7c,0xd8,0x78,0xa4,0x00,0x00,
0x90,0x00,0x84,0xda,0x78,0x9d,0x00,0x00,0x00,0x00,0xc6,0xbf,0xc1,0x4e,0x80,0xbe,
0xff,0xff,0x94,0xbf,0x00,0x00,0xfc,0xdb,0x75,0x00,0x00,0x9d,0x00,0x01,0xfc,0xdb,
0x75,0x00,0x00,0xa1,0x9b,0x00,0x11,0xd7,0x99,0x61,0x03,0x00,0x99,0x00,0x8a,0xd5,
0xab,0x01,0x00,0x00,0x98,0x2f,0x29,0x7c,0x4d,0x47,0x07,0xbf,0xb2,0x00,0x87,0xbf,
0x9a,0x00,0x11,0xd7,0x99,0x35,0x03,0x00,0x99,0x00,0x8a,0xd5,0xa6,0x01,0x00,0x00,
0xa6,0x00,0x8a,0xd5,0xa8,0x01,0x00,0x00,0x99,0x00,0x11,0xd7,0x99,0x4d,0x03,0x00,
0x01,0x00,0xc6,0xbf,0x01,0x00,0x87,0xbf,0x21,0x40,0x40,0xcc,0x9d,0x33,0x87,0x1c,
0x00,0x00,0xc6,0xbf,0x19,0x40,0x40,0xcc,0xa1,0x33,0x67,0x1c,0x00,0x02,0xfc,0xdb,
0x75,0x00,0x00,0x9d,0x00,0x03,0xfc,0xdb,0x75,0x00,0x00,0xa1,0x01,0x00,0xc6,0xbf,
0x11,0x40,0x40,0xcc,0x9d,0x33,0x47,0x1c,0x00,0x00,0xc6,0xbf,0x09,0x40,0x40,0xcc,
0xa1,0x33,0x27,0x1c,0x00,0x04,0xfc,0xdb,0x75,0x00,0x00,0x9d,0x00,0x0a,0xfc,0xdb,
0x75,0x00,0x00,0xa1,0x01,0x00,0xc6,0xbf,0x01,0x40,0x40,0xcc,0x9d,0x33,0x07,0x1c,
0x99,0x00,0x8a,0xd5,0xb5,0x01,0x00,0x00,0x9a,0x00,0x8a,0xd5,0xba,0x01,0x00,0x00,
0x9b,0x00,0x8a,0xd5,0xbb,0x01,0x00,0x00,0x9d,0x00,0x8a,0xd5,0xb8,0x01,0x00,0x00,
0x12,0x01,0x87,0xbf,0x9c,0x00,0x11,0xd7,0x9a,0x37,0x03,0x00,0x9b,0x00,0x11,0xd7,
0x99,0x3b,0x03,0x00,0x99,0x00,0x8a,0xd5,0xb2,0x01,0x00,0x00,0x9a,0x00,0x8a,0xd5,
0xb3,0x01,0x00,0x00,0x9d,0x00,0x8a,0xd5,0xaf,0x01,0x00,0x00,0xa2,0x00,0x87,0xbf,
0x9a,0x00,0x11,0xd7,0x99,0x35,0x03,0x00,0x99,0x00,0x8a,0xd5,0xac,0x01,0x00,0x00,
0x99,0x00,0x11,0xd7,0x99,0x3b,0x03,0x00,0x00,0x00,0xc6,0xbf,0x01,0x00,0x87,0xbf,
0x21,0x40,0x40,0xcc,0xa1,0x33,0x87,0x1c,0x00,0x0b,0xfc,0xdb,0x75,0x00,0x00,0x9d,
0x00,0x0c,0xfc,0xdb,0x75,0x00,0x00,0xa1,0x01,0x00,0xc6,0xbf,0x19,0x40,0x40,0xcc,
0x9d,0x33,0x67,0x1c,0x00,0x00,0xc6,0xbf,0x11,0x40,0x40,0xcc,0xa1,0x33,0x47,0x1c,
0x00,0x0d,0xfc,0xdb,0x75,0x00,0x00,0x9d,0x00,0x0e,0xfc,0xdb,0x75,0x00,0x00,0xa1,
0x01,0x00,0xc6,0xbf,0x09,0x40,0x40,0xcc,0x9d,0x33,0x27,0x1c,0x00,0x00,0xc6,0xbf,
0x01,0x40,0x40,0xcc,0xa1,0x33,0x07,0x1c,0x99,0x00,0x8a,0xd5,0xbf,0x01,0x00,0x00,
0x9a,0x00,0x8a,0xd5,0xc2,0x01,0x00,0x00,0x9b,0x00,0x8a,0xd5,0xc5,0x01,0x00,0x00,
0x9d,0x00,0x8a,0xd5,0xc0,0x01,0x00,0x00,0x12,0x01,0x87,0xbf,0x9c,0x00,0x11,0xd7,
0x9a,0x37,0x03,0x00,0x9b,0x00,0x11,0xd7,0x99,0x3b,0x03,0x00,0x99,0x00,0x8a,0xd5,
0xbc,0x01,0x00,0x00,0x9a,0x00,0x8a,0xd5,0xbd,0x01,0x00,0x00,0x9d,0x00,0x8a,0xd5,
0xb9,0x01,0x00,0x00,0xa2,0x00,0x87,0xbf,0x9a,0x00,0x11,0xd7,0x99,0x35,0x03,0x00,
0x99,0x00,0x8a,0xd5,0xb7,0x01,0x00,0x00,0x99,0x00,0x11,0xd7,0x99,0x3b,0x03,0x00,
0x00,0x14,0xfc,0xdb,0x75,0x00,0x00,0x9d,0x00,0x15,0xfc,0xdb,0x75,0x00,0x00,0xa1,
0x01,0x00,0xc6,0xbf,0x21,0x40,0x40,0xcc,0x9d,0x33,0x87,0x1c,0x00,0x00,0xc6,0xbf,
0x19,0x40,0x40,0xcc,0xa1,0x33,0x67,0x1c,0x00,0x16,0xfc,0xdb,0x75,0x00,0x00,0x9d,
0x00,0x17,0xfc,0xdb,0x75,0x00,0x00,0xa1,0x01,0x00,0xc6,0xbf,0x11,0x40,0x40,0xcc,
0x9d,0x33,0x47,0x1c,0x00,0x00,0xc6,0xbf,0x09,0x40,0x40,0xcc,0xa1,0x33,0x27,0x1c,
0x00,0x18,0xfc,0xdb,0x75,0x00,0x00,0x9d,0x00,0x1e,0xfc,0xdb,0x75,0x00,0x00,0xa1,
0x01,0x00,0xc6,0xbf,0x01,0x40,0x40,0xcc,0x9d,0x33,0x07,0x1c,0x99,0x00,0x8a,0xd5,
0xc6,0x01,0x00,0x00,0x9a,0x00,0x8a,0xd5,0xc8,0x01,0x00,0x00,0x9b,0x00,0x8a,0xd5,
0xc9,0x01,0x00,0x00,0x9d,0x00,0x8a,0xd5,0xc7,0x01,0x00,0x00,0x12,0x01,0x87,0xbf,
0x9c,0x00,0x11,0xd7,0x9a,0x37,0x03,0x00,0x9b,0x00,0x11,0xd7,0x99,0x3b,0x03,0x00,
0x99,0x00,0x8a,0xd5,0xc3,0x01,0x00,0x00,0x9a,0x00,0x8a,0xd5,0xc4,0x01,0x00,0x00,
0x9d,0x00,0x8a,0xd5,0xc1,0x01,0x00,0x00,0xa2,0x00,0x87,0xbf,0x9a,0x00,0x11,0xd7,
0x99,0x35,0x03,0x00,0x99,0x00,0x8a,0xd5,0xbe,0x01,0x00,0x00,0x99,0x00,0x11,0xd7,
0x99,0x3b,0x03,0x00,0x00,0x00,0xc6,0xbf,0x01,0x00,0x87,0xbf,0x21,0x40,0x40,0xcc,
0xa1,0x33,0x87,0x1c,0x00,0x1f,0xfc,0xdb,0x75,0x00,0x00,0x9d,0x00,0x20,0xfc,0xdb,
0x75,0x00,0x00,0xa1,0x01,0x00,0xc6,0xbf,0x19,0x40,0x40,0xcc,0x9d,0x33,0x67,0x1c,
0x00,0x00,0xc6,0xbf,0x11,0x40,0x40,0xcc,0xa1,0x33,0x47,0x1c,0x00,0x21,0xfc,0xdb,
0x75,0x00,0x00,0x9d,0x00,0x22,0xfc,0xdb,0x75,0x00,0x00,0xa1,0x00,0x00,0xc6,0xbf,
0xc1,0x4e,0x80,0xbe,0xff,0xff,0x94,0xbf,0x09,0x40,0x40,0xcc,0x9d,0x33,0x27,0x1c,
0x01,0x40,0x40,0xcc,0xa1,0x33,0x07,0x1c,0xfd,0xff,0x88,0xbf,0x97,0x31,0x33,0x03,
0x91,0x00,0x87,0xbf,0x98,0x33,0x31,0x09,0xff,0x30,0x35,0x11,0x3b,0xaa,0xb8,0x3f,
0xff,0x30,0x37,0x7c,0xd0,0x8e,0xce,0xc2,0x22,0x01,0x87,0xbf,0x9b,0x00,0x13,0xd6,
0xff,0x30,0x6b,0x86,0x3b,0xaa,0xb8,0x3f,0x9a,0x47,0x38,0x7f,0xff,0x30,0x37,0x57,
0x5f,0x70,0xa5,0x32,0x92,0x00,0x87,0xbf,0x9a,0x39,0x35,0x09,0x9a,0x37,0x35,0x07,
0x9c,0x11,0x36,0x7f,0x92,0x02,0x87,0xbf,0x9a,0x4b,0x34,0x7f,0x9a,0x00,0x1c,0xd7,
0x9a,0x37,0x03,0x00,0xfd,0xff,0x88,0xbf,0x31,0x01,0x87,0xbf,0x80,0x34,0x35,0x03,
0xff,0x30,0x3d,0x7c,0x18,0x72,0xb1,0x42,0xfd,0xff,0x88,0xbf,0xff,0x34,0x37,0x03,
0x00,0x00,0x80,0x7f,0x01,0x00,0x87,0xbf,0x9b,0x43,0x34,0x11,0x9b,0x45,0x30,0x11,
0x9b,0x47,0x42,0x10,0x9b,0x49,0x44,0x10,0x9b,0x4b,0x46,0x10,0x9b,0x4d,0x48,0x10,
0x9b,0x4f,0x4a,0x10,0x9b,0x51,0x4c,0x10,0x9b,0x3b,0x4e,0x10,0x9b,0x3d,0x50,0x10,
0x9b,0x3f,0x3a,0x10,0x9b,0x41,0x3c,0x10,0x9b,0x25,0x3e,0x10,0x9b,0x27,0x40,0x10,
0x9b,0x29,0x24,0x10,0x9b,0x2d,0x28,0x10,0x9b,0x2b,0x26,0x10,0x9b,0x2f,0x2a,0x10,
0x9b,0x31,0x2c,0x10,0x9b,0x1b,0x2e,0x10,0x9b,0x1d,0x30,0x10,0x9b,0x1f,0x1a,0x10,
0x9b,0x21,0x1c,0x10,0x9b,0x03,0x1e,0x10,0x9b,0x07,0x20,0x10,0x9b,0x09,0x02,0x10,
0x9b,0x0d,0x08,0x10,0x9b,0x11,0x0c,0x10,0x9b,0x0b,0x06,0x10,0x9b,0x0f,0x0a,0x10,
0x97,0x33,0x0f,0x08,0x21,0x01,0x87,0xbf,0xff,0x0e,0x10,0x10,0x3b,0xaa,0xb8,0x3f,
0xff,0x0e,0x36,0x7c,0xd0,0x8e,0xce,0xc2,0x97,0x00,0x13,0xd6,0xff,0x0e,0x22,0x84,
0x3b,0xaa,0xb8,0x3f,0x08,0x47,0x38,0x7f,0xb1,0x01,0x87,0xbf,0xff,0x0e,0x0a,0xc8,
0x08,0x39,0x09,0x97,0x5f,0x70,0xa5,0x32,0x9b,0x33,0x32,0x10,0x9b,0x39,0x38,0x10,
0x08,0x2f,0x11,0x06,0x9c,0x11,0x2e,0x7f,0x92,0x02,0x87,0xbf,0x08,0x4b,0x10,0x7e,
0x08,0x00,0x1c,0xd7,0x08,0x2f,0x03,0x00,0xfd,0xff,0x88,0xbf,0x31,0x01,0x87,0xbf,
0x80,0x10,0x10,0x02,0xff,0x0e,0x3c,0x7c,0x18,0x72,0xb1,0x42,0xfd,0xff,0x88,0xbf,
0xff,0x10,0x0e,0x02,0x00,0x00,0x80,0x7f,0x21,0x01,0x87,0xbf,0x96,0x0f,0x0e,0x10,
0x9b,0x13,0x12,0x10,0x9b,0x35,0xc0,0xc8,0x41,0x0f,0x18,0x1a,0x96,0x00,0x13,0xd6,
0x9b,0x5b,0x1f,0x04,0x49,0x0f,0x34,0x57,0x4d,0x0f,0x46,0x56,0x30,0x0f,0x0c,0x56,
0x9b,0x15,0xc0,0xc8,0x2d,0x0f,0x02,0x0a,0x44,0x02,0x87,0xbf,0x08,0x7c,0xfc,0xd6,
0x96,0x2d,0x6b,0x06,0x2e,0x0f,0x08,0x56,0x2f,0x0f,0x0a,0x56,0x4a,0x0f,0x30,0x57,
0x08,0x55,0x5a,0x7e,0x4b,0x0f,0x42,0x56,0x40,0x0f,0x2c,0x56,0x31,0x0f,0x12,0x56,
0x4c,0x0f,0x44,0x56,0x32,0x0f,0x14,0x56,0x4e,0x0f,0x48,0x56,0x4f,0x0f,0x4a,0x56,
0x50,0x0f,0x4c,0x56,0x3e,0x0f,0x28,0x56,0x2e,0x00,0x13,0xd6,0x08,0x5b,0xca,0x23,
0x9b,0x19,0xc0,0xc8,0x3d,0x0f,0x12,0x0c,0x46,0x0f,0x06,0xc8,0x9b,0x23,0x10,0x28,
0x42,0x0f,0x34,0x56,0xc4,0x01,0x87,0xbf,0x2e,0x5b,0x5a,0x56,0x2e,0x6a,0xfc,0xd6,
0x9a,0x2d,0x6b,0x06,0x34,0x0f,0x18,0x56,0x45,0x0f,0x4e,0x56,0x44,0x0f,0x06,0xc8,
0x2e,0x5b,0x2e,0x1c,0x48,0x0f,0x3c,0x56,0x39,0x0f,0x22,0x56,0x3a,0x0f,0x3e,0x56,
0x3b,0x0f,0x40,0x56,0x30,0x00,0x13,0xd6,0x08,0x5f,0xba,0x24,0x3c,0x0f,0x24,0x56,
0x36,0x0f,0x30,0x56,0x35,0x0f,0x2e,0x56,0x29,0x0f,0x1e,0x56,0x30,0x5b,0x5e,0x56,
0x38,0x0f,0x1c,0x56,0x2c,0x0f,0x02,0x56,0xa3,0x00,0x87,0xbf,0x08,0x00,0x13,0xd6,
0x08,0x5f,0xba,0x24,0xfd,0xff,0x88,0xbf,0x08,0x00,0x37,0xd6,0x08,0x5b,0xbe,0x04,
0xa1,0x00,0x87,0xbf,0x49,0x00,0x27,0xd6,0x08,0x2d,0x6b,0x06,0x08,0x7c,0xfc,0xd6,
0x96,0x2d,0x63,0x06,0x08,0x55,0x5a,0x7e,0x95,0x00,0x87,0xbf,0x2e,0x00,0x13,0xd6,
0x08,0x5b,0xca,0x23,0x9b,0x05,0xc0,0xc8,0x2e,0x5b,0x2c,0x02,0x2e,0x6a,0xfc,0xd6,
0x98,0x2d,0x63,0x06,0x12,0x01,0x87,0xbf,0x2a,0x0f,0x04,0x56,0x2e,0x5b,0xc0,0xc8,
0x2b,0x0f,0x10,0x2f,0x91,0x00,0x87,0xbf,0x30,0x00,0x13,0xd6,0x08,0x5f,0xba,0x24,
0x30,0x5b,0x5e,0x56,0xa1,0x00,0x87,0xbf,0x08,0x00,0x13,0xd6,0x08,0x5f,0xba,0x24,
0xfd,0xff,0x88,0xbf,0x08,0x00,0x37,0xd6,0x08,0x5b,0xbe,0x04,0x2d,0x7c,0xfc,0xd6,
0x96,0x2d,0x87,0x04,0x12,0x01,0x87,0xbf,0x4a,0x00,0x27,0xd6,0x08,0x2d,0x63,0x06,
0x2d,0x55,0x5c,0x7e,0x08,0x7c,0xfc,0xd6,0x96,0x2d,0x8b,0x04,0x95,0x00,0x87,0xbf,
0x2f,0x00,0x13,0xd6,0x2d,0x5d,0xca,0x23,0x2f,0x5d,0x5c,0x56,0x2f,0x6a,0xfc,0xd6,
0x21,0x2d,0x87,0x04,0x91,0x00,0x87,0xbf,0x2f,0x5d,0x60,0x10,0x31,0x00,0x13,0xd6,
0x2d,0x61,0xbe,0x24,0x91,0x00,0x87,0xbf,0x9b,0x37,0xc0,0xc8,0x31,0x5d,0x30,0x1b,
0x43,0x0f,0x36,0x56,0xa2,0x00,0x87,0xbf,0x2d,0x00,0x13,0xd6,0x2d,0x61,0xbe,0x24,
0xfd,0xff,0x88,0xbf,0x2d,0x00,0x37,0xd6,0x2d,0x5d,0xc2,0x04,0x08,0x55,0x5c,0x7e,
0x91,0x02,0x87,0xbf,0x4b,0x00,0x27,0xd6,0x2d,0x2d,0x87,0x04,0x2f,0x00,0x13,0xd6,
0x08,0x5d,0xca,0x23,0xa1,0x00,0x87,0xbf,0x2f,0x5d,0x5c,0x56,0x2f,0x6a,0xfc,0xd6,
0x22,0x2d,0x8b,0x04,0x2f,0x5d,0x60,0x10,0x91,0x00,0x87,0xbf,0x31,0x00,0x13,0xd6,
0x08,0x61,0xbe,0x24,0x31,0x5d,0x00,0xc8,0x47,0x0f,0x1c,0x30,0xa1,0x00,0x87,0xbf,
0x08,0x00,0x13,0xd6,0x08,0x61,0xbe,0x24,0xfd,0xff,0x88,0xbf,0x08,0x00,0x37,0xd6,
0x08,0x5d,0xc2,0x04,0x2e,0x7c,0xfc,0xd6,0x96,0x2d,0x8f,0x04,0x91,0x02,0x87,0xbf,
0x2e,0x55,0x5e,0x7e,0x30,0x00,0x13,0xd6,0x2e,0x5f,0xca,0x23,0xa1,0x00,0x87,0xbf,
0x30,0x5f,0x5e,0x56,0x30,0x6a,0xfc,0xd6,0x23,0x2d,0x8f,0x04,0x30,0x5f,0x62,0x10,
0x91,0x00,0x87,0xbf,0x32,0x00,0x13,0xd6,0x2e,0x63,0xc2,0x24,0x32,0x5f,0x62,0x56,
0xa1,0x00,0x87,0xbf,0x2e,0x00,0x13,0xd6,0x2e,0x63,0xc2,0x24,0xfd,0xff,0x88,0xbf,
0x2e,0x00,0x37,0xd6,0x2e,0x5f,0xc6,0x04,0x2f,0x7c,0xfc,0xd6,0x96,0x2d,0x93,0x04,
0x12,0x01,0x87,0xbf,0x4d,0x00,0x27,0xd6,0x2e,0x2d,0x8f,0x04,0x2f,0x55,0x60,0x7e,
0x95,0x00,0x87,0xbf,0x31,0x00,0x13,0xd6,0x2f,0x61,0xca,0x23,0x31,0x61,0x60,0x56,
0x31,0x6a,0xfc,0xd6,0x24,0x2d,0x93,0x04,0x91,0x00,0x87,0xbf,0x9b,0x17,0xc6,0xc8,
0x31,0x61,0x32,0x0b,0x33,0x0f,0x16,0x56,0x92,0x00,0x87,0xbf,0x33,0x00,0x13,0xd6,
0x2f,0x65,0xc6,0x24,0x33,0x61,0x64,0x56,0xa1,0x00,0x87,0xbf,0x2f,0x00,0x13,0xd6,
0x2f,0x65,0xc6,0x24,0xfd,0xff,0x88,0xbf,0x2f,0x00,0x37,0xd6,0x2f,0x61,0xca,0x04,
0x30,0x7c,0xfc,0xd6,0x96,0x2d,0x97,0x04,0x12,0x01,0x87,0xbf,0x4e,0x00,0x27,0xd6,
0x2f,0x2d,0x93,0x04,0x30,0x55,0x62,0x7e,0x95,0x00,0x87,0xbf,0x32,0x00,0x13,0xd6,
0x30,0x63,0xca,0x23,0x32,0x63,0x62,0x56,0x32,0x6a,0xfc,0xd6,0x25,0x2d,0x97,0x04,
0xb1,0x01,0x87,0xbf,0x32,0x63,0x66,0x10,0x4c,0x00,0x27,0xd6,0x08,0x2d,0x8b,0x04,
0x08,0x7c,0xfc,0xd6,0x96,0x2d,0x9b,0x04,0x34,0x00,0x13,0xd6,0x30,0x67,0xca,0x24,
0x92,0x00,0x87,0xbf,0x08,0x55,0x42,0x7e,0x34,0x63,0x66,0x56,0x91,0x02,0x87,0xbf,
0x30,0x00,0x13,0xd6,0x30,0x67,0xca,0x24,0x22,0x00,0x13,0xd6,0x08,0x43,0xca,0x23,
0xfd,0xff,0x88,0xbf,0x12,0x01,0x87,0xbf,0x30,0x00,0x37,0xd6,0x30,0x63,0xce,0x04,
0x22,0x43,0x42,0x56,0x22,0x6a,0xfc,0xd6,0x26,0x2d,0x9b,0x04,0x13,0x01,0x87,0xbf,
0x4f,0x00,0x27,0xd6,0x30,0x2d,0x97,0x04,0x22,0x43,0x46,0x10,0x91,0x00,0x87,0xbf,
0x24,0x00,0x13,0xd6,0x08,0x47,0x8a,0x24,0x24,0x43,0x46,0x56,0xa1,0x00,0x87,0xbf,
0x08,0x00,0x13,0xd6,0x08,0x47,0x8a,0x24,0xfd,0xff,0x88,0xbf,0x08,0x00,0x37,0xd6,
0x08,0x43,0x8e,0x04,0x21,0x7c,0xfc,0xd6,0x96,0x2d,0x67,0x04,0x12,0x01,0x87,0xbf,
0x50,0x00,0x27,0xd6,0x08,0x2d,0x9b,0x04,0x21,0x55,0x44,0x7e,0x08,0x7c,0xfc,0xd6,
0x96,0x2d,0x6b,0x04,0x95,0x00,0x87,0xbf,0x23,0x00,0x13,0xd6,0x21,0x45,0xca,0x23,
0x23,0x45,0x44,0x56,0x23,0x6a,0xfc,0xd6,0x19,0x2d,0x67,0x04,0x91,0x00,0x87,0xbf,
0x23,0x45,0x48,0x10,0x25,0x00,0x13,0xd6,0x21,0x49,0x8e,0x24,0x91,0x00,0x87,0xbf,
0x25,0x45,0x00,0xc8,0x37,0x0f,0x0c,0x24,0x21,0x00,0x13,0xd6,0x21,0x49,0x8e,0x24,
0xfd,0xff,0x88,0xbf,0xa1,0x00,0x87,0xbf,0x21,0x00,0x37,0xd6,0x21,0x45,0x92,0x04,
0x08,0x55,0x44,0x7e,0x41,0x00,0x27,0xd6,0x21,0x2d,0x67,0x04,0x95,0x00,0x87,0xbf,
0x23,0x00,0x13,0xd6,0x08,0x45,0xca,0x23,0x23,0x45,0x44,0x56,0x23,0x6a,0xfc,0xd6,
0x1a,0x2d,0x6b,0x04,0x91,0x00,0x87,0xbf,0x23,0x45,0x48,0x10,0x25,0x00,0x13,0xd6,
0x08,0x49,0x8e,0x24,0x91,0x00,0x87,0xbf,0x25,0x45,0x48,0x56,0x08,0x00,0x13,0xd6,
0x08,0x49,0x8e,0x24,0xfd,0xff,0x88,0xbf,0x21,0x01,0x87,0xbf,0x08,0x00,0x37,0xd6,
0x08,0x45,0x92,0x04,0x22,0x7c,0xfc,0xd6,0x96,0x2d,0x6f,0x04,0x42,0x00,0x27,0xd6,
0x08,0x2d,0x6b,0x04,0xa2,0x00,0x87,0xbf,0x22,0x55,0x46,0x7e,0x08,0x7c,0xfc,0xd6,
0x96,0x2d,0x77,0x04,0x08,0x55,0x32,0x7e,0x96,0x00,0x87,0xbf,0x24,0x00,0x13,0xd6,
0x22,0x47,0xca,0x23,0x24,0x47,0x46,0x56,0x24,0x6a,0xfc,0xd6,0x1b,0x2d,0x6f,0x04,
0x15,0x01,0x87,0xbf,0x1a,0x00,0x13,0xd6,0x08,0x33,0xca,0x23,0x24,0x47,0x4a,0x10,
0x12,0x01,0x87,0xbf,0x1a,0x33,0x32,0x56,0x26,0x00,0x13,0xd6,0x22,0x4b,0x92,0x24,
0x91,0x00,0x87,0xbf,0x26,0x47,0x4a,0x56,0x22,0x00,0x13,0xd6,0x22,0x4b,0x92,0x24,
0xfd,0xff,0x88,0xbf,0xa1,0x00,0x87,0xbf,0x22,0x00,0x37,0xd6,0x22,0x47,0x96,0x04,
0x23,0x7c,0xfc,0xd6,0x96,0x2d,0x73,0x04,0x23,0x55,0x48,0x7e,0x95,0x00,0x87,0xbf,
0x25,0x00,0x13,0xd6,0x23,0x49,0xca,0x23,0x25,0x49,0x48,0x56,0x25,0x6a,0xfc,0xd6,
0x1c,0x2d,0x73,0x04,0x21,0x01,0x87,0xbf,0x25,0x49,0x4c,0x10,0x43,0x00,0x27,0xd6,
0x22,0x2d,0x6f,0x04,0x2d,0x00,0x13,0xd6,0x23,0x4d,0x96,0x24,0x91,0x00,0x87,0xbf,
0x3f,0x0f,0x00,0xc8,0x2d,0x49,0x26,0x15,0x23,0x00,0x13,0xd6,0x23,0x4d,0x96,0x24,
0xfd,0xff,0x88,0xbf,0x21,0x01,0x87,0xbf,0x23,0x00,0x37,0xd6,0x23,0x49,0x9a,0x04,
0x24,0x7c,0xfc,0xd6,0x96,0x2d,0x9f,0x04,0x44,0x00,0x27,0xd6,0x23,0x2d,0x73,0x04,
0x92,0x02,0x87,0xbf,0x24,0x55,0x4a,0x7e,0x26,0x00,0x13,0xd6,0x24,0x4b,0xca,0x23,
0xa1,0x00,0x87,0xbf,0x26,0x4b,0x4a,0x56,0x26,0x6a,0xfc,0xd6,0x27,0x2d,0x9f,0x04,
0x26,0x4b,0x5a,0x10,0x91,0x00,0x87,0xbf,0x2e,0x00,0x13,0xd6,0x24,0x5b,0x9a,0x24,
0x2e,0x4b,0x5a,0x56,0xa1,0x00,0x87,0xbf,0x24,0x00,0x13,0xd6,0x24,0x5b,0x9a,0x24,
0xfd,0xff,0x88,0xbf,0x24,0x00,0x37,0xd6,0x24,0x4b,0xb6,0x04,0x25,0x7c,0xfc,0xd6,
0x96,0x2d,0xa3,0x04,0x12,0x01,0x87,0xbf,0x45,0x00,0x27,0xd6,0x24,0x2d,0x9f,0x04,
0x25,0x55,0x4c,0x7e,0x95,0x00,0x87,0xbf,0x2d,0x00,0x13,0xd6,0x25,0x4d,0xca,0x23,
0x2d,0x4d,0x4c,0x56,0x2d,0x6a,0xfc,0xd6,0x28,0x2d,0xa3,0x04,0x91,0x00,0x87,0xbf,
0x2d,0x4d,0x5c,0x10,0x2f,0x00,0x13,0xd6,0x25,0x5d,0xb6,0x24,0x91,0x00,0x87,0xbf,
0x2f,0x4d,0x5c,0x56,0x25,0x00,0x13,0xd6,0x25,0x5d,0xb6,0x24,0xfd,0xff,0x88,0xbf,
0x21,0x01,0x87,0xbf,0x25,0x00,0x37,0xd6,0x25,0x4d,0xba,0x04,0x1a,0x6a,0xfc,0xd6,
0x1d,0x2d,0x77,0x04,0x46,0x00,0x27,0xd6,0x25,0x2d,0xa3,0x04,0x92,0x00,0x87,0xbf,
0x1a,0x33,0x36,0x10,0x1c,0x00,0x13,0xd6,0x08,0x37,0x6a,0x24,0x91,0x00,0x87,0xbf,
0x1c,0x33,0x36,0x56,0x08,0x00,0x13,0xd6,0x08,0x37,0x6a,0x24,0xfd,0xff,0x88,0xbf,
0xa1,0x00,0x87,0xbf,0x08,0x00,0x37,0xd6,0x08,0x33,0x6e,0x04,0x19,0x7c,0xfc,0xd6,
0x96,0x2d,0x7b,0x04,0x19,0x55,0x34,0x7e,0x95,0x00,0x87,0xbf,0x1b,0x00,0x13,0xd6,
0x19,0x35,0xca,0x23,0x1b,0x35,0x34,0x56,0x1b,0x6a,0xfc,0xd6,0x1e,0x2d,0x7b,0x04,
0x91,0x00,0x87,0xbf,0x1b,0x35,0x38,0x10,0x21,0x00,0x13,0xd6,0x19,0x39,0x6e,0x24,
0x91,0x00,0x87,0xbf,0x21,0x35,0x38,0x56,0x19,0x00,0x13,0xd6,0x19,0x39,0x6e,0x24,
0xfd,0xff,0x88,0xbf,0x21,0x01,0x87,0xbf,0x19,0x00,0x37,0xd6,0x19,0x35,0x72,0x04,
0x1a,0x7c,0xfc,0xd6,0x96,0x2d,0x47,0x04,0x48,0x00,0x27,0xd6,0x19,0x2d,0x7b,0x04,
0x92,0x02,0x87,0xbf,0x1a,0x55,0x36,0x7e,0x1c,0x00,0x13,0xd6,0x1a,0x37,0xca,0x23,
0xa1,0x00,0x87,0xbf,0x1c,0x37,0x36,0x56,0x1c,0x6a,0xfc,0xd6,0x11,0x2d,0x47,0x04,
0x1c,0x37,0x42,0x10,0x91,0x00,0x87,0xbf,0x22,0x00,0x13,0xd6,0x1a,0x43,0x72,0x24,
0x22,0x37,0x42,0x56,0xa1,0x00,0x87,0xbf,0x1a,0x00,0x13,0xd6,0x1a,0x43,0x72,0x24,
0xfd,0xff,0x88,0xbf,0x1a,0x00,0x37,0xd6,0x1a,0x37,0x86,0x04,0x1b,0x7c,0xfc,0xd6,
0x96,0x2d,0x7f,0x04,0x12,0x01,0x87,0xbf,0x39,0x00,0x27,0xd6,0x1a,0x2d,0x47,0x04,
0x1b,0x55,0x38,0x7e,0x95,0x00,0x87,0xbf,0x21,0x00,0x13,0xd6,0x1b,0x39,0xca,0x23,
0x21,0x39,0x38,0x56,0x21,0x6a,0xfc,0xd6,0x1f,0x2d,0x7f,0x04,0x47,0x00,0x27,0xd6,
0x08,0x2d,0x77,0x04,0x08,0x7c,0xfc,0xd6,0x96,0x2d,0x4b,0x04,0x13,0x01,0x87,0xbf,
0x21,0x39,0x44,0x10,0x08,0x55,0x22,0x7e,0x91,0x00,0x87,0xbf,0x23,0x00,0x13,0xd6,
0x1b,0x45,0x86,0x24,0x23,0x39,0x44,0x56,0x15,0x01,0x87,0xbf,0x19,0x00,0x13,0xd6,
0x08,0x23,0xca,0x23,0x1b,0x00,0x13,0xd6,0x1b,0x45,0x86,0x24,0x22,0x01,0x87,0xbf,
0x19,0x23,0x22,0x56,0xfd,0xff,0x88,0xbf,0x1b,0x00,0x37,0xd6,0x1b,0x39,0x8a,0x04,
0x1c,0x7c,0xfc,0xd6,0x96,0x2d,0x83,0x04,0x12,0x01,0x87,0xbf,0x3a,0x00,0x27,0xd6,
0x1b,0x2d,0x7f,0x04,0x1c,0x55,0x42,0x7e,0x95,0x00,0x87,0xbf,0x22,0x00,0x13,0xd6,
0x1c,0x43,0xca,0x23,0x22,0x43,0x42,0x56,0x22,0x6a,0xfc,0xd6,0x20,0x2d,0x83,0x04,
0x91,0x00,0x87,0xbf,0x22,0x43,0x46,0x10,0x24,0x00,0x13,0xd6,0x1c,0x47,0x8a,0x24,
0x91,0x00,0x87,0xbf,0x24,0x43,0x46,0x56,0x1c,0x00,0x13,0xd6,0x1c,0x47,0x8a,0x24,
0xfd,0xff,0x88,0xbf,0x21,0x01,0x87,0xbf,0x1c,0x00,0x37,0xd6,0x1c,0x43,0x8e,0x04,
0x19,0x6a,0xfc,0xd6,0x12,0x2d,0x4b,0x04,0x3b,0x00,0x27,0xd6,0x1c,0x2d,0x83,0x04,
0x92,0x00,0x87,0xbf,0x19,0x23,0x34,0x10,0x1b,0x00,0x13,0xd6,0x08,0x35,0x66,0x24,
0x91,0x00,0x87,0xbf,0x1b,0x23,0x34,0x56,0x08,0x00,0x13,0xd6,0x08,0x35,0x66,0x24,
0xfd,0xff,0x88,0xbf,0x21,0x01,0x87,0xbf,0x08,0x00,0x37,0xd6,0x08,0x23,0x6a,0x04,
0x11,0x7c,0xfc,0xd6,0x96,0x2d,0x4f,0x04,0x3c,0x00,0x27,0xd6,0x08,0x2d,0x4b,0x04,
0xa2,0x02,0x87,0xbf,0x11,0x55,0x32,0x7e,0x08,0x7c,0xfc,0xd6,0x96,0x2d,0x27,0x04,
0x1a,0x00,0x13,0xd6,0x11,0x33,0xca,0x23,0xa1,0x00,0x87,0xbf,0x1a,0x33,0x32,0x56,
0x1a,0x6a,0xfc,0xd6,0x13,0x2d,0x4f,0x04,0x1a,0x33,0x36,0x10,0x91,0x00,0x87,0xbf,
0x1c,0x00,0x13,0xd6,0x11,0x37,0x6a,0x24,0x1c,0x33,0x36,0x56,0xa1,0x00,0x87,0xbf,
0x11,0x00,0x13,0xd6,0x11,0x37,0x6a,0x24,0xfd,0xff,0x88,0xbf,0x11,0x00,0x37,0xd6,
0x11,0x33,0x6e,0x04,0x19,0x7c,0xfc,0xd6,0x96,0x2d,0x53,0x04,0x12,0x01,0x87,0xbf,
0x3d,0x00,0x27,0xd6,0x11,0x2d,0x4f,0x04,0x19,0x55,0x34,0x7e,0x08,0x55,0x22,0x7e,
0x96,0x02,0x87,0xbf,0x1b,0x00,0x13,0xd6,0x19,0x35,0xca,0x23,0x12,0x00,0x13,0xd6,
0x08,0x23,0xca,0x23,0xa2,0x00,0x87,0xbf,0x1b,0x35,0x34,0x56,0x1b,0x6a,0xfc,0xd6,
0x14,0x2d,0x53,0x04,0x12,0x23,0x06,0xc8,0x1b,0x35,0x1c,0x11,0x91,0x00,0x87,0xbf,
0x1d,0x00,0x13,0xd6,0x19,0x39,0x6e,0x24,0x1d,0x35,0x38,0x56,0xa1,0x00,0x87,0xbf,
0x19,0x00,0x13,0xd6,0x19,0x39,0x6e,0x24,0xfd,0xff,0x88,0xbf,0x19,0x00,0x37,0xd6,
0x19,0x35,0x72,0x04,0x1a,0x7c,0xfc,0xd6,0x96,0x2d,0x57,0x04,0x12,0x01,0x87,0xbf,
0x3e,0x00,0x27,0xd6,0x19,0x2d,0x53,0x04,0x1a,0x55,0x36,0x7e,0x95,0x00,0x87,0xbf,
0x1c,0x00,0x13,0xd6,0x1a,0x37,0xca,0x23,0x1c,0x37,0x36,0x56,0x1c,0x6a,0xfc,0xd6,
0x15,0x2d,0x57,0x04,0x91,0x00,0x87,0xbf,0x1c,0x37,0x3a,0x10,0x1e,0x00,0x13,0xd6,
0x1a,0x3b,0x72,0x24,0x91,0x00,0x87,0xbf,0x1e,0x37,0x3a,0x56,0x1a,0x00,0x13,0xd6,
0x1a,0x3b,0x72,0x24,0xfd,0xff,0x88,0xbf,0x21,0x01,0x87,0xbf,0x1a,0x00,0x37,0xd6,
0x1a,0x37,0x76,0x04,0x1b,0x7c,0xfc,0xd6,0x96,0x2d,0x5b,0x04,0x3f,0x00,0x27,0xd6,
0x1a,0x2d,0x57,0x04,0x92,0x02,0x87,0xbf,0x1b,0x55,0x38,0x7e,0x1d,0x00,0x13,0xd6,
0x1b,0x39,0xca,0x23,0xa1,0x00,0x87,0xbf,0x1d,0x39,0x38,0x56,0x1d,0x6a,0xfc,0xd6,
0x16,0x2d,0x5b,0x04,0x1d,0x39,0x3c,0x10,0x91,0x00,0x87,0xbf,0x1f,0x00,0x13,0xd6,
0x1b,0x3d,0x76,0x24,0x1f,0x39,0x3c,0x56,0xa1,0x00,0x87,0xbf,0x1b,0x00,0x13,0xd6,
0x1b,0x3d,0x76,0x24,0xfd,0xff,0x88,0xbf,0x1b,0x00,0x37,0xd6,0x1b,0x39,0x7a,0x04,
0x12,0x6a,0xfc,0xd6,0x09,0x2d,0x27,0x04,0x12,0x01,0x87,0xbf,0x40,0x00,0x27,0xd6,
0x1b,0x2d,0x5b,0x04,0x12,0x23,0x26,0x10,0x91,0x00,0x87,0xbf,0x14,0x00,0x13,0xd6,
0x08,0x27,0x4a,0x24,0x14,0x23,0x26,0x56,0xa1,0x00,0x87,0xbf,0x08,0x00,0x13,0xd6,
0x08,0x27,0x4a,0x24,0xfd,0xff,0x88,0xbf,0x08,0x00,0x37,0xd6,0x08,0x23,0x4e,0x04,
0x11,0x7c,0xfc,0xd6,0x96,0x2d,0x2b,0x04,0x12,0x01,0x87,0xbf,0x31,0x00,0x27,0xd6,
0x08,0x2d,0x27,0x04,0x11,0x55,0x24,0x7e,0x08,0x7c,0xfc,0xd6,0x96,0x2d,0x37,0x04,
0x11,0x03,0x87,0xbf,0x08,0x55,0x12,0x7e,0x13,0x00,0x13,0xd6,0x11,0x25,0xca,0x23,
0xa1,0x00,0x87,0xbf,0x13,0x25,0x24,0x56,0x13,0x6a,0xfc,0xd6,0x0a,0x2d,0x2b,0x04,
0x13,0x25,0x28,0x10,0x91,0x00,0x87,0xbf,0x15,0x00,0x13,0xd6,0x11,0x29,0x4e,0x24,
0x15,0x25,0x28,0x56,0xa1,0x00,0x87,0xbf,0x11,0x00,0x13,0xd6,0x11,0x29,0x4e,0x24,
0xfd,0xff,0x88,0xbf,0x11,0x00,0x37,0xd6,0x11,0x25,0x52,0x04,0x12,0x7c,0xfc,0xd6,
0x96,0x2d,0x2f,0x04,0x12,0x01,0x87,0xbf,0x32,0x00,0x27,0xd6,0x11,0x2d,0x2b,0x04,
0x12,0x55,0x26,0x7e,0x0a,0x00,0x13,0xd6,0x08,0x13,0xca,0x23,0x91,0x02,0x87,0xbf,
0x0a,0x13,0x12,0x56,0x14,0x00,0x13,0xd6,0x12,0x27,0xca,0x23,0xa1,0x00,0x87,0xbf,
0x14,0x27,0x26,0x56,0x14,0x6a,0xfc,0xd6,0x0b,0x2d,0x2f,0x04,0x14,0x27,0x2a,0x10,
0x91,0x00,0x87,0xbf,0x16,0x00,0x13,0xd6,0x12,0x2b,0x52,0x24,0x16,0x27,0x2a,0x56,
0xa1,0x00,0x87,0xbf,0x12,0x00,0x13,0xd6,0x12,0x2b,0x52,0x24,0xfd,0xff,0x88,0xbf,
0x12,0x00,0x37,0xd6,0x12,0x27,0x56,0x04,0x13,0x7c,0xfc,0xd6,0x96,0x2d,0x33,0x04,
0x12,0x01,0x87,0xbf,0x33,0x00,0x27,0xd6,0x12,0x2d,0x2f,0x04,0x13,0x55,0x28,0x7e,
0x95,0x00,0x87,0xbf,0x15,0x00,0x13,0xd6,0x13,0x29,0xca,0x23,0x15,0x29,0x28,0x56,
0x15,0x6a,0xfc,0xd6,0x0c,0x2d,0x33,0x04,0x91,0x00,0x87,0xbf,0x15,0x29,0x2c,0x10,
0x19,0x00,0x13,0xd6,0x13,0x2d,0x56,0x24,0x91,0x00,0x87,0xbf,0x19,0x29,0x2c,0x56,
0x13,0x00,0x13,0xd6,0x13,0x2d,0x56,0x24,0xfd,0xff,0x88,0xbf,0x21,0x01,0x87,0xbf,
0x13,0x00,0x37,0xd6,0x13,0x29,0x5a,0x04,0x14,0x7c,0xfc,0xd6,0x96,0x2d,0x5f,0x04,
0x34,0x00,0x27,0xd6,0x13,0x2d,0x33,0x04,0x92,0x02,0x87,0xbf,0x14,0x55,0x2a,0x7e,
0x16,0x00,0x13,0xd6,0x14,0x2b,0xca,0x23,0xa1,0x00,0x87,0xbf,0x16,0x2b,0x2a,0x56,
0x16,0x6a,0xfc,0xd6,0x17,0x2d,0x5f,0x04,0x16,0x2b,0x32,0x10,0x91,0x00,0x87,0xbf,
0x1a,0x00,0x13,0xd6,0x14,0x33,0x5a,0x24,0x1a,0x2b,0x32,0x56,0xa1,0x00,0x87,0xbf,
0x14,0x00,0x13,0xd6,0x14,0x33,0x5a,0x24,0xfd,0xff,0x88,0xbf,0x14,0x00,0x37,0xd6,
0x14,0x2b,0x66,0x04,0x15,0x7c,0xfc,0xd6,0x96,0x2d,0x63,0x04,0x91,0x02,0x87,0xbf,
0x15,0x55,0x2c,0x7e,0x19,0x00,0x13,0xd6,0x15,0x2d,0xca,0x23,0xa1,0x00,0x87,0xbf,
0x19,0x2d,0x2c,0x56,0x19,0x6a,0xfc,0xd6,0x18,0x2d,0x63,0x04,0x19,0x2d,0x34,0x10,
0x91,0x00,0x87,0xbf,0x1b,0x00,0x13,0xd6,0x15,0x35,0x66,0x24,0x1b,0x2d,0x34,0x56,
0xa1,0x00,0x87,0xbf,0x15,0x00,0x13,0xd6,0x15,0x35,0x66,0x24,0xfd,0xff,0x88,0xbf,
0x15,0x00,0x37,0xd6,0x15,0x2d,0x6a,0x04,0x0a,0x6a,0xfc,0xd6,0x0d,0x2d,0x37,0x04,
0x12,0x01,0x87,0xbf,0x36,0x00,0x27,0xd6,0x15,0x2d,0x63,0x04,0x0a,0x13,0x16,0x10,
0x91,0x00,0x87,0xbf,0x0c,0x00,0x13,0xd6,0x08,0x17,0x2a,0x24,0x0c,0x13,0x16,0x56,
0xa1,0x00,0x87,0xbf,0x08,0x00,0x13,0xd6,0x08,0x17,0x2a,0x24,0xfd,0xff,0x88,0xbf,
0x08,0x00,0x37,0xd6,0x08,0x13,0x2e,0x04,0x09,0x7c,0xfc,0xd6,0x96,0x2d,0x3b,0x04,
0x91,0x02,0x87,0xbf,0x09,0x55,0x14,0x7e,0x0b,0x00,0x13,0xd6,0x09,0x15,0xca,0x23,
0x31,0x01,0x87,0xbf,0x0b,0x15,0x14,0x56,0x0b,0x6a,0xfc,0xd6,0x0e,0x2d,0x3b,0x04,
0x35,0x00,0x27,0xd6,0x14,0x2d,0x5f,0x04,0x0b,0x15,0x18,0x10,0x91,0x00,0x87,0xbf,
0x11,0x00,0x13,0xd6,0x09,0x19,0x2e,0x24,0x11,0x15,0x18,0x56,0xa1,0x00,0x87,0xbf,
0x09,0x00,0x13,0xd6,0x09,0x19,0x2e,0x24,0xfd,0xff,0x88,0xbf,0x09,0x00,0x37,0xd6,
0x09,0x15,0x32,0x04,0x0a,0x7c,0xfc,0xd6,0x96,0x2d,0x3f,0x04,0x12,0x01,0x87,0xbf,
0x38,0x00,0x27,0xd6,0x09,0x2d,0x3b,0x04,0x0a,0x55,0x16,0x7e,0x95,0x00,0x87,0xbf,
0x0c,0x00,0x13,0xd6,0x0a,0x17,0xca,0x23,0x0c,0x17,0x16,0x56,0x0c,0x6a,0xfc,0xd6,
0x0f,0x2d,0x3f,0x04,0x91,0x00,0x87,0xbf,0x0c,0x17,0x22,0x10,0x12,0x00,0x13,0xd6,
0x0a,0x23,0x32,0x24,0x91,0x00,0x87,0xbf,0x12,0x17,0x22,0x56,0x0a,0x00,0x13,0xd6,
0x0a,0x23,0x32,0x24,0xfd,0xff,0x88,0xbf,0x21,0x01,0x87,0xbf,0x0a,0x00,0x37,0xd6,
0x0a,0x17,0x46,0x04,0x0b,0x7c,0xfc,0xd6,0x96,0x2d,0x0b,0x04,0x29,0x00,0x27,0xd6,
0x0a,0x2d,0x3f,0x04,0x92,0x02,0x87,0xbf,0x0b,0x55,0x18,0x7e,0x11,0x00,0x13,0xd6,
0x0b,0x19,0xca,0x23,0x31,0x01,0x87,0xbf,0x11,0x19,0x18,0x56,0x11,0x6a,0xfc,0xd6,
0x02,0x2d,0x0b,0x04,0x37,0x00,0x27,0xd6,0x08,0x2d,0x37,0x04,0x11,0x19,0x24,0x10,
0x91,0x00,0x87,0xbf,0x13,0x00,0x13,0xd6,0x0b,0x25,0x46,0x24,0x13,0x19,0x24,0x56,
0xa1,0x00,0x87,0xbf,0x0b,0x00,0x13,0xd6,0x0b,0x25,0x46,0x24,0xfd,0xff,0x88,0xbf,
0x0b,0x00,0x37,0xd6,0x0b,0x19,0x4a,0x04,0x0c,0x7c,0xfc,0xd6,0x96,0x2d,0x43,0x04,
0x12,0x01,0x87,0xbf,0x2a,0x00,0x27,0xd6,0x0b,0x2d,0x0b,0x04,0x0c,0x55,0x22,0x7e,
0x02,0x7c,0xfc,0xd6,0x96,0x2d,0x07,0x04,0x11,0x03,0x87,0xbf,0x02,0x55,0x0e,0x7e,
0x12,0x00,0x13,0xd6,0x0c,0x23,0xca,0x23,0xa1,0x02,0x87,0xbf,0x12,0x23,0x22,0x56,
0x12,0x6a,0xfc,0xd6,0x10,0x2d,0x43,0x04,0x08,0x00,0x13,0xd6,0x02,0x0f,0xca,0x23,
0x12,0x01,0x87,0xbf,0x12,0x23,0x26,0x10,0x08,0x0f,0x0e,0x56,0x92,0x00,0x87,0xbf,
0x14,0x00,0x13,0xd6,0x0c,0x27,0x4a,0x24,0x14,0x23,0x26,0x56,0xa1,0x00,0x87,0xbf,
0x0c,0x00,0x13,0xd6,0x0c,0x27,0x4a,0x24,0xfd,0xff,0x88,0xbf,0x0c,0x00,0x37,0xd6,
0x0c,0x23,0x4e,0x04,0x08,0x6a,0xfc,0xd6,0x01,0x2d,0x07,0x04,0x12,0x01,0x87,0xbf,
0x2b,0x00,0x27,0xd6,0x0c,0x2d,0x43,0x04,0x08,0x0f,0x12,0x10,0x91,0x00,0x87,0xbf,
0x0a,0x00,0x13,0xd6,0x02,0x13,0x22,0x24,0x0a,0x0f,0x12,0x56,0xa1,0x00,0x87,0xbf,
0x02,0x00,0x13,0xd6,0x02,0x13,0x22,0x24,0xfd,0xff,0x88,0xbf,0x02,0x00,0x37,0xd6,
0x02,0x0f,0x26,0x04,0x07,0x7c,0xfc,0xd6,0x96,0x2d,0x0f,0x04,0x12,0x01,0x87,0xbf,
0x2c,0x00,0x27,0xd6,0x02,0x2d,0x07,0x04,0x07,0x55,0x10,0x7e,0x95,0x00,0x87,0xbf,
0x09,0x00,0x13,0xd6,0x07,0x11,0xca,0x23,0x09,0x11,0x10,0x56,0x09,0x6a,0xfc,0xd6,
0x03,0x2d,0x0f,0x04,0x91,0x00,0x87,0xbf,0x09,0x11,0x14,0x10,0x0b,0x00,0x13,0xd6,
0x07,0x15,0x26,0x24,0x91,0x00,0x87,0xbf,0x0b,0x11,0x14,0x56,0x07,0x00,0x13,0xd6,
0x07,0x15,0x26,0x24,0xfd,0xff,0x88,0xbf,0x21,0x01,0x87,0xbf,0x07,0x00,0x37,0xd6,
0x07,0x11,0x2a,0x04,0x08,0x7c,0xfc,0xd6,0x96,0x2d,0x13,0x04,0x2d,0x00,0x27,0xd6,
0x07,0x2d,0x0f,0x04,0x92,0x02,0x87,0xbf,0x08,0x55,0x12,0x7e,0x0a,0x00,0x13,0xd6,
0x08,0x13,0xca,0x23,0xa1,0x00,0x87,0xbf,0x0a,0x13,0x12,0x56,0x0a,0x6a,0xfc,0xd6,
0x04,0x2d,0x13,0x04,0x0a,0x13,0x16,0x10,0x91,0x00,0x87,0xbf,0x0c,0x00,0x13,0xd6,
0x08,0x17,0x2a,0x24,0x0c,0x13,0x16,0x56,0xa1,0x00,0x87,0xbf,0x08,0x00,0x13,0xd6,
0x08,0x17,0x2a,0x24,0xfd,0xff,0x88,0xbf,0x08,0x00,0x37,0xd6,0x08,0x13,0x2e,0x04,
0x09,0x7c,0xfc,0xd6,0x96,0x2d,0x17,0x04,0x12,0x01,0x87,0xbf,0x2e,0x00,0x27,0xd6,
0x08,0x2d,0x13,0x04,0x09,0x55,0x14,0x7e,0x95,0x00,0x87,0xbf,0x0b,0x00,0x13,0xd6,
0x09,0x15,0xca,0x23,0x0b,0x15,0x14,0x56,0x0b,0x6a,0xfc,0xd6,0x05,0x2d,0x17,0x04,
0x91,0x00,0x87,0xbf,0x0b,0x15,0x18,0x10,0x0d,0x00,0x13,0xd6,0x09,0x19,0x2e,0x24,
0x91,0x00,0x87,0xbf,0x0d,0x15,0x18,0x56,0x09,0x00,0x13,0xd6,0x09,0x19,0x2e,0x24,
0xfd,0xff,0x88,0xbf,0x21,0x01,0x87,0xbf,0x09,0x00,0x37,0xd6,0x09,0x15,0x32,0x04,
0x0a,0x7c,0xfc,0xd6,0x96,0x2d,0x1b,0x04,0x2f,0x00,0x27,0xd6,0x09,0x2d,0x17,0x04,
0x92,0x02,0x87,0xbf,0x0a,0x55,0x16,0x7e,0x0c,0x00,0x13,0xd6,0x0a,0x17,0xca,0x23,
0xa1,0x00,0x87,0xbf,0x0c,0x17,0x16,0x56,0x0c,0x6a,0xfc,0xd6,0x06,0x2d,0x1b,0x04,
0x0c,0x17,0x1a,0x10,0x91,0x00,0x87,0xbf,0x0e,0x00,0x13,0xd6,0x0a,0x1b,0x32,0x24,
0x0e,0x17,0x1a,0x56,0xa1,0x00,0x87,0xbf,0x0a,0x00,0x13,0xd6,0x0a,0x1b,0x32,0x24,
0xfd,0xff,0x88,0xbf,0x0a,0x00,0x37,0xd6,0x0a,0x17,0x36,0x04,0x01,0x00,0x87,0xbf,
0x30,0x00,0x27,0xd6,0x0a,0x2d,0x1b,0x04,0x02,0x00,0xa1,0xbf,0x99,0x03,0x2e,0x7f,
0xf6,0xec,0xa0,0xbf,0x83,0x00,0x02,0x30,0x88,0xa4,0x04,0x36,0x08,0x00,0x10,0xd6,
0x00,0x03,0x19,0x02,0x87,0x00,0x12,0x32,0x03,0x00,0x57,0xd6,0x52,0x61,0x45,0x05,
0x88,0x02,0x14,0x36,0x82,0x04,0x00,0x30,0x86,0x10,0x02,0x30,0x8c,0x12,0x04,0x30,
0x5e,0x64,0x80,0xaa,0x82,0x14,0x08,0x30,0x0b,0x00,0x56,0xd6,0x03,0x0d,0x01,0x04,
0xfe,0xff,0x88,0xbf,0x64,0x01,0x00,0x81,0x04,0x00,0x60,0xd7,0xf3,0x05,0x01,0x00,
0xfe,0xff,0x88,0xbf,0x00,0x5d,0x00,0x85,0x0c,0x00,0x58,0xd6,0x01,0x05,0x12,0x04,
0x00,0x00,0xc6,0xbf,0xc1,0x4e,0x80,0xbe,0xff,0xff,0x94,0xbf,0x10,0x00,0x7c,0xdb,
0x0b,0x4d,0x00,0x00,0x00,0x00,0x7c,0xdb,0x0b,0x49,0x00,0x00,0x00,0x00,0xc6,0xbf,
0xc1,0x4e,0x80,0xbe,0xff,0xff,0x94,0xbf,0x00,0x00,0xfc,0xdb,0x0c,0x00,0x00,0x00,
0x10,0x00,0xfc,0xdb,0x0c,0x00,0x00,0x04,0xfe,0xff,0x88,0xbf,0x00,0x5c,0x01,0x96,
0x5c,0x4b,0x02,0x96,0x80,0x00,0x83,0xbe,0x66,0x12,0x12,0x4a,0x00,0x04,0x04,0x96,
0xfe,0xff,0x88,0xbf,0x64,0x01,0x85,0x81,0x60,0x02,0x80,0xaa,0xfe,0xff,0x88,0xbf,
0x05,0x04,0x00,0x81,0x08,0x00,0x56,0xd6,0x09,0x0d,0x21,0x04,0xfe,0xff,0x88,0xbf,
0x00,0x4b,0x00,0x96,0x04,0x00,0x60,0xd7,0xf3,0x01,0x01,0x00,0x4e,0x14,0x12,0x38,
0x05,0x00,0x60,0xd7,0xf3,0x03,0x01,0x00,0x62,0x01,0x03,0x81,0xfe,0xff,0x88,0xbf,
0x00,0x9f,0x01,0x86,0x0a,0x00,0x2c,0xd7,0x08,0x05,0x00,0x00,0xfe,0xff,0x88,0xbf,
0x00,0x81,0x80,0x84,0x48,0x10,0x88,0x7c,0xfe,0xff,0x88,0xbf,0x04,0x00,0x84,0xa9,
0x00,0x00,0x44,0xd4,0x4b,0x12,0x02,0x00,0x01,0x00,0xc6,0xbf,0x00,0x15,0x00,0x7e,
0x01,0x15,0x1a,0x7e,0x02,0x15,0x02,0x7e,0x03,0x15,0x1c,0x7e,0x00,0x6a,0x00,0x8b,
0x00,0x00,0xc6,0xbf,0x04,0x15,0x04,0x7e,0x06,0x15,0x06,0x7e,0x07,0x15,0x08,0x7e,
0x05,0x15,0x0a,0x7e,0x08,0x00,0x47,0xd6,0x0a,0x13,0x06,0x02,0xfe,0xff,0x88,0xbf,
0x06,0x00,0x01,0xd5,0xff,0x00,0x01,0x00,0x00,0x00,0x00,0x80,0x01,0x00,0x11,0xd7,
0x01,0x1d,0x02,0x00,0x03,0x00,0x11,0xd7,0x03,0x09,0x02,0x00,0x02,0x00,0x11,0xd7,
0x02,0x0b,0x02,0x00,0x00,0x00,0x11,0xd7,0x00,0x1b,0x02,0x00,0x06,0x11,0x08,0x4a,
0x05,0xff,0x05,0x8b,0xff,0xff,0x00,0x00,0x03,0x81,0x06,0x84,0xff,0x00,0x87,0xbe,
0x00,0x40,0x00,0x31,0x90,0x12,0x14,0x4a,0x7c,0x40,0x07,0xc4,0x00,0x08,0x80,0x40,
0x04,0x00,0x00,0x00,0x00,0x00,0xc6,0xbf,0xc1,0x4e,0x80,0xbe,0xff,0xff,0x94,0xbf,
0x10,0x00,0x7c,0xdb,0x0b,0x45,0x00,0x00,0x00,0x00,0x7c,0xdb,0x0b,0x41,0x00,0x00,
0x00,0x00,0xc6,0xbf,0xc1,0x4e,0x80,0xbe,0xff,0xff,0x94,0xbf,0x00,0x00,0xfc,0xdb,
0x0c,0x00,0x00,0x00,0x10,0x00,0xfc,0xdb,0x0c,0x00,0x00,0x04,0x00,0x00,0x44,0xd4,
0x4b,0x14,0x02,0x00,0x00,0x6a,0x00,0x8b,0xfe,0xff,0x88,0xbf,0x0a,0x00,0x01,0xd5,
0xff,0x00,0x01,0x00,0x00,0x00,0x00,0x80,0x01,0x00,0xc6,0xbf,0x00,0x15,0x00,0x7e,
0x01,0x15,0x1a,0x7e,0x02,0x15,0x02,0x7e,0x00,0x00,0xc6,0xbf,0x04,0x15,0x04,0x7e,
0x06,0x15,0x08,0x7e,0x07,0x15,0x0c,0x7e,0x05,0x15,0x0a,0x7e,0x03,0x15,0x0e,0x7e,
0x00,0x00,0x11,0xd7,0x00,0x1b,0x02,0x00,0x14,0x02,0x87,0xbf,0x03,0x00,0x11,0xd7,
0x04,0x0d,0x02,0x00,0x02,0x00,0x11,0xd7,0x02,0x0b,0x02,0x00,0x04,0x00,0x87,0xbf,
0x01,0x00,0x11,0xd7,0x01,0x0f,0x02,0x00,0x08,0x15,0x08,0x4a,0xa0,0x12,0x14,0x4a,
0x7c,0x40,0x07,0xc4,0x00,0x08,0x80,0x40,0x04,0x20,0x00,0x00,0x00,0x00,0xc6,0xbf,
0xc1,0x4e,0x80,0xbe,0xff,0xff,0x94,0xbf,0x10,0x00,0x7c,0xdb,0x0b,0x3d,0x00,0x00,
0x00,0x00,0x7c,0xdb,0x0b,0x39,0x00,0x00,0x00,0x00,0xc6,0xbf,0xc1,0x4e,0x80,0xbe,
0xff,0xff,0x94,0xbf,0x00,0x00,0xfc,0xdb,0x0c,0x00,0x00,0x00,0x10,0x00,0xfc,0xdb,
0x0c,0x00,0x00,0x04,0x00,0x00,0x44,0xd4,0x4b,0x14,0x02,0x00,0x00,0x6a,0x00,0x8b,
0xfe,0xff,0x88,0xbf,0x0d,0x00,0x01,0xd5,0xff,0x00,0x01,0x00,0x00,0x00,0x00,0x80,
0x01,0x00,0xc6,0xbf,0x00,0x15,0x00,0x7e,0x01,0x15,0x14,0x7e,0x02,0x15,0x02,0x7e,
0x00,0x00,0xc6,0xbf,0x04,0x15,0x04,0x7e,0x06,0x15,0x08,0x7e,0x07,0x15,0x0c,0x7e,
0x05,0x15,0x0a,0x7e,0x03,0x15,0x0e,0x7e,0x00,0x00,0x11,0xd7,0x00,0x15,0x02,0x00,
0xb0,0x12,0x14,0x4a,0x03,0x00,0x11,0xd7,0x04,0x0d,0x02,0x00,0x02,0x00,0x11,0xd7,
0x02,0x0b,0x02,0x00,0x01,0x00,0x11,0xd7,0x01,0x0f,0x02,0x00,0x08,0x1b,0x08,0x4a,
0x00,0x00,0x44,0xd4,0x4b,0x14,0x02,0x00,0xc0,0x12,0x12,0x4a,0x7c,0x40,0x07,0xc4,
0x00,0x08,0x80,0x40,0x04,0x40,0x00,0x00,0x00,0x00,0xc6,0xbf,0xc1,0x4e,0x80,0xbe,
0xff,0xff,0x94,0xbf,0x10,0x00,0x7c,0xdb,0x0b,0x35,0x00,0x00,0x00,0x00,0x7c,0xdb,
0x0b,0x31,0x00,0x00,0x00,0x00,0xc6,0xbf,0xc1,0x4e,0x80,0xbe,0xff,0xff,0x94,0xbf,
0x00,0x00,0xfc,0xdb,0x0c,0x00,0x00,0x00,0x10,0x00,0xfc,0xdb,0x0c,0x00,0x00,0x04,
0x00,0x6a,0x00,0x8b,0xfe,0xff,0x88,0xbf,0x0a,0x00,0x01,0xd5,0xff,0x00,0x01,0x00,
0x00,0x00,0x00,0x80,0x00,0x00,0x44,0xd4,0x4b,0x12,0x02,0x00,0x00,0x6a,0x00,0x8b,
0x01,0x00,0xc6,0xbf,0x02,0x15,0x1a,0x7e,0x00,0x00,0xc6,0xbf,0x04,0x15,0x04,0x7e,
0x06,0x15,0x08,0x7e,0x07,0x15,0x0c,0x7e,0x05,0x15,0x0a,0x7e,0x03,0x15,0x0e,0x7e,
0x00,0x15,0x00,0x7e,0x01,0x15,0x1c,0x7e,0x03,0x00,0x11,0xd7,0x04,0x0d,0x02,0x00,
0x02,0x00,0x11,0xd7,0x02,0x0b,0x02,0x00,0x01,0x00,0x11,0xd7,0x0d,0x0f,0x02,0x00,
0x08,0x15,0x08,0x4a,0x00,0x00,0x11,0xd7,0x00,0x1d,0x02,0x00,0xfe,0xff,0x88,0xbf,
0x0a,0x00,0x01,0xd5,0xff,0x00,0x01,0x00,0x00,0x00,0x00,0x80,0x7c,0x40,0x07,0xc4,
0x00,0x08,0x80,0x40,0x04,0x60,0x00,0x00,0x00,0x00,0xc6,0xbf,0xc1,0x4e,0x80,0xbe,
0xff,0xff,0x94,0xbf,0x10,0x00,0x7c,0xdb,0x0b,0x2d,0x00,0x00,0x00,0x00,0x7c,0xdb,
0x0b,0x29,0x00,0x00,0x00,0x00,0xc6,0xbf,0xc1,0x4e,0x80,0xbe,0xff,0xff,0x94,0xbf,
0x00,0x00,0xfc,0xdb,0x0c,0x00,0x00,0x00,0x10,0x00,0xfc,0xdb,0x0c,0x00,0x00,0x04,
0x01,0x00,0xc6,0xbf,0x00,0x15,0x00,0x7e,0x01,0x15,0x12,0x7e,0x02,0x15,0x02,0x7e,
0x00,0x00,0xc6,0xbf,0x04,0x15,0x04,0x7e,0x06,0x15,0x08,0x7e,0x07,0x15,0x0c,0x7e,
0x05,0x15,0x0a,0x7e,0x03,0x15,0x0e,0x7e,0x00,0x00,0x11,0xd7,0x00,0x13,0x02,0x00,
0x14,0x02,0x87,0xbf,0x03,0x00,0x11,0xd7,0x04,0x0d,0x02,0x00,0x02,0x00,0x11,0xd7,
0x02,0x0b,0x02,0x00,0x04,0x00,0x87,0xbf,0x01,0x00,0x11,0xd7,0x01,0x0f,0x02,0x00,
0x08,0x15,0x08,0x4a,0x7c,0x40,0x07,0xc4,0x00,0x08,0x80,0x40,0x04,0x80,0x00,0x00,
0x00,0x00,0x80,0xbf,0x03,0x00,0xb6,0xbf,0x00,0x00,0xb0,0xbf,0x65,0xe6,0xa0,0xbf,
0x40,0xe7,0xa0,0xbf,0x0c,0xe8,0xa0,0xbf,0xd8,0xe8,0xa0,0xbf,0x00,0x00,0x00,0x00,
0x06,0x00,0x00,0x00,0x00,0x00,0x00,0x00,0x60,0x17,0x00,0x00,0x00,0x00,0x00,0x00,
0x0b,0x00,0x00,0x00,0x00,0x00,0x00,0x00,0x18,0x00,0x00,0x00,0x00,0x00,0x00,0x00,
0x05,0x00,0x00,0x00,0x00,0x00,0x00,0x00,0x34,0x18,0x00,0x00,0x00,0x00,0x00,0x00,
0x0a,0x00,0x00,0x00,0x00,0x00,0x00,0x00,0x60,0x0f,0x00,0x00,0x00,0x00,0x00,0x00,
0xf5,0xfe,0xff,0x6f,0x00,0x00,0x00,0x00,0xd8,0x17,0x00,0x00,0x00,0x00,0x00,0x00,
0x04,0x00,0x00,0x00,0x00,0x00,0x00,0x00,0x04,0x18,0x00,0x00,0x00,0x00,0x00,0x00,
0x00,0x00,0x00,0x00,0x00,0x00,0x00,0x00,0x00,0x00,0x00,0x00,0x00,0x00,0x00,0x00,
0x00,0x4c,0x69,0x6e,0x6b,0x65,0x72,0x3a,0x20,0x4c,0x4c,0x44,0x20,0x32,0x31,0x2e,
0x30,0x2e,0x30,0x00,0x63,0x6c,0x61,0x6e,0x67,0x20,0x76,0x65,0x72,0x73,0x69,0x6f,
0x6e,0x20,0x32,0x31,0x2e,0x30,0x2e,0x30,0x67,0x69,0x74,0x00,0x00,0x00,0x00,0x00,
0x00,0x00,0x00,0x00,0x00,0x00,0x00,0x00,0x00,0x00,0x00,0x00,0x00,0x00,0x00,0x00,
0x00,0x00,0x00,0x00,0x00,0x00,0x00,0x00,0x01,0x00,0x00,0x00,0x00,0x00,0xf1,0xff,
0xf4,0x00,0x00,0x00,0x00,0x00,0x00,0x00,0x00,0x00,0x00,0x00,0x00,0x00,0x00,0x00,
0x2a,0x07,0x00,0x00,0x00,0x00,0xf1,0xff,0x00,0x00,0x00,0x00,0x00,0x00,0x00,0x00,
0x00,0x00,0x00,0x00,0x00,0x00,0x00,0x00,0x53,0x0e,0x00,0x00,0x00,0x00,0xf1,0xff,
0x69,0x00,0x00,0x00,0x00,0x00,0x00,0x00,0x00,0x00,0x00,0x00,0x00,0x00,0x00,0x00,
0x81,0x15,0x00,0x00,0x00,0x00,0xf1,0xff,0x00,0x00,0x00,0x00,0x00,0x00,0x00,0x00,
0x00,0x00,0x00,0x00,0x00,0x00,0x00,0x00,0xb2,0x1c,0x00,0x00,0x00,0x00,0xf1,0xff,
0x01,0x00,0x00,0x00,0x00,0x00,0x00,0x00,0x00,0x00,0x00,0x00,0x00,0x00,0x00,0x00,
0xdb,0x23,0x00,0x00,0x00,0x00,0xf1,0xff,0x00,0x00,0x00,0x00,0x00,0x00,0x00,0x00,
0x00,0x00,0x00,0x00,0x00,0x00,0x00,0x00,0x0d,0x2b,0x00,0x00,0x00,0x00,0xf1,0xff,
0x00,0x00,0x00,0x00,0x00,0x00,0x00,0x00,0x00,0x00,0x00,0x00,0x00,0x00,0x00,0x00,
0x41,0x32,0x00,0x00,0x00,0x00,0xf1,0xff,0x00,0x00,0x00,0x00,0x00,0x00,0x00,0x00,
0x00,0x00,0x00,0x00,0x00,0x00,0x00,0x00,0x6f,0x39,0x00,0x00,0x00,0x00,0xf1,0xff,
0x00,0x00,0x00,0x00,0x00,0x00,0x00,0x00,0x00,0x00,0x00,0x00,0x00,0x00,0x00,0x00,
0xa1,0x40,0x00,0x00,0x00,0x00,0xf1,0xff,0x00,0x00,0x00,0x00,0x00,0x00,0x00,0x00,
0x00,0x00,0x00,0x00,0x00,0x00,0x00,0x00,0xb5,0x40,0x00,0x00,0x00,0x00,0xf1,0xff,
0x00,0x00,0x00,0x00,0x00,0x00,0x00,0x00,0x00,0x00,0x00,0x00,0x00,0x00,0x00,0x00,
0xc9,0x40,0x00,0x00,0x00,0x00,0xf1,0xff,0x00,0x00,0x00,0x00,0x00,0x00,0x00,0x00,
0x00,0x00,0x00,0x00,0x00,0x00,0x00,0x00,0x20,0x50,0x00,0x00,0x01,0x02,0x06,0x00,
0x00,0x28,0x00,0x00,0x00,0x00,0x00,0x00,0x50,0x00,0x00,0x00,0x00,0x00,0x00,0x00,
0x27,0x50,0x00,0x00,0x01,0x02,0x06,0x00,0x50,0x28,0x00,0x00,0x00,0x00,0x00,0x00,
0x50,0x00,0x00,0x00,0x00,0x00,0x00,0x00,0x52,0x50,0x00,0x00,0x01,0x02,0x06,0x00,
0xa0,0x28,0x00,0x00,0x00,0x00,0x00,0x00,0x50,0x00,0x00,0x00,0x00,0x00,0x00,0x00,
0x59,0x50,0x00,0x00,0x01,0x02,0x06,0x00,0xf0,0x28,0x00,0x00,0x00,0x00,0x00,0x00,
0x50,0x00,0x00,0x00,0x00,0x00,0x00,0x00,0x84,0x50,0x00,0x00,0x01,0x02,0x06,0x00,
0x40,0x29,0x00,0x00,0x00,0x00,0x00,0x00,0xa0,0x00,0x00,0x00,0x00,0x00,0x00,0x00,
0x8b,0x50,0x00,0x00,0x01,0x02,0x06,0x00,0xe0,0x29,0x00,0x00,0x00,0x00,0x00,0x00,
0x50,0x00,0x00,0x00,0x00,0x00,0x00,0x00,0x96,0x50,0x00,0x00,0x01,0x02,0x06,0x00,
0x30,0x2a,0x00,0x00,0x00,0x00,0x00,0x00,0x50,0x00,0x00,0x00,0x00,0x00,0x00,0x00,
0xa2,0x50,0x00,0x00,0x01,0x02,0x06,0x00,0x80,0x2a,0x00,0x00,0x00,0x00,0x00,0x00,
0xa0,0x00,0x00,0x00,0x00,0x00,0x00,0x00,0xce,0x50,0x00,0x00,0x01,0x02,0x06,0x00,
0x20,0x2b,0x00,0x00,0x00,0x00,0x00,0x00,0x50,0x00,0x00,0x00,0x00,0x00,0x00,0x00,
0x13,0x51,0x00,0x00,0x01,0x02,0x06,0x00,0x70,0x2b,0x00,0x00,0x00,0x00,0x00,0x00,
0x50,0x00,0x00,0x00,0x00,0x00,0x00,0x00,0x75,0x51,0x00,0x00,0x00,0x02,0x08,0x00,
0x40,0xb8,0x00,0x00,0x00,0x00,0x00,0x00,0x00,0x00,0x00,0x00,0x00,0x00,0x00,0x00,
0xdd,0x40,0x00,0x00,0x12,0x03,0x07,0x00,0x00,0x3e,0x00,0x00,0x00,0x00,0x00,0x00,
0x3c,0x6a,0x00,0x00,0x00,0x00,0x00,0x00,0xfd,0x47,0x00,0x00,0x21,0x03,0x06,0x00,
0xc0,0x2b,0x00,0x00,0x00,0x00,0x00,0x00,0x10,0x00,0x00,0x00,0x00,0x00,0x00,0x00,
0xfd,0x48,0x00,0x00,0x11,0x03,0x06,0x00,0xc0,0x27,0x00,0x00,0x00,0x00,0x00,0x00,
0x40,0x00,0x00,0x00,0x00,0x00,0x00,0x00,0x59,0x51,0x00,0x00,0x11,0x00,0x0a,0x00,
0xb0,0xc8,0x00,0x00,0x00,0x00,0x00,0x00,0x01,0x00,0x00,0x00,0x00,0x00,0x00,0x00,
0x00,0x2e,0x6e,0x6f,0x74,0x65,0x00,0x2e,0x64,0x79,0x6e,0x73,0x79,0x6d,0x00,0x2e,
0x67,0x6e,0x75,0x2e,0x68,0x61,0x73,0x68,0x00,0x2e,0x68,0x61,0x73,0x68,0x00,0x2e,
0x64,0x79,0x6e,0x73,0x74,0x72,0x00,0x2e,0x72,0x6f,0x64,0x61,0x74,0x61,0x00,0x2e,
0x74,0x65,0x78,0x74,0x00,0x2e,0x64,0x79,0x6e,0x61,0x6d,0x69,0x63,0x00,0x2e,0x72,
0x65,0x6c,0x72,0x6f,0x5f,0x70,0x61,0x64,0x64,0x69,0x6e,0x67,0x00,0x2e,0x62,0x73,
0x73,0x00,0x2e,0x41,0x4d,0x44,0x47,0x50,0x55,0x2e,0x63,0x73,0x64,0x61,0x74,0x61,
0x00,0x2e,0x41,0x4d,0x44,0x47,0x50,0x55,0x2e,0x67,0x70,0x72,0x5f,0x6d,0x61,0x78,
0x69,0x6d,0x75,0x6d,0x73,0x00,0x2e,0x63,0x6f,0x6d,0x6d,0x65,0x6e,0x74,0x00,0x2e,
0x73,0x79,0x6d,0x74,0x61,0x62,0x00,0x2e,0x73,0x68,0x73,0x74,0x72,0x74,0x61,0x62,
0x00,0x2e,0x73,0x74,0x72,0x74,0x61,0x62,0x00,0x00,0x5f,0x5a,0x4e,0x32,0x63,0x6b,
0x31,0x36,0x74,0x65,0x6e,0x73,0x6f,0x72,0x5f,0x6f,0x70,0x65,0x72,0x61,0x74,0x69,
0x6f,0x6e,0x36,0x64,0x65,0x76,0x69,0x63,0x65,0x34,0x34,0x6b,0x65,0x72,0x6e,0x65,
0x6c,0x5f,0x67,0x72,0x6f,0x75,0x70,0x65,0x64,0x5f,0x71,0x75,0x65,0x72,0x79,0x5f,
0x61,0x74,0x74,0x65,0x6e,0x74,0x69,0x6f,0x6e,0x5f,0x77,0x6d,0x6d,0x61,0x5f,0x75,
0x6e,0x70,0x61,0x63,0x6b,0x65,0x64,0x49,0x4e,0x53,0x31,0x5f,0x33,0x39,0x44,0x65,
0x76,0x69,0x63,0x65,0x47,0x72,0x6f,0x75,0x70,0x65,0x64,0x51,0x75,0x65,0x72,0x79,
0x41,0x74,0x74,0x65,0x6e,0x74,0x69,0x6f,0x6e,0x46,0x6f,0x72,0x77,0x61,0x72,0x64,
0x5f,0x57,0x6d,0x6d,0x61,0x49,0x4c,0x69,0x32,0x45,0x4c,0x69,0x31,0x45,0x4c,0x69,
0x31,0x45,0x4c,0x69,0x31,0x45,0x4c,0x69,0x31,0x45,0x44,0x46,0x31,0x36,0x5f,0x44,
0x46,0x31,0x36,0x5f,0x44,0x46,0x31,0x36,0x5f,0x44,0x46,0x31,0x36,0x5f,0x4e,0x53,
0x5f,0x35,0x54,0x75,0x70,0x6c,0x65,0x49,0x4a,0x45,0x45,0x45,0x66,0x53,0x35,0x5f,
0x66,0x66,0x4e,0x53,0x30,0x5f,0x31,0x32,0x65,0x6c,0x65,0x6d,0x65,0x6e,0x74,0x5f,
0x77,0x69,0x73,0x65,0x31,0x31,0x50,0x61,0x73,0x73,0x54,0x68,0x72,0x6f,0x75,0x67,
0x68,0x45,0x53,0x37,0x5f,0x4e,0x53,0x36,0x5f,0x35,0x53,0x63,0x61,0x6c,0x65,0x45,
0x53,0x37,0x5f,0x53,0x37,0x5f,0x4c,0x4e,0x53,0x31,0x5f,0x31,0x38,0x47,0x65,0x6d,
0x6d,0x53,0x70,0x65,0x63,0x69,0x61,0x6c,0x69,0x7a,0x61,0x74,0x69,0x6f,0x6e,0x45,
0x31,0x35,0x45,0x4c,0x4e,0x53,0x31,0x5f,0x32,0x30,0x54,0x65,0x6e,0x73,0x6f,0x72,
0x53,0x70,0x65,0x63,0x69,0x61,0x6c,0x69,0x7a,0x61,0x74,0x69,0x6f,0x6e,0x45,0x30,
0x45,0x4c,0x53,0x41,0x5f,0x30,0x45,0x4c,0x53,0x41,0x5f,0x30,0x45,0x4c,0x53,0x41,
0x5f,0x30,0x45,0x4c,0x69,0x31,0x45,0x4c,0x69,0x31,0x32,0x38,0x45,0x4c,0x69,0x36,
0x34,0x45,0x4c,0x69,0x31,0x32,0x38,0x45,0x4c,0x69,0x38,0x30,0x45,0x4c,0x69,0x38,
0x45,0x4c,0x69,0x38,0x45,0x4c,0x69,0x38,0x30,0x45,0x4c,0x69,0x36,0x34,0x45,0x4c,
0x69,0x38,0x45,0x4c,0x69,0x31,0x36,0x45,0x4c,0x69,0x31,0x36,0x45,0x4c,0x69,0x31,
0x36,0x45,0x4c,0x69,0x31,0x45,0x4c,0x69,0x38,0x45,0x4c,0x69,0x35,0x45,0x4e,0x53,
0x5f,0x38,0x53,0x65,0x71,0x75,0x65,0x6e,0x63,0x65,0x49,0x4a,0x4c,0x69,0x32,0x45,
0x4c,0x69,0x36,0x34,0x45,0x4c,0x69,0x31,0x45,0x45,0x45,0x45,0x4e,0x53,0x42,0x5f,
0x49,0x4a,0x4c,0x69,0x31,0x45,0x4c,0x69,0x30,0x45,0x4c,0x69,0x32,0x45,0x45,0x45,
0x45,0x53,0x44,0x5f,0x4c,0x69,0x32,0x45,0x4c,0x69,0x38,0x45,0x4c,0x69,0x38,0x45,
0x4c,0x62,0x31,0x45,0x53,0x43,0x5f,0x53,0x44,0x5f,0x53,0x44,0x5f,0x4c,0x69,0x32,
0x45,0x4c,0x69,0x38,0x45,0x4c,0x69,0x38,0x45,0x4c,0x62,0x31,0x45,0x4e,0x53,0x42,
0x5f,0x49,0x4a,0x4c,0x69,0x32,0x45,0x4c,0x69,0x38,0x45,0x4c,0x69,0x38,0x45,0x45,
0x45,0x45,0x4e,0x53,0x42,0x5f,0x49,0x4a,0x4c,0x69,0x30,0x45,0x4c,0x69,0x32,0x45,
0x4c,0x69,0x31,0x45,0x45,0x45,0x45,0x53,0x46,0x5f,0x4c,0x69,0x31,0x45,0x4c,0x69,
0x32,0x45,0x4c,0x69,0x31,0x45,0x4c,0x62,0x30,0x45,0x4c,0x69,0x31,0x45,0x4c,0x69,
0x31,0x45,0x4e,0x53,0x42,0x5f,0x49,0x4a,0x4c,0x69,0x31,0x45,0x4c,0x69,0x36,0x34,
0x45,0x4c,0x69,0x31,0x45,0x4c,0x69,0x32,0x45,0x45,0x45,0x45,0x4c,0x69,0x38,0x45,
0x4c,0x4e,0x53,0x31,0x5f,0x32,0x31,0x4d,0x61,0x73,0x6b,0x69,0x6e,0x67,0x53,0x70,
0x65,0x63,0x69,0x61,0x6c,0x69,0x7a,0x61,0x74,0x69,0x6f,0x6e,0x45,0x30,0x45,0x4c,
0x4e,0x53,0x5f,0x31,0x33,0x4c,0x6f,0x6f,0x70,0x53,0x63,0x68,0x65,0x64,0x75,0x6c,
0x65,0x72,0x45,0x30,0x45,0x4c,0x4e,0x53,0x5f,0x31,0x35,0x50,0x69,0x70,0x65,0x6c,
0x69,0x6e,0x65,0x56,0x65,0x72,0x73,0x69,0x6f,0x6e,0x45,0x30,0x45,0x45,0x45,0x4e,
0x53,0x5f,0x33,0x35,0x47,0x72,0x69,0x64,0x77,0x69,0x73,0x65,0x42,0x61,0x74,0x63,
0x68,0x65,0x64,0x47,0x65,0x6d,0x6d,0x53,0x6f,0x66,0x74,0x6d,0x61,0x78,0x47,0x65,
0x6d,0x6d,0x5f,0x57,0x6d,0x6d,0x61,0x49,0x44,0x46,0x31,0x36,0x5f,0x44,0x46,0x31,
0x36,0x5f,0x66,0x44,0x46,0x31,0x36,0x5f,0x66,0x66,0x44,0x46,0x31,0x36,0x5f,0x53,
0x37,0x5f,0x53,0x37,0x5f,0x53,0x38,0x5f,0x53,0x37,0x5f,0x53,0x37,0x5f,0x4c,0x4e,
0x53,0x5f,0x32,0x35,0x49,0x6e,0x4d,0x65,0x6d,0x6f,0x72,0x79,0x44,0x61,0x74,0x61,
0x4f,0x70,0x65,0x72,0x61,0x74,0x69,0x6f,0x6e,0x45,0x6e,0x75,0x6d,0x45,0x30,0x45,
0x4e,0x53,0x5f,0x31,0x36,0x54,0x65,0x6e,0x73,0x6f,0x72,0x44,0x65,0x73,0x63,0x72,
0x69,0x70,0x74,0x6f,0x72,0x49,0x4e,0x53,0x34,0x5f,0x49,0x4a,0x4e,0x53,0x5f,0x35,
0x45,0x6d,0x62,0x65,0x64,0x49,0x4e,0x53,0x34,0x5f,0x49,0x4a,0x69,0x69,0x45,0x45,
0x45,0x53,0x50,0x5f,0x4c,0x62,0x30,0x45,0x45,0x45,0x4e,0x53,0x5f,0x32,0x33,0x4d,
0x65,0x72,0x67,0x65,0x5f,0x76,0x32,0x5f,0x6d,0x61,0x67,0x69,0x63,0x5f,0x64,0x69,
0x76,0x69,0x73,0x69,0x6f,0x6e,0x49,0x4e,0x53,0x34,0x5f,0x49,0x4a,0x69,0x45,0x45,
0x45,0x45,0x45,0x53,0x54,0x5f,0x4e,0x53,0x5f,0x38,0x52,0x69,0x67,0x68,0x74,0x50,
0x61,0x64,0x49,0x69,0x69,0x4c,0x62,0x30,0x45,0x45,0x45,0x53,0x56,0x5f,0x4e,0x53,
0x5f,0x37,0x55,0x6e,0x4d,0x65,0x72,0x67,0x65,0x49,0x4e,0x53,0x34,0x5f,0x49,0x4a,
0x69,0x4e,0x53,0x5f,0x31,0x37,0x69,0x6e,0x74,0x65,0x67,0x72,0x61,0x6c,0x5f,0x63,
0x6f,0x6e,0x73,0x74,0x61,0x6e,0x74,0x49,0x69,0x4c,0x69,0x31,0x45,0x45,0x45,0x4e,
0x53,0x58,0x5f,0x49,0x69,0x4c,0x69,0x32,0x45,0x45,0x45,0x4e,0x53,0x58,0x5f,0x49,
0x69,0x4c,0x69,0x38,0x45,0x45,0x45,0x45,0x45,0x45,0x4c,0x62,0x30,0x45,0x45,0x45,
0x4e,0x53,0x57,0x5f,0x49,0x4e,0x53,0x34,0x5f,0x49,0x4a,0x69,0x4e,0x53,0x58,0x5f,
0x49,0x69,0x4c,0x69,0x34,0x45,0x45,0x45,0x4e,0x53,0x58,0x5f,0x49,0x69,0x4c,0x69,
0x31,0x36,0x45,0x45,0x45,0x45,0x45,0x45,0x4c,0x62,0x30,0x45,0x45,0x45,0x45,0x45,
0x45,0x4e,0x53,0x34,0x5f,0x49,0x4a,0x4e,0x53,0x42,0x5f,0x49,0x4a,0x4c,0x69,0x30,
0x45,0x45,0x45,0x45,0x4e,0x53,0x42,0x5f,0x49,0x4a,0x4c,0x69,0x31,0x45,0x45,0x45,
0x45,0x4e,0x53,0x42,0x5f,0x49,0x4a,0x4c,0x69,0x32,0x45,0x45,0x45,0x45,0x4e,0x53,
0x42,0x5f,0x49,0x4a,0x4c,0x69,0x33,0x45,0x45,0x45,0x45,0x4e,0x53,0x42,0x5f,0x49,
0x4a,0x4c,0x69,0x34,0x45,0x45,0x45,0x45,0x4e,0x53,0x42,0x5f,0x49,0x4a,0x4c,0x69,
0x36,0x45,0x45,0x45,0x45,0x4e,0x53,0x42,0x5f,0x49,0x4a,0x4c,0x69,0x35,0x45,0x45,
0x45,0x45,0x45,0x45,0x45,0x4e,0x53,0x34,0x5f,0x49,0x4a,0x4e,0x53,0x42,0x5f,0x49,
0x4a,0x4c,0x69,0x31,0x45,0x4c,0x69,0x32,0x45,0x45,0x45,0x45,0x53,0x31,0x42,0x5f,
0x53,0x31,0x43,0x5f,0x53,0x31,0x45,0x5f,0x53,0x31,0x44,0x5f,0x4e,0x53,0x42,0x5f,
0x49,0x4a,0x4c,0x69,0x37,0x45,0x4c,0x69,0x38,0x45,0x4c,0x69,0x39,0x45,0x4c,0x69,
0x31,0x30,0x45,0x45,0x45,0x45,0x4e,0x53,0x42,0x5f,0x49,0x4a,0x4c,0x69,0x31,0x31,
0x45,0x4c,0x69,0x31,0x32,0x45,0x4c,0x69,0x31,0x33,0x45,0x45,0x45,0x45,0x45,0x45,
0x45,0x4e,0x53,0x42,0x5f,0x49,0x4a,0x4c,0x69,0x37,0x45,0x4c,0x69,0x31,0x31,0x45,
0x4c,0x69,0x31,0x32,0x45,0x4c,0x69,0x38,0x45,0x4c,0x69,0x39,0x45,0x4c,0x69,0x31,
0x33,0x45,0x4c,0x69,0x31,0x30,0x45,0x45,0x45,0x45,0x78,0x45,0x45,0x4e,0x53,0x4e,
0x5f,0x49,0x4e,0x53,0x34,0x5f,0x49,0x4a,0x53,0x51,0x5f,0x53,0x54,0x5f,0x53,0x54,
0x5f,0x53,0x56,0x5f,0x53,0x56,0x5f,0x4e,0x53,0x57,0x5f,0x49,0x4e,0x53,0x34,0x5f,
0x49,0x4a,0x69,0x53,0x31,0x30,0x5f,0x45,0x45,0x45,0x4c,0x62,0x30,0x45,0x45,0x45,
0x4e,0x53,0x5f,0x31,0x31,0x50,0x61,0x73,0x73,0x54,0x68,0x72,0x6f,0x75,0x67,0x68,
0x49,0x69,0x45,0x45,0x45,0x45,0x45,0x53,0x31,0x46,0x5f,0x4e,0x53,0x34,0x5f,0x49,
0x4a,0x53,0x31,0x47,0x5f,0x53,0x31,0x42,0x5f,0x53,0x31,0x43,0x5f,0x53,0x31,0x45,
0x5f,0x53,0x31,0x44,0x5f,0x4e,0x53,0x42,0x5f,0x49,0x4a,0x4c,0x69,0x37,0x45,0x4c,
0x69,0x38,0x45,0x45,0x45,0x45,0x4e,0x53,0x42,0x5f,0x49,0x4a,0x4c,0x69,0x39,0x45,
0x45,0x45,0x45,0x45,0x45,0x45,0x4e,0x53,0x42,0x5f,0x49,0x4a,0x4c,0x69,0x37,0x45,
0x4c,0x69,0x39,0x45,0x4c,0x69,0x38,0x45,0x45,0x45,0x45,0x78,0x45,0x45,0x53,0x31,
0x56,0x5f,0x4e,0x53,0x4e,0x5f,0x49,0x4e,0x53,0x34,0x5f,0x49,0x4a,0x53,0x51,0x5f,
0x53,0x54,0x5f,0x53,0x54,0x5f,0x53,0x56,0x5f,0x53,0x56,0x5f,0x45,0x45,0x45,0x4e,
0x53,0x34,0x5f,0x49,0x4a,0x53,0x31,0x38,0x5f,0x53,0x31,0x39,0x5f,0x53,0x31,0x41,
0x5f,0x53,0x31,0x42,0x5f,0x53,0x31,0x43,0x5f,0x45,0x45,0x45,0x4e,0x53,0x34,0x5f,
0x49,0x4a,0x53,0x31,0x47,0x5f,0x53,0x31,0x42,0x5f,0x53,0x31,0x43,0x5f,0x53,0x31,
0x45,0x5f,0x53,0x31,0x44,0x5f,0x45,0x45,0x45,0x4e,0x53,0x42,0x5f,0x49,0x4a,0x4c,
0x69,0x35,0x45,0x4c,0x69,0x36,0x45,0x45,0x45,0x45,0x78,0x45,0x45,0x4c,0x69,0x36,
0x34,0x45,0x4c,0x69,0x31,0x32,0x38,0x45,0x4c,0x69,0x38,0x30,0x45,0x4c,0x69,0x38,
0x45,0x4c,0x69,0x38,0x45,0x4c,0x69,0x38,0x30,0x45,0x4c,0x69,0x36,0x34,0x45,0x4c,
0x69,0x38,0x45,0x4c,0x69,0x31,0x36,0x45,0x4c,0x69,0x31,0x36,0x45,0x4c,0x69,0x31,
0x36,0x45,0x4c,0x69,0x31,0x45,0x4c,0x69,0x38,0x45,0x4c,0x69,0x35,0x45,0x4c,0x69,
0x31,0x32,0x38,0x45,0x53,0x43,0x5f,0x53,0x44,0x5f,0x53,0x44,0x5f,0x4c,0x69,0x32,
0x45,0x4c,0x69,0x38,0x45,0x4c,0x69,0x38,0x45,0x4c,0x62,0x31,0x45,0x4c,0x62,0x30,
0x45,0x4c,0x62,0x31,0x45,0x53,0x43,0x5f,0x53,0x44,0x5f,0x53,0x44,0x5f,0x4c,0x69,
0x32,0x45,0x4c,0x69,0x38,0x45,0x4c,0x69,0x38,0x45,0x4c,0x62,0x31,0x45,0x4c,0x62,
0x31,0x45,0x4c,0x62,0x31,0x45,0x53,0x45,0x5f,0x53,0x46,0x5f,0x53,0x46,0x5f,0x4c,
0x69,0x31,0x45,0x4c,0x69,0x32,0x45,0x4c,0x69,0x31,0x45,0x4c,0x62,0x30,0x45,0x4c,
0x62,0x31,0x45,0x4c,0x62,0x30,0x45,0x4c,0x69,0x31,0x45,0x4c,0x69,0x31,0x45,0x53,
0x47,0x5f,0x4c,0x69,0x38,0x45,0x4c,0x62,0x31,0x45,0x4c,0x62,0x30,0x45,0x4c,0x69,
0x31,0x45,0x4c,0x53,0x49,0x5f,0x30,0x45,0x4c,0x53,0x4a,0x5f,0x30,0x45,0x45,0x45,
0x44,0x46,0x31,0x36,0x5f,0x44,0x46,0x31,0x36,0x5f,0x44,0x46,0x31,0x36,0x5f,0x44,
0x46,0x31,0x36,0x5f,0x53,0x37,0x5f,0x53,0x37,0x5f,0x53,0x38,0x5f,0x53,0x37,0x5f,
0x53,0x37,0x5f,0x4c,0x62,0x30,0x45,0x45,0x45,0x76,0x50,0x50,0x4b,0x54,0x31,0x5f,
0x50,0x50,0x4b,0x54,0x32,0x5f,0x50,0x50,0x4b,0x54,0x33,0x5f,0x50,0x50,0x54,0x34,
0x5f,0x69,0x69,0x69,0x69,0x69,0x69,0x69,0x66,0x2e,0x6e,0x75,0x6d,0x5f,0x76,0x67,
0x70,0x72,0x00,0x5f,0x5a,0x4e,0x32,0x63,0x6b,0x31,0x36,0x74,0x65,0x6e,0x73,0x6f,
0x72,0x5f,0x6f,0x70,0x65,0x72,0x61,0x74,0x69,0x6f,0x6e,0x36,0x64,0x65,0x76,0x69,
0x63,0x65,0x34,0x34,0x6b,0x65,0x72,0x6e,0x65,0x6c,0x5f,0x67,0x72,0x6f,0x75,0x70,
0x65,0x64,0x5f,0x71,0x75,0x65,0x72,0x79,0x5f,0x61,0x74,0x74,0x65,0x6e,0x74,0x69,
0x6f,0x6e,0x5f,0x77,0x6d,0x6d,0x61,0x5f,0x75,0x6e,0x70,0x61,0x63,0x6b,0x65,0x64,
0x49,0x4e,0x53,0x31,0x5f,0x33,0x39,0x44,0x65,0x76,0x69,0x63,0x65,0x47,0x72,0x6f,
0x75,0x70,0x65,0x64,0x51,0x75,0x65,0x72,0x79,0x41,0x74,0x74,0x65,0x6e,0x74,0x69,
0x6f,0x6e,0x46,0x6f,0x72,0x77,0x61,0x72,0x64,0x5f,0x57,0x6d,0x6d,0x61,0x49,0x4c,
0x69,0x32,0x45,0x4c,0x69,0x31,0x45,0x4c,0x69,0x31,0x45,0x4c,0x69,0x31,0x45,0x4c,
0x69,0x31,0x45,0x44,0x46,0x31,0x36,0x5f,0x44,0x46,0x31,0x36,0x5f,0x44,0x46,0x31,
0x36,0x5f,0x44,0x46,0x31,0x36,0x5f,0x4e,0x53,0x5f,0x35,0x54,0x75,0x70,0x6c,0x65,
0x49,0x4a,0x45,0x45,0x45,0x66,0x53,0x35,0x5f,0x66,0x66,0x4e,0x53,0x30,0x5f,0x31,
0x32,0x65,0x6c,0x65,0x6d,0x65,0x6e,0x74,0x5f,0x77,0x69,0x73,0x65,0x31,0x31,0x50,
0x61,0x73,0x73,0x54,0x68,0x72,0x6f,0x75,0x67,0x68,0x45,0x53,0x37,0x5f,0x4e,0x53,
0x36,0x5f,0x35,0x53,0x63,0x61,0x6c,0x65,0x45,0x53,0x37,0x5f,0x53,0x37,0x5f,0x4c,
0x4e,0x53,0x31,0x5f,0x31,0x38,0x47,0x65,0x6d,0x6d,0x53,0x70,0x65,0x63,0x69,0x61,
0x6c,0x69,0x7a,0x61,0x74,0x69,0x6f,0x6e,0x45,0x31,0x35,0x45,0x4c,0x4e,0x53,0x31,
0x5f,0x32,0x30,0x54,0x65,0x6e,0x73,0x6f,0x72,0x53,0x70,0x65,0x63,0x69,0x61,0x6c,
0x69,0x7a,0x61,0x74,0x69,0x6f,0x6e,0x45,0x30,0x45,0x4c,0x53,0x41,0x5f,0x30,0x45,
0x4c,0x53,0x41,0x5f,0x30,0x45,0x4c,0x53,0x41,0x5f,0x30,0x45,0x4c,0x69,0x31,0x45,
0x4c,0x69,0x31,0x32,0x38,0x45,0x4c,0x69,0x36,0x34,0x45,0x4c,0x69,0x31,0x32,0x38,
0x45,0x4c,0x69,0x38,0x30,0x45,0x4c,0x69,0x38,0x45,0x4c,0x69,0x38,0x45,0x4c,0x69,
0x38,0x30,0x45,0x4c,0x69,0x36,0x34,0x45,0x4c,0x69,0x38,0x45,0x4c,0x69,0x31,0x36,
0x45,0x4c,0x69,0x31,0x36,0x45,0x4c,0x69,0x31,0x36,0x45,0x4c,0x69,0x31,0x45,0x4c,
0x69,0x38,0x45,0x4c,0x69,0x35,0x45,0x4e,0x53,0x5f,0x38,0x53,0x65,0x71,0x75,0x65,
0x6e,0x63,0x65,0x49,0x4a,0x4c,0x69,0x32,0x45,0x4c,0x69,0x36,0x34,0x45,0x4c,0x69,
0x31,0x45,0x45,0x45,0x45,0x4e,0x53,0x42,0x5f,0x49,0x4a,0x4c,0x69,0x31,0x45,0x4c,
0x69,0x30,0x45,0x4c,0x69,0x32,0x45,0x45,0x45,0x45,0x53,0x44,0x5f,0x4c,0x69,0x32,
0x45,0x4c,0x69,0x38,0x45,0x4c,0x69,0x38,0x45,0x4c,0x62,0x31,0x45,0x53,0x43,0x5f,
0x53,0x44,0x5f,0x53,0x44,0x5f,0x4c,0x69,0x32,0x45,0x4c,0x69,0x38,0x45,0x4c,0x69,
0x38,0x45,0x4c,0x62,0x31,0x45,0x4e,0x53,0x42,0x5f,0x49,0x4a,0x4c,0x69,0x32,0x45,
0x4c,0x69,0x38,0x45,0x4c,0x69,0x38,0x45,0x45,0x45,0x45,0x4e,0x53,0x42,0x5f,0x49,
0x4a,0x4c,0x69,0x30,0x45,0x4c,0x69,0x32,0x45,0x4c,0x69,0x31,0x45,0x45,0x45,0x45,
0x53,0x46,0x5f,0x4c,0x69,0x31,0x45,0x4c,0x69,0x32,0x45,0x4c,0x69,0x31,0x45,0x4c,
0x62,0x30,0x45,0x4c,0x69,0x31,0x45,0x4c,0x69,0x31,0x45,0x4e,0x53,0x42,0x5f,0x49,
0x4a,0x4c,0x69,0x31,0x45,0x4c,0x69,0x36,0x34,0x45,0x4c,0x69,0x31,0x45,0x4c,0x69,
0x32,0x45,0x45,0x45,0x45,0x4c,0x69,0x38,0x45,0x4c,0x4e,0x53,0x31,0x5f,0x32,0x31,
0x4d,0x61,0x73,0x6b,0x69,0x6e,0x67,0x53,0x70,0x65,0x63,0x69,0x61,0x6c,0x69,0x7a,
0x61,0x74,0x69,0x6f,0x6e,0x45,0x30,0x45,0x4c,0x4e,0x53,0x5f,0x31,0x33,0x4c,0x6f,
0x6f,0x70,0x53,0x63,0x68,0x65,0x64,0x75,0x6c,0x65,0x72,0x45,0x30,0x45,0x4c,0x4e,
0x53,0x5f,0x31,0x35,0x50,0x69,0x70,0x65,0x6c,0x69,0x6e,0x65,0x56,0x65,0x72,0x73,
0x69,0x6f,0x6e,0x45,0x30,0x45,0x45,0x45,0x4e,0x53,0x5f,0x33,0x35,0x47,0x72,0x69,
0x64,0x77,0x69,0x73,0x65,0x42,0x61,0x74,0x63,0x68,0x65,0x64,0x47,0x65,0x6d,0x6d,
0x53,0x6f,0x66,0x74,0x6d,0x61,0x78,0x47,0x65,0x6d,0x6d,0x5f,0x57,0x6d,0x6d,0x61,
0x49,0x44,0x46,0x31,0x36,0x5f,0x44,0x46,0x31,0x36,0x5f,0x66,0x44,0x46,0x31,0x36,
0x5f,0x66,0x66,0x44,0x46,0x31,0x36,0x5f,0x53,0x37,0x5f,0x53,0x37,0x5f,0x53,0x38,
0x5f,0x53,0x37,0x5f,0x53,0x37,0x5f,0x4c,0x4e,0x53,0x5f,0x32,0x35,0x49,0x6e,0x4d,
0x65,0x6d,0x6f,0x72,0x79,0x44,0x61,0x74,0x61,0x4f,0x70,0x65,0x72,0x61,0x74,0x69,
0x6f,0x6e,0x45,0x6e,0x75,0x6d,0x45,0x30,0x45,0x4e,0x53,0x5f,0x31,0x36,0x54,0x65,
0x6e,0x73,0x6f,0x72,0x44,0x65,0x73,0x63,0x72,0x69,0x70,0x74,0x6f,0x72,0x49,0x4e,
0x53,0x34,0x5f,0x49,0x4a,0x4e,0x53,0x5f,0x35,0x45,0x6d,0x62,0x65,0x64,0x49,0x4e,
0x53,0x34,0x5f,0x49,0x4a,0x69,0x69,0x45,0x45,0x45,0x53,0x50,0x5f,0x4c,0x62,0x30,
0x45,0x45,0x45,0x4e,0x53,0x5f,0x32,0x33,0x4d,0x65,0x72,0x67,0x65,0x5f,0x76,0x32,
0x5f,0x6d,0x61,0x67,0x69,0x63,0x5f,0x64,0x69,0x76,0x69,0x73,0x69,0x6f,0x6e,0x49,
0x4e,0x53,0x34,0x5f,0x49,0x4a,0x69,0x45,0x45,0x45,0x45,0x45,0x53,0x54,0x5f,0x4e,
0x53,0x5f,0x38,0x52,0x69,0x67,0x68,0x74,0x50,0x61,0x64,0x49,0x69,0x69,0x4c,0x62,
0x30,0x45,0x45,0x45,0x53,0x56,0x5f,0x4e,0x53,0x5f,0x37,0x55,0x6e,0x4d,0x65,0x72,
0x67,0x65,0x49,0x4e,0x53,0x34,0x5f,0x49,0x4a,0x69,0x4e,0x53,0x5f,0x31,0x37,0x69,
0x6e,0x74,0x65,0x67,0x72,0x61,0x6c,0x5f,0x63,0x6f,0x6e,0x73,0x74,0x61,0x6e,0x74,
0x49,0x69,0x4c,0x69,0x31,0x45,0x45,0x45,0x4e,0x53,0x58,0x5f,0x49,0x69,0x4c,0x69,
0x32,0x45,0x45,0x45,0x4e,0x53,0x58,0x5f,0x49,0x69,0x4c,0x69,0x38,0x45,0x45,0x45,
0x45,0x45,0x45,0x4c,0x62,0x30,0x45,0x45,0x45,0x4e,0x53,0x57,0x5f,0x49,0x4e,0x53,
0x34,0x5f,0x49,0x4a,0x69,0x4e,0x53,0x58,0x5f,0x49,0x69,0x4c,0x69,0x34,0x45,0x45,
0x45,0x4e,0x53,0x58,0x5f,0x49,0x69,0x4c,0x69,0x31,0x36,0x45,0x45,0x45,0x45,0x45,
0x45,0x4c,0x62,0x30,0x45,0x45,0x45,0x45,0x45,0x45,0x4e,0x53,0x34,0x5f,0x49,0x4a,
0x4e,0x53,0x42,0x5f,0x49,0x4a,0x4c,0x69,0x30,0x45,0x45,0x45,0x45,0x4e,0x53,0x42,
0x5f,0x49,0x4a,0x4c,0x69,0x31,0x45,0x45,0x45,0x45,0x4e,0x53,0x42,0x5f,0x49,0x4a,
0x4c,0x69,0x32,0x45,0x45,0x45,0x45,0x4e,0x53,0x42,0x5f,0x49,0x4a,0x4c,0x69,0x33,
0x45,0x45,0x45,0x45,0x4e,0x53,0x42,0x5f,0x49,0x4a,0x4c,0x69,0x34,0x45,0x45,0x45,
0x45,0x4e,0x53,0x42,0x5f,0x49,0x4a,0x4c,0x69,0x36,0x45,0x45,0x45,0x45,0x4e,0x53,
0x42,0x5f,0x49,0x4a,0x4c,0x69,0x35,0x45,0x45,0x45,0x45,0x45,0x45,0x45,0x4e,0x53,
0x34,0x5f,0x49,0x4a,0x4e,0x53,0x42,0x5f,0x49,0x4a,0x4c,0x69,0x31,0x45,0x4c,0x69,
0x32,0x45,0x45,0x45,0x45,0x53,0x31,0x42,0x5f,0x53,0x31,0x43,0x5f,0x53,0x31,0x45,
0x5f,0x53,0x31,0x44,0x5f,0x4e,0x53,0x42,0x5f,0x49,0x4a,0x4c,0x69,0x37,0x45,0x4c,
0x69,0x38,0x45,0x4c,0x69,0x39,0x45,0x4c,0x69,0x31,0x30,0x45,0x45,0x45,0x45,0x4e,
0x53,0x42,0x5f,0x49,0x4a,0x4c,0x69,0x31,0x31,0x45,0x4c,0x69,0x31,0x32,0x45,0x4c,
0x69,0x31,0x33,0x45,0x45,0x45,0x45,0x45,0x45,0x45,0x4e,0x53,0x42,0x5f,0x49,0x4a,
0x4c,0x69,0x37,0x45,0x4c,0x69,0x31,0x31,0x45,0x4c,0x69,0x31,0x32,0x45,0x4c,0x69,
0x38,0x45,0x4c,0x69,0x39,0x45,0x4c,0x69,0x31,0x33,0x45,0x4c,0x69,0x31,0x30,0x45,
0x45,0x45,0x45,0x78,0x45,0x45,0x4e,0x53,0x4e,0x5f,0x49,0x4e,0x53,0x34,0x5f,0x49,
0x4a,0x53,0x51,0x5f,0x53,0x54,0x5f,0x53,0x54,0x5f,0x53,0x56,0x5f,0x53,0x56,0x5f,
0x4e,0x53,0x57,0x5f,0x49,0x4e,0x53,0x34,0x5f,0x49,0x4a,0x69,0x53,0x31,0x30,0x5f,
0x45,0x45,0x45,0x4c,0x62,0x30,0x45,0x45,0x45,0x4e,0x53,0x5f,0x31,0x31,0x50,0x61,
0x73,0x73,0x54,0x68,0x72,0x6f,0x75,0x67,0x68,0x49,0x69,0x45,0x45,0x45,0x45,0x45,
0x53,0x31,0x46,0x5f,0x4e,0x53,0x34,0x5f,0x49,0x4a,0x53,0x31,0x47,0x5f,0x53,0x31,
0x42,0x5f,0x53,0x31,0x43,0x5f,0x53,0x31,0x45,0x5f,0x53,0x31,0x44,0x5f,0x4e,0x53,
0x42,0x5f,0x49,0x4a,0x4c,0x69,0x37,0x45,0x4c,0x69,0x38,0x45,0x45,0x45,0x45,0x4e,
0x53,0x42,0x5f,0x49,0x4a,0x4c,0x69,0x39,0x45,0x45,0x45,0x45,0x45,0x45,0x45,0x4e,
0x53,0x42,0x5f,0x49,0x4a,0x4c,0x69,0x37,0x45,0x4c,0x69,0x39,0x45,0x4c,0x69,0x38,
0x45,0x45,0x45,0x45,0x78,0x45,0x45,0x53,0x31,0x56,0x5f,0x4e,0x53,0x4e,0x5f,0x49,
0x4e,0x53,0x34,0x5f,0x49,0x4a,0x53,0x51,0x5f,0x53,0x54,0x5f,0x53,0x54,0x5f,0x53,
0x56,0x5f,0x53,0x56,0x5f,0x45,0x45,0x45,0x4e,0x53,0x34,0x5f,0x49,0x4a,0x53,0x31,
0x38,0x5f,0x53,0x31,0x39,0x5f,0x53,0x31,0x41,0x5f,0x53,0x31,0x42,0x5f,0x53,0x31,
0x43,0x5f,0x45,0x45,0x45,0x4e,0x53,0x34,0x5f,0x49,0x4a,0x53,0x31,0x47,0x5f,0x53,
0x31,0x42,0x5f,0x53,0x31,0x43,0x5f,0x53,0x31,0x45,0x5f,0x53,0x31,0x44,0x5f,0x45,
0x45,0x45,0x4e,0x53,0x42,0x5f,0x49,0x4a,0x4c,0x69,0x35,0x45,0x4c,0x69,0x36,0x45,
0x45,0x45,0x45,0x78,0x45,0x45,0x4c,0x69,0x36,0x34,0x45,0x4c,0x69,0x31,0x32,0x38,
0x45,0x4c,0x69,0x38,0x30,0x45,0x4c,0x69,0x38,0x45,0x4c,0x69,0x38,0x45,0x4c,0x69,
0x38,0x30,0x45,0x4c,0x69,0x36,0x34,0x45,0x4c,0x69,0x38,0x45,0x4c,0x69,0x31,0x36,
0x45,0x4c,0x69,0x31,0x36,0x45,0x4c,0x69,0x31,0x36,0x45,0x4c,0x69,0x31,0x45,0x4c,
0x69,0x38,0x45,0x4c,0x69,0x35,0x45,0x4c,0x69,0x31,0x32,0x38,0x45,0x53,0x43,0x5f,
0x53,0x44,0x5f,0x53,0x44,0x5f,0x4c,0x69,0x32,0x45,0x4c,0x69,0x38,0x45,0x4c,0x69,
0x38,0x45,0x4c,0x62,0x31,0x45,0x4c,0x62,0x30,0x45,0x4c,0x62,0x31,0x45,0x53,0x43,
0x5f,0x53,0x44,0x5f,0x53,0x44,0x5f,0x4c,0x69,0x32,0x45,0x4c,0x69,0x38,0x45,0x4c,
0x69,0x38,0x45,0x4c,0x62,0x31,0x45,0x4c,0x62,0x31,0x45,0x4c,0x62,0x31,0x45,0x53,
0x45,0x5f,0x53,0x46,0x5f,0x53,0x46,0x5f,0x4c,0x69,0x31,0x45,0x4c,0x69,0x32,0x45,
0x4c,0x69,0x31,0x45,0x4c,0x62,0x30,0x45,0x4c,0x62,0x31,0x45,0x4c,0x62,0x30,0x45,
0x4c,0x69,0x31,0x45,0x4c,0x69,0x31,0x45,0x53,0x47,0x5f,0x4c,0x69,0x38,0x45,0x4c,
0x62,0x31,0x45,0x4c,0x62,0x30,0x45,0x4c,0x69,0x31,0x45,0x4c,0x53,0x49,0x5f,0x30,
0x45,0x4c,0x53,0x4a,0x5f,0x30,0x45,0x45,0x45,0x44,0x46,0x31,0x36,0x5f,0x44,0x46,
0x31,0x36,0x5f,0x44,0x46,0x31,0x36,0x5f,0x44,0x46,0x31,0x36,0x5f,0x53,0x37,0x5f,
0x53,0x37,0x5f,0x53,0x38,0x5f,0x53,0x37,0x5f,0x53,0x37,0x5f,0x4c,0x62,0x30,0x45,
0x45,0x45,0x76,0x50,0x50,0x4b,0x54,0x31,0x5f,0x50,0x50,0x4b,0x54,0x32,0x5f,0x50,
0x50,0x4b,0x54,0x33,0x5f,0x50,0x50,0x54,0x34,0x5f,0x69,0x69,0x69,0x69,0x69,0x69,
0x69,0x66,0x2e,0x6e,0x75,0x6d,0x5f,0x61,0x67,0x70,0x72,0x00,0x5f,0x5a,0x4e,0x32,
0x63,0x6b,0x31,0x36,0x74,0x65,0x6e,0x73,0x6f,0x72,0x5f,0x6f,0x70,0x65,0x72,0x61,
0x74,0x69,0x6f,0x6e,0x36,0x64,0x65,0x76,0x69,0x63,0x65,0x34,0x34,0x6b,0x65,0x72,
0x6e,0x65,0x6c,0x5f,0x67,0x72,0x6f,0x75,0x70,0x65,0x64,0x5f,0x71,0x75,0x65,0x72,
0x79,0x5f,0x61,0x74,0x74,0x65,0x6e,0x74,0x69,0x6f,0x6e,0x5f,0x77,0x6d,0x6d,0x61,
0x5f,0x75,0x6e,0x70,0x61,0x63,0x6b,0x65,0x64,0x49,0x4e,0x53,0x31,0x5f,0x33,0x39,
0x44,0x65,0x76,0x69,0x63,0x65,0x47,0x72,0x6f,0x75,0x70,0x65,0x64,0x51,0x75,0x65,
0x72,0x79,0x41,0x74,0x74,0x65,0x6e,0x74,0x69,0x6f,0x6e,0x46,0x6f,0x72,0x77,0x61,
0x72,0x64,0x5f,0x57,0x6d,0x6d,0x61,0x49,0x4c,0x69,0x32,0x45,0x4c,0x69,0x31,0x45,
0x4c,0x69,0x31,0x45,0x4c,0x69,0x31,0x45,0x4c,0x69,0x31,0x45,0x44,0x46,0x31,0x36,
0x5f,0x44,0x46,0x31,0x36,0x5f,0x44,0x46,0x31,0x36,0x5f,0x44,0x46,0x31,0x36,0x5f,
0x4e,0x53,0x5f,0x35,0x54,0x75,0x70,0x6c,0x65,0x49,0x4a,0x45,0x45,0x45,0x66,0x53,
0x35,0x5f,0x66,0x66,0x4e,0x53,0x30,0x5f,0x31,0x32,0x65,0x6c,0x65,0x6d,0x65,0x6e,
0x74,0x5f,0x77,0x69,0x73,0x65,0x31,0x31,0x50,0x61,0x73,0x73,0x54,0x68,0x72,0x6f,
0x75,0x67,0x68,0x45,0x53,0x37,0x5f,0x4e,0x53,0x36,0x5f,0x35,0x53,0x63,0x61,0x6c,
0x65,0x45,0x53,0x37,0x5f,0x53,0x37,0x5f,0x4c,0x4e,0x53,0x31,0x5f,0x31,0x38,0x47,
0x65,0x6d,0x6d,0x53,0x70,0x65,0x63,0x69,0x61,0x6c,0x69,0x7a,0x61,0x74,0x69,0x6f,
0x6e,0x45,0x31,0x35,0x45,0x4c,0x4e,0x53,0x31,0x5f,0x32,0x30,0x54,0x65,0x6e,0x73,
0x6f,0x72,0x53,0x70,0x65,0x63,0x69,0x61,0x6c,0x69,0x7a,0x61,0x74,0x69,0x6f,0x6e,
0x45,0x30,0x45,0x4c,0x53,0x41,0x5f,0x30,0x45,0x4c,0x53,0x41,0x5f,0x30,0x45,0x4c,
0x53,0x41,0x5f,0x30,0x45,0x4c,0x69,0x31,0x45,0x4c,0x69,0x31,0x32,0x38,0x45,0x4c,
0x69,0x36,0x34,0x45,0x4c,0x69,0x31,0x32,0x38,0x45,0x4c,0x69,0x38,0x30,0x45,0x4c,
0x69,0x38,0x45,0x4c,0x69,0x38,0x45,0x4c,0x69,0x38,0x30,0x45,0x4c,0x69,0x36,0x34,
0x45,0x4c,0x69,0x38,0x45,0x4c,0x69,0x31,0x36,0x45,0x4c,0x69,0x31,0x36,0x45,0x4c,
0x69,0x31,0x36,0x45,0x4c,0x69,0x31,0x45,0x4c,0x69,0x38,0x45,0x4c,0x69,0x35,0x45,
0x4e,0x53,0x5f,0x38,0x53,0x65,0x71,0x75,0x65,0x6e,0x63,0x65,0x49,0x4a,0x4c,0x69,
0x32,0x45,0x4c,0x69,0x36,0x34,0x45,0x4c,0x69,0x31,0x45,0x45,0x45,0x45,0x4e,0x53,
0x42,0x5f,0x49,0x4a,0x4c,0x69,0x31,0x45,0x4c,0x69,0x30,0x45,0x4c,0x69,0x32,0x45,
0x45,0x45,0x45,0x53,0x44,0x5f,0x4c,0x69,0x32,0x45,0x4c,0x69,0x38,0x45,0x4c,0x69,
0x38,0x45,0x4c,0x62,0x31,0x45,0x53,0x43,0x5f,0x53,0x44,0x5f,0x53,0x44,0x5f,0x4c,
0x69,0x32,0x45,0x4c,0x69,0x38,0x45,0x4c,0x69,0x38,0x45,0x4c,0x62,0x31,0x45,0x4e,
0x53,0x42,0x5f,0x49,0x4a,0x4c,0x69,0x32,0x45,0x4c,0x69,0x38,0x45,0x4c,0x69,0x38,
0x45,0x45,0x45,0x45,0x4e,0x53,0x42,0x5f,0x49,0x4a,0x4c,0x69,0x30,0x45,0x4c,0x69,
0x32,0x45,0x4c,0x69,0x31,0x45,0x45,0x45,0x45,0x53,0x46,0x5f,0x4c,0x69,0x31,0x45,
0x4c,0x69,0x32,0x45,0x4c,0x69,0x31,0x45,0x4c,0x62,0x30,0x45,0x4c,0x69,0x31,0x45,
0x4c,0x69,0x31,0x45,0x4e,0x53,0x42,0x5f,0x49,0x4a,0x4c,0x69,0x31,0x45,0x4c,0x69,
0x36,0x34,0x45,0x4c,0x69,0x31,0x45,0x4c,0x69,0x32,0x45,0x45,0x45,0x45,0x4c,0x69,
0x38,0x45,0x4c,0x4e,0x53,0x31,0x5f,0x32,0x31,0x4d,0x61,0x73,0x6b,0x69,0x6e,0x67,
0x53,0x70,0x65,0x63,0x69,0x61,0x6c,0x69,0x7a,0x61,0x74,0x69,0x6f,0x6e,0x45,0x30,
0x45,0x4c,0x4e,0x53,0x5f,0x31,0x33,0x4c,0x6f,0x6f,0x70,0x53,0x63,0x68,0x65,0x64,
0x75,0x6c,0x65,0x72,0x45,0x30,0x45,0x4c,0x4e,0x53,0x5f,0x31,0x35,0x50,0x69,0x70,
0x65,0x6c,0x69,0x6e,0x65,0x56,0x65,0x72,0x73,0x69,0x6f,0x6e,0x45,0x30,0x45,0x45,
0x45,0x4e,0x53,0x5f,0x33,0x35,0x47,0x72,0x69,0x64,0x77,0x69,0x73,0x65,0x42,0x61,
0x74,0x63,0x68,0x65,0x64,0x47,0x65,0x6d,0x6d,0x53,0x6f,0x66,0x74,0x6d,0x61,0x78,
0x47,0x65,0x6d,0x6d,0x5f,0x57,0x6d,0x6d,0x61,0x49,0x44,0x46,0x31,0x36,0x5f,0x44,
0x46,0x31,0x36,0x5f,0x66,0x44,0x46,0x31,0x36,0x5f,0x66,0x66,0x44,0x46,0x31,0x36,
0x5f,0x53,0x37,0x5f,0x53,0x37,0x5f,0x53,0x38,0x5f,0x53,0x37,0x5f,0x53,0x37,0x5f,
0x4c,0x4e,0x53,0x5f,0x32,0x35,0x49,0x6e,0x4d,0x65,0x6d,0x6f,0x72,0x79,0x44,0x61,
0x74,0x61,0x4f,0x70,0x65,0x72,0x61,0x74,0x69,0x6f,0x6e,0x45,0x6e,0x75,0x6d,0x45,
0x30,0x45,0x4e,0x53,0x5f,0x31,0x36,0x54,0x65,0x6e,0x73,0x6f,0x72,0x44,0x65,0x73,
0x63,0x72,0x69,0x70,0x74,0x6f,0x72,0x49,0x4e,0x53,0x34,0x5f,0x49,0x4a,0x4e,0x53,
0x5f,0x35,0x45,0x6d,0x62,0x65,0x64,0x49,0x4e,0x53,0x34,0x5f,0x49,0x4a,0x69,0x69,
0x45,0x45,0x45,0x53,0x50,0x5f,0x4c,0x62,0x30,0x45,0x45,0x45,0x4e,0x53,0x5f,0x32,
0x33,0x4d,0x65,0x72,0x67,0x65,0x5f,0x76,0x32,0x5f,0x6d,0x61,0x67,0x69,0x63,0x5f,
0x64,0x69,0x76,0x69,0x73,0x69,0x6f,0x6e,0x49,0x4e,0x53,0x34,0x5f,0x49,0x4a,0x69,
0x45,0x45,0x45,0x45,0x45,0x53,0x54,0x5f,0x4e,0x53,0x5f,0x38,0x52,0x69,0x67,0x68,
0x74,0x50,0x61,0x64,0x49,0x69,0x69,0x4c,0x62,0x30,0x45,0x45,0x45,0x53,0x56,0x5f,
0x4e,0x53,0x5f,0x37,0x55,0x6e,0x4d,0x65,0x72,0x67,0x65,0x49,0x4e,0x53,0x34,0x5f,
0x49,0x4a,0x69,0x4e,0x53,0x5f,0x31,0x37,0x69,0x6e,0x74,0x65,0x67,0x72,0x61,0x6c,
0x5f,0x63,0x6f,0x6e,0x73,0x74,0x61,0x6e,0x74,0x49,0x69,0x4c,0x69,0x31,0x45,0x45,
0x45,0x4e,0x53,0x58,0x5f,0x49,0x69,0x4c,0x69,0x32,0x45,0x45,0x45,0x4e,0x53,0x58,
0x5f,0x49,0x69,0x4c,0x69,0x38,0x45,0x45,0x45,0x45,0x45,0x45,0x4c,0x62,0x30,0x45,
0x45,0x45,0x4e,0x53,0x57,0x5f,0x49,0x4e,0x53,0x34,0x5f,0x49,0x4a,0x69,0x4e,0x53,
0x58,0x5f,0x49,0x69,0x4c,0x69,0x34,0x45,0x45,0x45,0x4e,0x53,0x58,0x5f,0x49,0x69,
0x4c,0x69,0x31,0x36,0x45,0x45,0x45,0x45,0x45,0x45,0x4c,0x62,0x30,0x45,0x45,0x45,
0x45,0x45,0x45,0x4e,0x53,0x34,0x5f,0x49,0x4a,0x4e,0x53,0x42,0x5f,0x49,0x4a,0x4c,
0x69,0x30,0x45,0x45,0x45,0x45,0x4e,0x53,0x42,0x5f,0x49,0x4a,0x4c,0x69,0x31,0x45,
0x45,0x45,0x45,0x4e,0x53,0x42,0x5f,0x49,0x4a,0x4c,0x69,0x32,0x45,0x45,0x45,0x45,
0x4e,0x53,0x42,0x5f,0x49,0x4a,0x4c,0x69,0x33,0x45,0x45,0x45,0x45,0x4e,0x53,0x42,
0x5f,0x49,0x4a,0x4c,0x69,0x34,0x45,0x45,0x45,0x45,0x4e,0x53,0x42,0x5f,0x49,0x4a,
0x4c,0x69,0x36,0x45,0x45,0x45,0x45,0x4e,0x53,0x42,0x5f,0x49,0x4a,0x4c,0x69,0x35,
0x45,0x45,0x45,0x45,0x45,0x45,0x45,0x4e,0x53,0x34,0x5f,0x49,0x4a,0x4e,0x53,0x42,
0x5f,0x49,0x4a,0x4c,0x69,0x31,0x45,0x4c,0x69,0x32,0x45,0x45,0x45,0x45,0x53,0x31,
0x42,0x5f,0x53,0x31,0x43,0x5f,0x53,0x31,0x45,0x5f,0x53,0x31,0x44,0x5f,0x4e,0x53,
0x42,0x5f,0x49,0x4a,0x4c,0x69,0x37,0x45,0x4c,0x69,0x38,0x45,0x4c,0x69,0x39,0x45,
0x4c,0x69,0x31,0x30,0x45,0x45,0x45,0x45,0x4e,0x53,0x42,0x5f,0x49,0x4a,0x4c,0x69,
0x31,0x31,0x45,0x4c,0x69,0x31,0x32,0x45,0x4c,0x69,0x31,0x33,0x45,0x45,0x45,0x45,
0x45,0x45,0x45,0x4e,0x53,0x42,0x5f,0x49,0x4a,0x4c,0x69,0x37,0x45,0x4c,0x69,0x31,
0x31,0x45,0x4c,0x69,0x31,0x32,0x45,0x4c,0x69,0x38,0x45,0x4c,0x69,0x39,0x45,0x4c,
0x69,0x31,0x33,0x45,0x4c,0x69,0x31,0x30,0x45,0x45,0x45,0x45,0x78,0x45,0x45,0x4e,
0x53,0x4e,0x5f,0x49,0x4e,0x53,0x34,0x5f,0x49,0x4a,0x53,0x51,0x5f,0x53,0x54,0x5f,
0x53,0x54,0x5f,0x53,0x56,0x5f,0x53,0x56,0x5f,0x4e,0x53,0x57,0x5f,0x49,0x4e,0x53,
0x34,0x5f,0x49,0x4a,0x69,0x53,0x31,0x30,0x5f,0x45,0x45,0x45,0x4c,0x62,0x30,0x45,
0x45,0x45,0x4e,0x53,0x5f,0x31,0x31,0x50,0x61,0x73,0x73,0x54,0x68,0x72,0x6f,0x75,
0x67,0x68,0x49,0x69,0x45,0x45,0x45,0x45,0x45,0x53,0x31,0x46,0x5f,0x4e,0x53,0x34,
0x5f,0x49,0x4a,0x53,0x31,0x47,0x5f,0x53,0x31,0x42,0x5f,0x53,0x31,0x43,0x5f,0x53,
0x31,0x45,0x5f,0x53,0x31,0x44,0x5f,0x4e,0x53,0x42,0x5f,0x49,0x4a,0x4c,0x69,0x37,
0x45,0x4c,0x69,0x38,0x45,0x45,0x45,0x45,0x4e,0x53,0x42,0x5f,0x49,0x4a,0x4c,0x69,
0x39,0x45,0x45,0x45,0x45,0x45,0x45,0x45,0x4e,0x53,0x42,0x5f,0x49,0x4a,0x4c,0x69,
0x37,0x45,0x4c,0x69,0x39,0x45,0x4c,0x69,0x38,0x45,0x45,0x45,0x45,0x78,0x45,0x45,
0x53,0x31,0x56,0x5f,0x4e,0x53,0x4e,0x5f,0x49,0x4e,0x53,0x34,0x5f,0x49,0x4a,0x53,
0x51,0x5f,0x53,0x54,0x5f,0x53,0x54,0x5f,0x53,0x56,0x5f,0x53,0x56,0x5f,0x45,0x45,
0x45,0x4e,0x53,0x34,0x5f,0x49,0x4a,0x53,0x31,0x38,0x5f,0x53,0x31,0x39,0x5f,0x53,
0x31,0x41,0x5f,0x53,0x31,0x42,0x5f,0x53,0x31,0x43,0x5f,0x45,0x45,0x45,0x4e,0x53,
0x34,0x5f,0x49,0x4a,0x53,0x31,0x47,0x5f,0x53,0x31,0x42,0x5f,0x53,0x31,0x43,0x5f,
0x53,0x31,0x45,0x5f,0x53,0x31,0x44,0x5f,0x45,0x45,0x45,0x4e,0x53,0x42,0x5f,0x49,
0x4a,0x4c,0x69,0x35,0x45,0x4c,0x69,0x36,0x45,0x45,0x45,0x45,0x78,0x45,0x45,0x4c,
0x69,0x36,0x34,0x45,0x4c,0x69,0x31,0x32,0x38,0x45,0x4c,0x69,0x38,0x30,0x45,0x4c,
0x69,0x38,0x45,0x4c,0x69,0x38,0x45,0x4c,0x69,0x38,0x30,0x45,0x4c,0x69,0x36,0x34,
0x45,0x4c,0x69,0x38,0x45,0x4c,0x69,0x31,0x36,0x45,0x4c,0x69,0x31,0x36,0x45,0x4c,
0x69,0x31,0x36,0x45,0x4c,0x69,0x31,0x45,0x4c,0x69,0x38,0x45,0x4c,0x69,0x35,0x45,
0x4c,0x69,0x31,0x32,0x38,0x45,0x53,0x43,0x5f,0x53,0x44,0x5f,0x53,0x44,0x5f,0x4c,
0x69,0x32,0x45,0x4c,0x69,0x38,0x45,0x4c,0x69,0x38,0x45,0x4c,0x62,0x31,0x45,0x4c,
0x62,0x30,0x45,0x4c,0x62,0x31,0x45,0x53,0x43,0x5f,0x53,0x44,0x5f,0x53,0x44,0x5f,
0x4c,0x69,0x32,0x45,0x4c,0x69,0x38,0x45,0x4c,0x69,0x38,0x45,0x4c,0x62,0x31,0x45,
0x4c,0x62,0x31,0x45,0x4c,0x62,0x31,0x45,0x53,0x45,0x5f,0x53,0x46,0x5f,0x53,0x46,
0x5f,0x4c,0x69,0x31,0x45,0x4c,0x69,0x32,0x45,0x4c,0x69,0x31,0x45,0x4c,0x62,0x30,
0x45,0x4c,0x62,0x31,0x45,0x4c,0x62,0x30,0x45,0x4c,0x69,0x31,0x45,0x4c,0x69,0x31,
0x45,0x53,0x47,0x5f,0x4c,0x69,0x38,0x45,0x4c,0x62,0x31,0x45,0x4c,0x62,0x30,0x45,
0x4c,0x69,0x31,0x45,0x4c,0x53,0x49,0x5f,0x30,0x45,0x4c,0x53,0x4a,0x5f,0x30,0x45,
0x45,0x45,0x44,0x46,0x31,0x36,0x5f,0x44,0x46,0x31,0x36,0x5f,0x44,0x46,0x31,0x36,
0x5f,0x44,0x46,0x31,0x36,0x5f,0x53,0x37,0x5f,0x53,0x37,0x5f,0x53,0x38,0x5f,0x53,
0x37,0x5f,0x53,0x37,0x5f,0x4c,0x62,0x30,0x45,0x45,0x45,0x76,0x50,0x50,0x4b,0x54,
0x31,0x5f,0x50,0x50,0x4b,0x54,0x32,0x5f,0x50,0x50,0x4b,0x54,0x33,0x5f,0x50,0x50,
0x54,0x34,0x5f,0x69,0x69,0x69,0x69,0x69,0x69,0x69,0x66,0x2e,0x6e,0x75,0x6d,0x62,
0x65,0x72,0x65,0x64,0x5f,0x73,0x67,0x70,0x72,0x00,0x5f,0x5a,0x4e,0x32,0x63,0x6b,
0x31,0x36,0x74,0x65,0x6e,0x73,0x6f,0x72,0x5f,0x6f,0x70,0x65,0x72,0x61,0x74,0x69,
0x6f,0x6e,0x36,0x64,0x65,0x76,0x69,0x63,0x65,0x34,0x34,0x6b,0x65,0x72,0x6e,0x65,
0x6c,0x5f,0x67,0x72,0x6f,0x75,0x70,0x65,0x64,0x5f,0x71,0x75,0x65,0x72,0x79,0x5f,
0x61,0x74,0x74,0x65,0x6e,0x74,0x69,0x6f,0x6e,0x5f,0x77,0x6d,0x6d,0x61,0x5f,0x75,
0x6e,0x70,0x61,0x63,0x6b,0x65,0x64,0x49,0x4e,0x53,0x31,0x5f,0x33,0x39,0x44,0x65,
0x76,0x69,0x63,0x65,0x47,0x72,0x6f,0x75,0x70,0x65,0x64,0x51,0x75,0x65,0x72,0x79,
0x41,0x74,0x74,0x65,0x6e,0x74,0x69,0x6f,0x6e,0x46,0x6f,0x72,0x77,0x61,0x72,0x64,
0x5f,0x57,0x6d,0x6d,0x61,0x49,0x4c,0x69,0x32,0x45,0x4c,0x69,0x31,0x45,0x4c,0x69,
0x31,0x45,0x4c,0x69,0x31,0x45,0x4c,0x69,0x31,0x45,0x44,0x46,0x31,0x36,0x5f,0x44,
0x46,0x31,0x36,0x5f,0x44,0x46,0x31,0x36,0x5f,0x44,0x46,0x31,0x36,0x5f,0x4e,0x53,
0x5f,0x35,0x54,0x75,0x70,0x6c,0x65,0x49,0x4a,0x45,0x45,0x45,0x66,0x53,0x35,0x5f,
0x66,0x66,0x4e,0x53,0x30,0x5f,0x31,0x32,0x65,0x6c,0x65,0x6d,0x65,0x6e,0x74,0x5f,
0x77,0x69,0x73,0x65,0x31,0x31,0x50,0x61,0x73,0x73,0x54,0x68,0x72,0x6f,0x75,0x67,
0x68,0x45,0x53,0x37,0x5f,0x4e,0x53,0x36,0x5f,0x35,0x53,0x63,0x61,0x6c,0x65,0x45,
0x53,0x37,0x5f,0x53,0x37,0x5f,0x4c,0x4e,0x53,0x31,0x5f,0x31,0x38,0x47,0x65,0x6d,
0x6d,0x53,0x70,0x65,0x63,0x69,0x61,0x6c,0x69,0x7a,0x61,0x74,0x69,0x6f,0x6e,0x45,
0x31,0x35,0x45,0x4c,0x4e,0x53,0x31,0x5f,0x32,0x30,0x54,0x65,0x6e,0x73,0x6f,0x72,
0x53,0x70,0x65,0x63,0x69,0x61,0x6c,0x69,0x7a,0x61,0x74,0x69,0x6f,0x6e,0x45,0x30,
0x45,0x4c,0x53,0x41,0x5f,0x30,0x45,0x4c,0x53,0x41,0x5f,0x30,0x45,0x4c,0x53,0x41,
0x5f,0x30,0x45,0x4c,0x69,0x31,0x45,0x4c,0x69,0x31,0x32,0x38,0x45,0x4c,0x69,0x36,
0x34,0x45,0x4c,0x69,0x31,0x32,0x38,0x45,0x4c,0x69,0x38,0x30,0x45,0x4c,0x69,0x38,
0x45,0x4c,0x69,0x38,0x45,0x4c,0x69,0x38,0x30,0x45,0x4c,0x69,0x36,0x34,0x45,0x4c,
0x69,0x38,0x45,0x4c,0x69,0x31,0x36,0x45,0x4c,0x69,0x31,0x36,0x45,0x4c,0x69,0x31,
0x36,0x45,0x4c,0x69,0x31,0x45,0x4c,0x69,0x38,0x45,0x4c,0x69,0x35,0x45,0x4e,0x53,
0x5f,0x38,0x53,0x65,0x71,0x75,0x65,0x6e,0x63,0x65,0x49,0x4a,0x4c,0x69,0x32,0x45,
0x4c,0x69,0x36,0x34,0x45,0x4c,0x69,0x31,0x45,0x45,0x45,0x45,0x4e,0x53,0x42,0x5f,
0x49,0x4a,0x4c,0x69,0x31,0x45,0x4c,0x69,0x30,0x45,0x4c,0x69,0x32,0x45,0x45,0x45,
0x45,0x53,0x44,0x5f,0x4c,0x69,0x32,0x45,0x4c,0x69,0x38,0x45,0x4c,0x69,0x38,0x45,
0x4c,0x62,0x31,0x45,0x53,0x43,0x5f,0x53,0x44,0x5f,0x53,0x44,0x5f,0x4c,0x69,0x32,
0x45,0x4c,0x69,0x38,0x45,0x4c,0x69,0x38,0x45,0x4c,0x62,0x31,0x45,0x4e,0x53,0x42,
0x5f,0x49,0x4a,0x4c,0x69,0x32,0x45,0x4c,0x69,0x38,0x45,0x4c,0x69,0x38,0x45,0x45,
0x45,0x45,0x4e,0x53,0x42,0x5f,0x49,0x4a,0x4c,0x69,0x30,0x45,0x4c,0x69,0x32,0x45,
0x4c,0x69,0x31,0x45,0x45,0x45,0x45,0x53,0x46,0x5f,0x4c,0x69,0x31,0x45,0x4c,0x69,
0x32,0x45,0x4c,0x69,0x31,0x45,0x4c,0x62,0x30,0x45,0x4c,0x69,0x31,0x45,0x4c,0x69,
0x31,0x45,0x4e,0x53,0x42,0x5f,0x49,0x4a,0x4c,0x69,0x31,0x45,0x4c,0x69,0x36,0x34,
0x45,0x4c,0x69,0x31,0x45,0x4c,0x69,0x32,0x45,0x45,0x45,0x45,0x4c,0x69,0x38,0x45,
0x4c,0x4e,0x53,0x31,0x5f,0x32,0x31,0x4d,0x61,0x73,0x6b,0x69,0x6e,0x67,0x53,0x70,
0x65,0x63,0x69,0x61,0x6c,0x69,0x7a,0x61,0x74,0x69,0x6f,0x6e,0x45,0x30,0x45,0x4c,
0x4e,0x53,0x5f,0x31,0x33,0x4c,0x6f,0x6f,0x70,0x53,0x63,0x68,0x65,0x64,0x75,0x6c,
0x65,0x72,0x45,0x30,0x45,0x4c,0x4e,0x53,0x5f,0x31,0x35,0x50,0x69,0x70,0x65,0x6c,
0x69,0x6e,0x65,0x56,0x65,0x72,0x73,0x69,0x6f,0x6e,0x45,0x30,0x45,0x45,0x45,0x4e,
0x53,0x5f,0x33,0x35,0x47,0x72,0x69,0x64,0x77,0x69,0x73,0x65,0x42,0x61,0x74,0x63,
0x68,0x65,0x64,0x47,0x65,0x6d,0x6d,0x53,0x6f,0x66,0x74,0x6d,0x61,0x78,0x47,0x65,
0x6d,0x6d,0x5f,0x57,0x6d,0x6d,0x61,0x49,0x44,0x46,0x31,0x36,0x5f,0x44,0x46,0x31,
0x36,0x5f,0x66,0x44,0x46,0x31,0x36,0x5f,0x66,0x66,0x44,0x46,0x31,0x36,0x5f,0x53,
0x37,0x5f,0x53,0x37,0x5f,0x53,0x38,0x5f,0x53,0x37,0x5f,0x53,0x37,0x5f,0x4c,0x4e,
0x53,0x5f,0x32,0x35,0x49,0x6e,0x4d,0x65,0x6d,0x6f,0x72,0x79,0x44,0x61,0x74,0x61,
0x4f,0x70,0x65,0x72,0x61,0x74,0x69,0x6f,0x6e,0x45,0x6e,0x75,0x6d,0x45,0x30,0x45,
0x4e,0x53,0x5f,0x31,0x36,0x54,0x65,0x6e,0x73,0x6f,0x72,0x44,0x65,0x73,0x63,0x72,
0x69,0x70,0x74,0x6f,0x72,0x49,0x4e,0x53,0x34,0x5f,0x49,0x4a,0x4e,0x53,0x5f,0x35,
0x45,0x6d,0x62,0x65,0x64,0x49,0x4e,0x53,0x34,0x5f,0x49,0x4a,0x69,0x69,0x45,0x45,
0x45,0x53,0x50,0x5f,0x4c,0x62,0x30,0x45,0x45,0x45,0x4e,0x53,0x5f,0x32,0x33,0x4d,
0x65,0x72,0x67,0x65,0x5f,0x76,0x32,0x5f,0x6d,0x61,0x67,0x69,0x63,0x5f,0x64,0x69,
0x76,0x69,0x73,0x69,0x6f,0x6e,0x49,0x4e,0x53,0x34,0x5f,0x49,0x4a,0x69,0x45,0x45,
0x45,0x45,0x45,0x53,0x54,0x5f,0x4e,0x53,0x5f,0x38,0x52,0x69,0x67,0x68,0x74,0x50,
0x61,0x64,0x49,0x69,0x69,0x4c,0x62,0x30,0x45,0x45,0x45,0x53,0x56,0x5f,0x4e,0x53,
0x5f,0x37,0x55,0x6e,0x4d,0x65,0x72,0x67,0x65,0x49,0x4e,0x53,0x34,0x5f,0x49,0x4a,
0x69,0x4e,0x53,0x5f,0x31,0x37,0x69,0x6e,0x74,0x65,0x67,0x72,0x61,0x6c,0x5f,0x63,
0x6f,0x6e,0x73,0x74,0x61,0x6e,0x74,0x49,0x69,0x4c,0x69,0x31,0x45,0x45,0x45,0x4e,
0x53,0x58,0x5f,0x49,0x69,0x4c,0x69,0x32,0x45,0x45,0x45,0x4e,0x53,0x58,0x5f,0x49,
0x69,0x4c,0x69,0x38,0x45,0x45,0x45,0x45,0x45,0x45,0x4c,0x62,0x30,0x45,0x45,0x45,
0x4e,0x53,0x57,0x5f,0x49,0x4e,0x53,0x34,0x5f,0x49,0x4a,0x69,0x4e,0x53,0x58,0x5f,
0x49,0x69,0x4c,0x69,0x34,0x45,0x45,0x45,0x4e,0x53,0x58,0x5f,0x49,0x69,0x4c,0x69,
0x31,0x36,0x45,0x45,0x45,0x45,0x45,0x45,0x4c,0x62,0x30,0x45,0x45,0x45,0x45,0x45,
0x45,0x4e,0x53,0x34,0x5f,0x49,0x4a,0x4e,0x53,0x42,0x5f,0x49,0x4a,0x4c,0x69,0x30,
0x45,0x45,0x45,0x45,0x4e,0x53,0x42,0x5f,0x49,0x4a,0x4c,0x69,0x31,0x45,0x45,0x45,
0x45,0x4e,0x53,0x42,0x5f,0x49,0x4a,0x4c,0x69,0x32,0x45,0x45,0x45,0x45,0x4e,0x53,
0x42,0x5f,0x49,0x4a,0x4c,0x69,0x33,0x45,0x45,0x45,0x45,0x4e,0x53,0x42,0x5f,0x49,
0x4a,0x4c,0x69,0x34,0x45,0x45,0x45,0x45,0x4e,0x53,0x42,0x5f,0x49,0x4a,0x4c,0x69,
0x36,0x45,0x45,0x45,0x45,0x4e,0x53,0x42,0x5f,0x49,0x4a,0x4c,0x69,0x35,0x45,0x45,
0x45,0x45,0x45,0x45,0x45,0x4e,0x53,0x34,0x5f,0x49,0x4a,0x4e,0x53,0x42,0x5f,0x49,
0x4a,0x4c,0x69,0x31,0x45,0x4c,0x69,0x32,0x45,0x45,0x45,0x45,0x53,0x31,0x42,0x5f,
0x53,0x31,0x43,0x5f,0x53,0x31,0x45,0x5f,0x53,0x31,0x44,0x5f,0x4e,0x53,0x42,0x5f,
0x49,0x4a,0x4c,0x69,0x37,0x45,0x4c,0x69,0x38,0x45,0x4c,0x69,0x39,0x45,0x4c,0x69,
0x31,0x30,0x45,0x45,0x45,0x45,0x4e,0x53,0x42,0x5f,0x49,0x4a,0x4c,0x69,0x31,0x31,
0x45,0x4c,0x69,0x31,0x32,0x45,0x4c,0x69,0x31,0x33,0x45,0x45,0x45,0x45,0x45,0x45,
0x45,0x4e,0x53,0x42,0x5f,0x49,0x4a,0x4c,0x69,0x37,0x45,0x4c,0x69,0x31,0x31,0x45,
0x4c,0x69,0x31,0x32,0x45,0x4c,0x69,0x38,0x45,0x4c,0x69,0x39,0x45,0x4c,0x69,0x31,
0x33,0x45,0x4c,0x69,0x31,0x30,0x45,0x45,0x45,0x45,0x78,0x45,0x45,0x4e,0x53,0x4e,
0x5f,0x49,0x4e,0x53,0x34,0x5f,0x49,0x4a,0x53,0x51,0x5f,0x53,0x54,0x5f,0x53,0x54,
0x5f,0x53,0x56,0x5f,0x53,0x56,0x5f,0x4e,0x53,0x57,0x5f,0x49,0x4e,0x53,0x34,0x5f,
0x49,0x4a,0x69,0x53,0x31,0x30,0x5f,0x45,0x45,0x45,0x4c,0x62,0x30,0x45,0x45,0x45,
0x4e,0x53,0x5f,0x31,0x31,0x50,0x61,0x73,0x73,0x54,0x68,0x72,0x6f,0x75,0x67,0x68,
0x49,0x69,0x45,0x45,0x45,0x45,0x45,0x53,0x31,0x46,0x5f,0x4e,0x53,0x34,0x5f,0x49,
0x4a,0x53,0x31,0x47,0x5f,0x53,0x31,0x42,0x5f,0x53,0x31,0x43,0x5f,0x53,0x31,0x45,
0x5f,0x53,0x31,0x44,0x5f,0x4e,0x53,0x42,0x5f,0x49,0x4a,0x4c,0x69,0x37,0x45,0x4c,
0x69,0x38,0x45,0x45,0x45,0x45,0x4e,0x53,0x42,0x5f,0x49,0x4a,0x4c,0x69,0x39,0x45,
0x45,0x45,0x45,0x45,0x45,0x45,0x4e,0x53,0x42,0x5f,0x49,0x4a,0x4c,0x69,0x37,0x45,
0x4c,0x69,0x39,0x45,0x4c,0x69,0x38,0x45,0x45,0x45,0x45,0x78,0x45,0x45,0x53,0x31,
0x56,0x5f,0x4e,0x53,0x4e,0x5f,0x49,0x4e,0x53,0x34,0x5f,0x49,0x4a,0x53,0x51,0x5f,
0x53,0x54,0x5f,0x53,0x54,0x5f,0x53,0x56,0x5f,0x53,0x56,0x5f,0x45,0x45,0x45,0x4e,
0x53,0x34,0x5f,0x49,0x4a,0x53,0x31,0x38,0x5f,0x53,0x31,0x39,0x5f,0x53,0x31,0x41,
0x5f,0x53,0x31,0x42,0x5f,0x53,0x31,0x43,0x5f,0x45,0x45,0x45,0x4e,0x53,0x34,0x5f,
0x49,0x4a,0x53,0x31,0x47,0x5f,0x53,0x31,0x42,0x5f,0x53,0x31,0x43,0x5f,0x53,0x31,
0x45,0x5f,0x53,0x31,0x44,0x5f,0x45,0x45,0x45,0x4e,0x53,0x42,0x5f,0x49,0x4a,0x4c,
0x69,0x35,0x45,0x4c,0x69,0x36,0x45,0x45,0x45,0x45,0x78,0x45,0x45,0x4c,0x69,0x36,
0x34,0x45,0x4c,0x69,0x31,0x32,0x38,0x45,0x4c,0x69,0x38,0x30,0x45,0x4c,0x69,0x38,
0x45,0x4c,0x69,0x38,0x45,0x4c,0x69,0x38,0x30,0x45,0x4c,0x69,0x36,0x34,0x45,0x4c,
0x69,0x38,0x45,0x4c,0x69,0x31,0x36,0x45,0x4c,0x69,0x31,0x36,0x45,0x4c,0x69,0x31,
0x36,0x45,0x4c,0x69,0x31,0x45,0x4c,0x69,0x38,0x45,0x4c,0x69,0x35,0x45,0x4c,0x69,
0x31,0x32,0x38,0x45,0x53,0x43,0x5f,0x53,0x44,0x5f,0x53,0x44,0x5f,0x4c,0x69,0x32,
0x45,0x4c,0x69,0x38,0x45,0x4c,0x69,0x38,0x45,0x4c,0x62,0x31,0x45,0x4c,0x62,0x30,
0x45,0x4c,0x62,0x31,0x45,0x53,0x43,0x5f,0x53,0x44,0x5f,0x53,0x44,0x5f,0x4c,0x69,
0x32,0x45,0x4c,0x69,0x38,0x45,0x4c,0x69,0x38,0x45,0x4c,0x62,0x31,0x45,0x4c,0x62,
0x31,0x45,0x4c,0x62,0x31,0x45,0x53,0x45,0x5f,0x53,0x46,0x5f,0x53,0x46,0x5f,0x4c,
0x69,0x31,0x45,0x4c,0x69,0x32,0x45,0x4c,0x69,0x31,0x45,0x4c,0x62,0x30,0x45,0x4c,
0x62,0x31,0x45,0x4c,0x62,0x30,0x45,0x4c,0x69,0x31,0x45,0x4c,0x69,0x31,0x45,0x53,
0x47,0x5f,0x4c,0x69,0x38,0x45,0x4c,0x62,0x31,0x45,0x4c,0x62,0x30,0x45,0x4c,0x69,
0x31,0x45,0x4c,0x53,0x49,0x5f,0x30,0x45,0x4c,0x53,0x4a,0x5f,0x30,0x45,0x45,0x45,
0x44,0x46,0x31,0x36,0x5f,0x44,0x46,0x31,0x36,0x5f,0x44,0x46,0x31,0x36,0x5f,0x44,
0x46,0x31,0x36,0x5f,0x53,0x37,0x5f,0x53,0x37,0x5f,0x53,0x38,0x5f,0x53,0x37,0x5f,
0x53,0x37,0x5f,0x4c,0x62,0x30,0x45,0x45,0x45,0x76,0x50,0x50,0x4b,0x54,0x31,0x5f,
0x50,0x50,0x4b,0x54,0x32,0x5f,0x50,0x50,0x4b,0x54,0x33,0x5f,0x50,0x50,0x54,0x34,
0x5f,0x69,0x69,0x69,0x69,0x69,0x69,0x69,0x66,0x2e,0x70,0x72,0x69,0x76,0x61,0x74,
0x65,0x5f,0x73,0x65,0x67,0x5f,0x73,0x69,0x7a,0x65,0x00,0x5f,0x5a,0x4e,0x32,0x63,
0x6b,0x31,0x36,0x74,0x65,0x6e,0x73,0x6f,0x72,0x5f,0x6f,0x70,0x65,0x72,0x61,0x74,
0x69,0x6f,0x6e,0x36,0x64,0x65,0x76,0x69,0x63,0x65,0x34,0x34,0x6b,0x65,0x72,0x6e,
0x65,0x6c,0x5f,0x67,0x72,0x6f,0x75,0x70,0x65,0x64,0x5f,0x71,0x75,0x65,0x72,0x79,
0x5f,0x61,0x74,0x74,0x65,0x6e,0x74,0x69,0x6f,0x6e,0x5f,0x77,0x6d,0x6d,0x61,0x5f,
0x75,0x6e,0x70,0x61,0x63,0x6b,0x65,0x64,0x49,0x4e,0x53,0x31,0x5f,0x33,0x39,0x44,
0x65,0x76,0x69,0x63,0x65,0x47,0x72,0x6f,0x75,0x70,0x65,0x64,0x51,0x75,0x65,0x72,
0x79,0x41,0x74,0x74,0x65,0x6e,0x74,0x69,0x6f,0x6e,0x46,0x6f,0x72,0x77,0x61,0x72,
0x64,0x5f,0x57,0x6d,0x6d,0x61,0x49,0x4c,0x69,0x32,0x45,0x4c,0x69,0x31,0x45,0x4c,
0x69,0x31,0x45,0x4c,0x69,0x31,0x45,0x4c,0x69,0x31,0x45,0x44,0x46,0x31,0x36,0x5f,
0x44,0x46,0x31,0x36,0x5f,0x44,0x46,0x31,0x36,0x5f,0x44,0x46,0x31,0x36,0x5f,0x4e,
0x53,0x5f,0x35,0x54,0x75,0x70,0x6c,0x65,0x49,0x4a,0x45,0x45,0x45,0x66,0x53,0x35,
0x5f,0x66,0x66,0x4e,0x53,0x30,0x5f,0x31,0x32,0x65,0x6c,0x65,0x6d,0x65,0x6e,0x74,
0x5f,0x77,0x69,0x73,0x65,0x31,0x31,0x50,0x61,0x73,0x73,0x54,0x68,0x72,0x6f,0x75,
0x67,0x68,0x45,0x53,0x37,0x5f,0x4e,0x53,0x36,0x5f,0x35,0x53,0x63,0x61,0x6c,0x65,
0x45,0x53,0x37,0x5f,0x53,0x37,0x5f,0x4c,0x4e,0x53,0x31,0x5f,0x31,0x38,0x47,0x65,
0x6d,0x6d,0x53,0x70,0x65,0x63,0x69,0x61,0x6c,0x69,0x7a,0x61,0x74,0x69,0x6f,0x6e,
0x45,0x31,0x35,0x45,0x4c,0x4e,0x53,0x31,0x5f,0x32,0x30,0x54,0x65,0x6e,0x73,0x6f,
0x72,0x53,0x70,0x65,0x63,0x69,0x61,0x6c,0x69,0x7a,0x61,0x74,0x69,0x6f,0x6e,0x45,
0x30,0x45,0x4c,0x53,0x41,0x5f,0x30,0x45,0x4c,0x53,0x41,0x5f,0x30,0x45,0x4c,0x53,
0x41,0x5f,0x30,0x45,0x4c,0x69,0x31,0x45,0x4c,0x69,0x31,0x32,0x38,0x45,0x4c,0x69,
0x36,0x34,0x45,0x4c,0x69,0x31,0x32,0x38,0x45,0x4c,0x69,0x38,0x30,0x45,0x4c,0x69,
0x38,0x45,0x4c,0x69,0x38,0x45,0x4c,0x69,0x38,0x30,0x45,0x4c,0x69,0x36,0x34,0x45,
0x4c,0x69,0x38,0x45,0x4c,0x69,0x31,0x36,0x45,0x4c,0x69,0x31,0x36,0x45,0x4c,0x69,
0x31,0x36,0x45,0x4c,0x69,0x31,0x45,0x4c,0x69,0x38,0x45,0x4c,0x69,0x35,0x45,0x4e,
0x53,0x5f,0x38,0x53,0x65,0x71,0x75,0x65,0x6e,0x63,0x65,0x49,0x4a,0x4c,0x69,0x32,
0x45,0x4c,0x69,0x36,0x34,0x45,0x4c,0x69,0x31,0x45,0x45,0x45,0x45,0x4e,0x53,0x42,
0x5f,0x49,0x4a,0x4c,0x69,0x31,0x45,0x4c,0x69,0x30,0x45,0x4c,0x69,0x32,0x45,0x45,
0x45,0x45,0x53,0x44,0x5f,0x4c,0x69,0x32,0x45,0x4c,0x69,0x38,0x45,0x4c,0x69,0x38,
0x45,0x4c,0x62,0x31,0x45,0x53,0x43,0x5f,0x53,0x44,0x5f,0x53,0x44,0x5f,0x4c,0x69,
0x32,0x45,0x4c,0x69,0x38,0x45,0x4c,0x69,0x38,0x45,0x4c,0x62,0x31,0x45,0x4e,0x53,
0x42,0x5f,0x49,0x4a,0x4c,0x69,0x32,0x45,0x4c,0x69,0x38,0x45,0x4c,0x69,0x38,0x45,
0x45,0x45,0x45,0x4e,0x53,0x42,0x5f,0x49,0x4a,0x4c,0x69,0x30,0x45,0x4c,0x69,0x32,
0x45,0x4c,0x69,0x31,0x45,0x45,0x45,0x45,0x53,0x46,0x5f,0x4c,0x69,0x31,0x45,0x4c,
0x69,0x32,0x45,0x4c,0x69,0x31,0x45,0x4c,0x62,0x30,0x45,0x4c,0x69,0x31,0x45,0x4c,
0x69,0x31,0x45,0x4e,0x53,0x42,0x5f,0x49,0x4a,0x4c,0x69,0x31,0x45,0x4c,0x69,0x36,
0x34,0x45,0x4c,0x69,0x31,0x45,0x4c,0x69,0x32,0x45,0x45,0x45,0x45,0x4c,0x69,0x38,
0x45,0x4c,0x4e,0x53,0x31,0x5f,0x32,0x31,0x4d,0x61,0x73,0x6b,0x69,0x6e,0x67,0x53,
0x70,0x65,0x63,0x69,0x61,0x6c,0x69,0x7a,0x61,0x74,0x69,0x6f,0x6e,0x45,0x30,0x45,
0x4c,0x4e,0x53,0x5f,0x31,0x33,0x4c,0x6f,0x6f,0x70,0x53,0x63,0x68,0x65,0x64,0x75,
0x6c,0x65,0x72,0x45,0x30,0x45,0x4c,0x4e,0x53,0x5f,0x31,0x35,0x50,0x69,0x70,0x65,
0x6c,0x69,0x6e,0x65,0x56,0x65,0x72,0x73,0x69,0x6f,0x6e,0x45,0x30,0x45,0x45,0x45,
0x4e,0x53,0x5f,0x33,0x35,0x47,0x72,0x69,0x64,0x77,0x69,0x73,0x65,0x42,0x61,0x74,
0x63,0x68,0x65,0x64,0x47,0x65,0x6d,0x6d,0x53,0x6f,0x66,0x74,0x6d,0x61,0x78,0x47,
0x65,0x6d,0x6d,0x5f,0x57,0x6d,0x6d,0x61,0x49,0x44,0x46,0x31,0x36,0x5f,0x44,0x46,
0x31,0x36,0x5f,0x66,0x44,0x46,0x31,0x36,0x5f,0x66,0x66,0x44,0x46,0x31,0x36,0x5f,
0x53,0x37,0x5f,0x53,0x37,0x5f,0x53,0x38,0x5f,0x53,0x37,0x5f,0x53,0x37,0x5f,0x4c,
0x4e,0x53,0x5f,0x32,0x35,0x49,0x6e,0x4d,0x65,0x6d,0x6f,0x72,0x79,0x44,0x61,0x74,
0x61,0x4f,0x70,0x65,0x72,0x61,0x74,0x69,0x6f,0x6e,0x45,0x6e,0x75,0x6d,0x45,0x30,
0x45,0x4e,0x53,0x5f,0x31,0x36,0x54,0x65,0x6e,0x73,0x6f,0x72,0x44,0x65,0x73,0x63,
0x72,0x69,0x70,0x74,0x6f,0x72,0x49,0x4e,0x53,0x34,0x5f,0x49,0x4a,0x4e,0x53,0x5f,
0x35,0x45,0x6d,0x62,0x65,0x64,0x49,0x4e,0x53,0x34,0x5f,0x49,0x4a,0x69,0x69,0x45,
0x45,0x45,0x53,0x50,0x5f,0x4c,0x62,0x30,0x45,0x45,0x45,0x4e,0x53,0x5f,0x32,0x33,
0x4d,0x65,0x72,0x67,0x65,0x5f,0x76,0x32,0x5f,0x6d,0x61,0x67,0x69,0x63,0x5f,0x64,
0x69,0x76,0x69,0x73,0x69,0x6f,0x6e,0x49,0x4e,0x53,0x34,0x5f,0x49,0x4a,0x69,0x45,
0x45,0x45,0x45,0x45,0x53,0x54,0x5f,0x4e,0x53,0x5f,0x38,0x52,0x69,0x67,0x68,0x74,
0x50,0x61,0x64,0x49,0x69,0x69,0x4c,0x62,0x30,0x45,0x45,0x45,0x53,0x56,0x5f,0x4e,
0x53,0x5f,0x37,0x55,0x6e,0x4d,0x65,0x72,0x67,0x65,0x49,0x4e,0x53,0x34,0x5f,0x49,
0x4a,0x69,0x4e,0x53,0x5f,0x31,0x37,0x69,0x6e,0x74,0x65,0x67,0x72,0x61,0x6c,0x5f,
0x63,0x6f,0x6e,0x73,0x74,0x61,0x6e,0x74,0x49,0x69,0x4c,0x69,0x31,0x45,0x45,0x45,
0x4e,0x53,0x58,0x5f,0x49,0x69,0x4c,0x69,0x32,0x45,0x45,0x45,0x4e,0x53,0x58,0x5f,
0x49,0x69,0x4c,0x69,0x38,0x45,0x45,0x45,0x45,0x45,0x45,0x4c,0x62,0x30,0x45,0x45,
0x45,0x4e,0x53,0x57,0x5f,0x49,0x4e,0x53,0x34,0x5f,0x49,0x4a,0x69,0x4e,0x53,0x58,
0x5f,0x49,0x69,0x4c,0x69,0x34,0x45,0x45,0x45,0x4e,0x53,0x58,0x5f,0x49,0x69,0x4c,
0x69,0x31,0x36,0x45,0x45,0x45,0x45,0x45,0x45,0x4c,0x62,0x30,0x45,0x45,0x45,0x45,
0x45,0x45,0x4e,0x53,0x34,0x5f,0x49,0x4a,0x4e,0x53,0x42,0x5f,0x49,0x4a,0x4c,0x69,
0x30,0x45,0x45,0x45,0x45,0x4e,0x53,0x42,0x5f,0x49,0x4a,0x4c,0x69,0x31,0x45,0x45,
0x45,0x45,0x4e,0x53,0x42,0x5f,0x49,0x4a,0x4c,0x69,0x32,0x45,0x45,0x45,0x45,0x4e,
0x53,0x42,0x5f,0x49,0x4a,0x4c,0x69,0x33,0x45,0x45,0x45,0x45,0x4e,0x53,0x42,0x5f,
0x49,0x4a,0x4c,0x69,0x34,0x45,0x45,0x45,0x45,0x4e,0x53,0x42,0x5f,0x49,0x4a,0x4c,
0x69,0x36,0x45,0x45,0x45,0x45,0x4e,0x53,0x42,0x5f,0x49,0x4a,0x4c,0x69,0x35,0x45,
0x45,0x45,0x45,0x45,0x45,0x45,0x4e,0x53,0x34,0x5f,0x49,0x4a,0x4e,0x53,0x42,0x5f,
0x49,0x4a,0x4c,0x69,0x31,0x45,0x4c,0x69,0x32,0x45,0x45,0x45,0x45,0x53,0x31,0x42,
0x5f,0x53,0x31,0x43,0x5f,0x53,0x31,0x45,0x5f,0x53,0x31,0x44,0x5f,0x4e,0x53,0x42,
0x5f,0x49,0x4a,0x4c,0x69,0x37,0x45,0x4c,0x69,0x38,0x45,0x4c,0x69,0x39,0x45,0x4c,
0x69,0x31,0x30,0x45,0x45,0x45,0x45,0x4e,0x53,0x42,0x5f,0x49,0x4a,0x4c,0x69,0x31,
0x31,0x45,0x4c,0x69,0x31,0x32,0x45,0x4c,0x69,0x31,0x33,0x45,0x45,0x45,0x45,0x45,
0x45,0x45,0x4e,0x53,0x42,0x5f,0x49,0x4a,0x4c,0x69,0x37,0x45,0x4c,0x69,0x31,0x31,
0x45,0x4c,0x69,0x31,0x32,0x45,0x4c,0x69,0x38,0x45,0x4c,0x69,0x39,0x45,0x4c,0x69,
0x31,0x33,0x45,0x4c,0x69,0x31,0x30,0x45,0x45,0x45,0x45,0x78,0x45,0x45,0x4e,0x53,
0x4e,0x5f,0x49,0x4e,0x53,0x34,0x5f,0x49,0x4a,0x53,0x51,0x5f,0x53,0x54,0x5f,0x53,
0x54,0x5f,0x53,0x56,0x5f,0x53,0x56,0x5f,0x4e,0x53,0x57,0x5f,0x49,0x4e,0x53,0x34,
0x5f,0x49,0x4a,0x69,0x53,0x31,0x30,0x5f,0x45,0x45,0x45,0x4c,0x62,0x30,0x45,0x45,
0x45,0x4e,0x53,0x5f,0x31,0x31,0x50,0x61,0x73,0x73,0x54,0x68,0x72,0x6f,0x75,0x67,
0x68,0x49,0x69,0x45,0x45,0x45,0x45,0x45,0x53,0x31,0x46,0x5f,0x4e,0x53,0x34,0x5f,
0x49,0x4a,0x53,0x31,0x47,0x5f,0x53,0x31,0x42,0x5f,0x53,0x31,0x43,0x5f,0x53,0x31,
0x45,0x5f,0x53,0x31,0x44,0x5f,0x4e,0x53,0x42,0x5f,0x49,0x4a,0x4c,0x69,0x37,0x45,
0x4c,0x69,0x38,0x45,0x45,0x45,0x45,0x4e,0x53,0x42,0x5f,0x49,0x4a,0x4c,0x69,0x39,
0x45,0x45,0x45,0x45,0x45,0x45,0x45,0x4e,0x53,0x42,0x5f,0x49,0x4a,0x4c,0x69,0x37,
0x45,0x4c,0x69,0x39,0x45,0x4c,0x69,0x38,0x45,0x45,0x45,0x45,0x78,0x45,0x45,0x53,
0x31,0x56,0x5f,0x4e,0x53,0x4e,0x5f,0x49,0x4e,0x53,0x34,0x5f,0x49,0x4a,0x53,0x51,
0x5f,0x53,0x54,0x5f,0x53,0x54,0x5f,0x53,0x56,0x5f,0x53,0x56,0x5f,0x45,0x45,0x45,
0x4e,0x53,0x34,0x5f,0x49,0x4a,0x53,0x31,0x38,0x5f,0x53,0x31,0x39,0x5f,0x53,0x31,
0x41,0x5f,0x53,0x31,0x42,0x5f,0x53,0x31,0x43,0x5f,0x45,0x45,0x45,0x4e,0x53,0x34,
0x5f,0x49,0x4a,0x53,0x31,0x47,0x5f,0x53,0x31,0x42,0x5f,0x53,0x31,0x43,0x5f,0x53,
0x31,0x45,0x5f,0x53,0x31,0x44,0x5f,0x45,0x45,0x45,0x4e,0x53,0x42,0x5f,0x49,0x4a,
0x4c,0x69,0x35,0x45,0x4c,0x69,0x36,0x45,0x45,0x45,0x45,0x78,0x45,0x45,0x4c,0x69,
0x36,0x34,0x45,0x4c,0x69,0x31,0x32,0x38,0x45,0x4c,0x69,0x38,0x30,0x45,0x4c,0x69,
0x38,0x45,0x4c,0x69,0x38,0x45,0x4c,0x69,0x38,0x30,0x45,0x4c,0x69,0x36,0x34,0x45,
0x4c,0x69,0x38,0x45,0x4c,0x69,0x31,0x36,0x45,0x4c,0x69,0x31,0x36,0x45,0x4c,0x69,
0x31,0x36,0x45,0x4c,0x69,0x31,0x45,0x4c,0x69,0x38,0x45,0x4c,0x69,0x35,0x45,0x4c,
0x69,0x31,0x32,0x38,0x45,0x53,0x43,0x5f,0x53,0x44,0x5f,0x53,0x44,0x5f,0x4c,0x69,
0x32,0x45,0x4c,0x69,0x38,0x45,0x4c,0x69,0x38,0x45,0x4c,0x62,0x31,0x45,0x4c,0x62,
0x30,0x45,0x4c,0x62,0x31,0x45,0x53,0x43,0x5f,0x53,0x44,0x5f,0x53,0x44,0x5f,0x4c,
0x69,0x32,0x45,0x4c,0x69,0x38,0x45,0x4c,0x69,0x38,0x45,0x4c,0x62,0x31,0x45,0x4c,
0x62,0x31,0x45,0x4c,0x62,0x31,0x45,0x53,0x45,0x5f,0x53,0x46,0x5f,0x53,0x46,0x5f,
0x4c,0x69,0x31,0x45,0x4c,0x69,0x32,0x45,0x4c,0x69,0x31,0x45,0x4c,0x62,0x30,0x45,
0x4c,0x62,0x31,0x45,0x4c,0x62,0x30,0x45,0x4c,0x69,0x31,0x45,0x4c,0x69,0x31,0x45,
0x53,0x47,0x5f,0x4c,0x69,0x38,0x45,0x4c,0x62,0x31,0x45,0x4c,0x62,0x30,0x45,0x4c,
0x69,0x31,0x45,0x4c,0x53,0x49,0x5f,0x30,0x45,0x4c,0x53,0x4a,0x5f,0x30,0x45,0x45,
0x45,0x44,0x46,0x31,0x36,0x5f,0x44,0x46,0x31,0x36,0x5f,0x44,0x46,0x31,0x36,0x5f,
0x44,0x46,0x31,0x36,0x5f,0x53,0x37,0x5f,0x53,0x37,0x5f,0x53,0x38,0x5f,0x53,0x37,
0x5f,0x53,0x37,0x5f,0x4c,0x62,0x30,0x45,0x45,0x45,0x76,0x50,0x50,0x4b,0x54,0x31,
0x5f,0x50,0x50,0x4b,0x54,0x32,0x5f,0x50,0x50,0x4b,0x54,0x33,0x5f,0x50,0x50,0x54,
0x34,0x5f,0x69,0x69,0x69,0x69,0x69,0x69,0x69,0x66,0x2e,0x75,0x73,0x65,0x73,0x5f,
0x76,0x63,0x63,0x00,0x5f,0x5a,0x4e,0x32,0x63,0x6b,0x31,0x36,0x74,0x65,0x6e,0x73,
0x6f,0x72,0x5f,0x6f,0x70,0x65,0x72,0x61,0x74,0x69,0x6f,0x6e,0x36,0x64,0x65,0x76,
0x69,0x63,0x65,0x34,0x34,0x6b,0x65,0x72,0x6e,0x65,0x6c,0x5f,0x67,0x72,0x6f,0x75,
0x70,0x65,0x64,0x5f,0x71,0x75,0x65,0x72,0x79,0x5f,0x61,0x74,0x74,0x65,0x6e,0x74,
0x69,0x6f,0x6e,0x5f,0x77,0x6d,0x6d,0x61,0x5f,0x75,0x6e,0x70,0x61,0x63,0x6b,0x65,
0x64,0x49,0x4e,0x53,0x31,0x5f,0x33,0x39,0x44,0x65,0x76,0x69,0x63,0x65,0x47,0x72,
0x6f,0x75,0x70,0x65,0x64,0x51,0x75,0x65,0x72,0x79,0x41,0x74,0x74,0x65,0x6e,0x74,
0x69,0x6f,0x6e,0x46,0x6f,0x72,0x77,0x61,0x72,0x64,0x5f,0x57,0x6d,0x6d,0x61,0x49,
0x4c,0x69,0x32,0x45,0x4c,0x69,0x31,0x45,0x4c,0x69,0x31,0x45,0x4c,0x69,0x31,0x45,
0x4c,0x69,0x31,0x45,0x44,0x46,0x31,0x36,0x5f,0x44,0x46,0x31,0x36,0x5f,0x44,0x46,
0x31,0x36,0x5f,0x44,0x46,0x31,0x36,0x5f,0x4e,0x53,0x5f,0x35,0x54,0x75,0x70,0x6c,
0x65,0x49,0x4a,0x45,0x45,0x45,0x66,0x53,0x35,0x5f,0x66,0x66,0x4e,0x53,0x30,0x5f,
0x31,0x32,0x65,0x6c,0x65,0x6d,0x65,0x6e,0x74,0x5f,0x77,0x69,0x73,0x65,0x31,0x31,
0x50,0x61,0x73,0x73,0x54,0x68,0x72,0x6f,0x75,0x67,0x68,0x45,0x53,0x37,0x5f,0x4e,
0x53,0x36,0x5f,0x35,0x53,0x63,0x61,0x6c,0x65,0x45,0x53,0x37,0x5f,0x53,0x37,0x5f,
0x4c,0x4e,0x53,0x31,0x5f,0x31,0x38,0x47,0x65,0x6d,0x6d,0x53,0x70,0x65,0x63,0x69,
0x61,0x6c,0x69,0x7a,0x61,0x74,0x69,0x6f,0x6e,0x45,0x31,0x35,0x45,0x4c,0x4e,0x53,
0x31,0x5f,0x32,0x30,0x54,0x65,0x6e,0x73,0x6f,0x72,0x53,0x70,0x65,0x63,0x69,0x61,
0x6c,0x69,0x7a,0x61,0x74,0x69,0x6f,0x6e,0x45,0x30,0x45,0x4c,0x53,0x41,0x5f,0x30,
0x45,0x4c,0x53,0x41,0x5f,0x30,0x45,0x4c,0x53,0x41,0x5f,0x30,0x45,0x4c,0x69,0x31,
0x45,0x4c,0x69,0x31,0x32,0x38,0x45,0x4c,0x69,0x36,0x34,0x45,0x4c,0x69,0x31,0x32,
0x38,0x45,0x4c,0x69,0x38,0x30,0x45,0x4c,0x69,0x38,0x45,0x4c,0x69,0x38,0x45,0x4c,
0x69,0x38,0x30,0x45,0x4c,0x69,0x36,0x34,0x45,0x4c,0x69,0x38,0x45,0x4c,0x69,0x31,
0x36,0x45,0x4c,0x69,0x31,0x36,0x45,0x4c,0x69,0x31,0x36,0x45,0x4c,0x69,0x31,0x45,
0x4c,0x69,0x38,0x45,0x4c,0x69,0x35,0x45,0x4e,0x53,0x5f,0x38,0x53,0x65,0x71,0x75,
0x65,0x6e,0x63,0x65,0x49,0x4a,0x4c,0x69,0x32,0x45,0x4c,0x69,0x36,0x34,0x45,0x4c,
0x69,0x31,0x45,0x45,0x45,0x45,0x4e,0x53,0x42,0x5f,0x49,0x4a,0x4c,0x69,0x31,0x45,
0x4c,0x69,0x30,0x45,0x4c,0x69,0x32,0x45,0x45,0x45,0x45,0x53,0x44,0x5f,0x4c,0x69,
0x32,0x45,0x4c,0x69,0x38,0x45,0x4c,0x69,0x38,0x45,0x4c,0x62,0x31,0x45,0x53,0x43,
0x5f,0x53,0x44,0x5f,0x53,0x44,0x5f,0x4c,0x69,0x32,0x45,0x4c,0x69,0x38,0x45,0x4c,
0x69,0x38,0x45,0x4c,0x62,0x31,0x45,0x4e,0x53,0x42,0x5f,0x49,0x4a,0x4c,0x69,0x32,
0x45,0x4c,0x69,0x38,0x45,0x4c,0x69,0x38,0x45,0x45,0x45,0x45,0x4e,0x53,0x42,0x5f,
0x49,0x4a,0x4c,0x69,0x30,0x45,0x4c,0x69,0x32,0x45,0x4c,0x69,0x31,0x45,0x45,0x45,
0x45,0x53,0x46,0x5f,0x4c,0x69,0x31,0x45,0x4c,0x69,0x32,0x45,0x4c,0x69,0x31,0x45,
0x4c,0x62,0x30,0x45,0x4c,0x69,0x31,0x45,0x4c,0x69,0x31,0x45,0x4e,0x53,0x42,0x5f,
0x49,0x4a,0x4c,0x69,0x31,0x45,0x4c,0x69,0x36,0x34,0x45,0x4c,0x69,0x31,0x45,0x4c,
0x69,0x32,0x45,0x45,0x45,0x45,0x4c,0x69,0x38,0x45,0x4c,0x4e,0x53,0x31,0x5f,0x32,
0x31,0x4d,0x61,0x73,0x6b,0x69,0x6e,0x67,0x53,0x70,0x65,0x63,0x69,0x61,0x6c,0x69,
0x7a,0x61,0x74,0x69,0x6f,0x6e,0x45,0x30,0x45,0x4c,0x4e,0x53,0x5f,0x31,0x33,0x4c,
0x6f,0x6f,0x70,0x53,0x63,0x68,0x65,0x64,0x75,0x6c,0x65,0x72,0x45,0x30,0x45,0x4c,
0x4e,0x53,0x5f,0x31,0x35,0x50,0x69,0x70,0x65,0x6c,0x69,0x6e,0x65,0x56,0x65,0x72,
0x73,0x69,0x6f,0x6e,0x45,0x30,0x45,0x45,0x45,0x4e,0x53,0x5f,0x33,0x35,0x47,0x72,
0x69,0x64,0x77,0x69,0x73,0x65,0x42,0x61,0x74,0x63,0x68,0x65,0x64,0x47,0x65,0x6d,
0x6d,0x53,0x6f,0x66,0x74,0x6d,0x61,0x78,0x47,0x65,0x6d,0x6d,0x5f,0x57,0x6d,0x6d,
0x61,0x49,0x44,0x46,0x31,0x36,0x5f,0x44,0x46,0x31,0x36,0x5f,0x66,0x44,0x46,0x31,
0x36,0x5f,0x66,0x66,0x44,0x46,0x31,0x36,0x5f,0x53,0x37,0x5f,0x53,0x37,0x5f,0x53,
0x38,0x5f,0x53,0x37,0x5f,0x53,0x37,0x5f,0x4c,0x4e,0x53,0x5f,0x32,0x35,0x49,0x6e,
0x4d,0x65,0x6d,0x6f,0x72,0x79,0x44,0x61,0x74,0x61,0x4f,0x70,0x65,0x72,0x61,0x74,
0x69,0x6f,0x6e,0x45,0x6e,0x75,0x6d,0x45,0x30,0x45,0x4e,0x53,0x5f,0x31,0x36,0x54,
0x65,0x6e,0x73,0x6f,0x72,0x44,0x65,0x73,0x63,0x72,0x69,0x70,0x74,0x6f,0x72,0x49,
0x4e,0x53,0x34,0x5f,0x49,0x4a,0x4e,0x53,0x5f,0x35,0x45,0x6d,0x62,0x65,0x64,0x49,
0x4e,0x53,0x34,0x5f,0x49,0x4a,0x69,0x69,0x45,0x45,0x45,0x53,0x50,0x5f,0x4c,0x62,
0x30,0x45,0x45,0x45,0x4e,0x53,0x5f,0x32,0x33,0x4d,0x65,0x72,0x67,0x65,0x5f,0x76,
0x32,0x5f,0x6d,0x61,0x67,0x69,0x63,0x5f,0x64,0x69,0x76,0x69,0x73,0x69,0x6f,0x6e,
0x49,0x4e,0x53,0x34,0x5f,0x49,0x4a,0x69,0x45,0x45,0x45,0x45,0x45,0x53,0x54,0x5f,
0x4e,0x53,0x5f,0x38,0x52,0x69,0x67,0x68,0x74,0x50,0x61,0x64,0x49,0x69,0x69,0x4c,
0x62,0x30,0x45,0x45,0x45,0x53,0x56,0x5f,0x4e,0x53,0x5f,0x37,0x55,0x6e,0x4d,0x65,
0x72,0x67,0x65,0x49,0x4e,0x53,0x34,0x5f,0x49,0x4a,0x69,0x4e,0x53,0x5f,0x31,0x37,
0x69,0x6e,0x74,0x65,0x67,0x72,0x61,0x6c,0x5f,0x63,0x6f,0x6e,0x73,0x74,0x61,0x6e,
0x74,0x49,0x69,0x4c,0x69,0x31,0x45,0x45,0x45,0x4e,0x53,0x58,0x5f,0x49,0x69,0x4c,
0x69,0x32,0x45,0x45,0x45,0x4e,0x53,0x58,0x5f,0x49,0x69,0x4c,0x69,0x38,0x45,0x45,
0x45,0x45,0x45,0x45,0x4c,0x62,0x30,0x45,0x45,0x45,0x4e,0x53,0x57,0x5f,0x49,0x4e,
0x53,0x34,0x5f,0x49,0x4a,0x69,0x4e,0x53,0x58,0x5f,0x49,0x69,0x4c,0x69,0x34,0x45,
0x45,0x45,0x4e,0x53,0x58,0x5f,0x49,0x69,0x4c,0x69,0x31,0x36,0x45,0x45,0x45,0x45,
0x45,0x45,0x4c,0x62,0x30,0x45,0x45,0x45,0x45,0x45,0x45,0x4e,0x53,0x34,0x5f,0x49,
0x4a,0x4e,0x53,0x42,0x5f,0x49,0x4a,0x4c,0x69,0x30,0x45,0x45,0x45,0x45,0x4e,0x53,
0x42,0x5f,0x49,0x4a,0x4c,0x69,0x31,0x45,0x45,0x45,0x45,0x4e,0x53,0x42,0x5f,0x49,
0x4a,0x4c,0x69,0x32,0x45,0x45,0x45,0x45,0x4e,0x53,0x42,0x5f,0x49,0x4a,0x4c,0x69,
0x33,0x45,0x45,0x45,0x45,0x4e,0x53,0x42,0x5f,0x49,0x4a,0x4c,0x69,0x34,0x45,0x45,
0x45,0x45,0x4e,0x53,0x42,0x5f,0x49,0x4a,0x4c,0x69,0x36,0x45,0x45,0x45,0x45,0x4e,
0x53,0x42,0x5f,0x49,0x4a,0x4c,0x69,0x35,0x45,0x45,0x45,0x45,0x45,0x45,0x45,0x4e,
0x53,0x34,0x5f,0x49,0x4a,0x4e,0x53,0x42,0x5f,0x49,0x4a,0x4c,0x69,0x31,0x45,0x4c,
0x69,0x32,0x45,0x45,0x45,0x45,0x53,0x31,0x42,0x5f,0x53,0x31,0x43,0x5f,0x53,0x31,
0x45,0x5f,0x53,0x31,0x44,0x5f,0x4e,0x53,0x42,0x5f,0x49,0x4a,0x4c,0x69,0x37,0x45,
0x4c,0x69,0x38,0x45,0x4c,0x69,0x39,0x45,0x4c,0x69,0x31,0x30,0x45,0x45,0x45,0x45,
0x4e,0x53,0x42,0x5f,0x49,0x4a,0x4c,0x69,0x31,0x31,0x45,0x4c,0x69,0x31,0x32,0x45,
0x4c,0x69,0x31,0x33,0x45,0x45,0x45,0x45,0x45,0x45,0x45,0x4e,0x53,0x42,0x5f,0x49,
0x4a,0x4c,0x69,0x37,0x45,0x4c,0x69,0x31,0x31,0x45,0x4c,0x69,0x31,0x32,0x45,0x4c,
0x69,0x38,0x45,0x4c,0x69,0x39,0x45,0x4c,0x69,0x31,0x33,0x45,0x4c,0x69,0x31,0x30,
0x45,0x45,0x45,0x45,0x78,0x45,0x45,0x4e,0x53,0x4e,0x5f,0x49,0x4e,0x53,0x34,0x5f,
0x49,0x4a,0x53,0x51,0x5f,0x53,0x54,0x5f,0x53,0x54,0x5f,0x53,0x56,0x5f,0x53,0x56,
0x5f,0x4e,0x53,0x57,0x5f,0x49,0x4e,0x53,0x34,0x5f,0x49,0x4a,0x69,0x53,0x31,0x30,
0x5f,0x45,0x45,0x45,0x4c,0x62,0x30,0x45,0x45,0x45,0x4e,0x53,0x5f,0x31,0x31,0x50,
0x61,0x73,0x73,0x54,0x68,0x72,0x6f,0x75,0x67,0x68,0x49,0x69,0x45,0x45,0x45,0x45,
0x45,0x53,0x31,0x46,0x5f,0x4e,0x53,0x34,0x5f,0x49,0x4a,0x53,0x31,0x47,0x5f,0x53,
0x31,0x42,0x5f,0x53,0x31,0x43,0x5f,0x53,0x31,0x45,0x5f,0x53,0x31,0x44,0x5f,0x4e,
0x53,0x42,0x5f,0x49,0x4a,0x4c,0x69,0x37,0x45,0x4c,0x69,0x38,0x45,0x45,0x45,0x45,
0x4e,0x53,0x42,0x5f,0x49,0x4a,0x4c,0x69,0x39,0x45,0x45,0x45,0x45,0x45,0x45,0x45,
0x4e,0x53,0x42,0x5f,0x49,0x4a,0x4c,0x69,0x37,0x45,0x4c,0x69,0x39,0x45,0x4c,0x69,
0x38,0x45,0x45,0x45,0x45,0x78,0x45,0x45,0x53,0x31,0x56,0x5f,0x4e,0x53,0x4e,0x5f,
0x49,0x4e,0x53,0x34,0x5f,0x49,0x4a,0x53,0x51,0x5f,0x53,0x54,0x5f,0x53,0x54,0x5f,
0x53,0x56,0x5f,0x53,0x56,0x5f,0x45,0x45,0x45,0x4e,0x53,0x34,0x5f,0x49,0x4a,0x53,
0x31,0x38,0x5f,0x53,0x31,0x39,0x5f,0x53,0x31,0x41,0x5f,0x53,0x31,0x42,0x5f,0x53,
0x31,0x43,0x5f,0x45,0x45,0x45,0x4e,0x53,0x34,0x5f,0x49,0x4a,0x53,0x31,0x47,0x5f,
0x53,0x31,0x42,0x5f,0x53,0x31,0x43,0x5f,0x53,0x31,0x45,0x5f,0x53,0x31,0x44,0x5f,
0x45,0x45,0x45,0x4e,0x53,0x42,0x5f,0x49,0x4a,0x4c,0x69,0x35,0x45,0x4c,0x69,0x36,
0x45,0x45,0x45,0x45,0x78,0x45,0x45,0x4c,0x69,0x36,0x34,0x45,0x4c,0x69,0x31,0x32,
0x38,0x45,0x4c,0x69,0x38,0x30,0x45,0x4c,0x69,0x38,0x45,0x4c,0x69,0x38,0x45,0x4c,
0x69,0x38,0x30,0x45,0x4c,0x69,0x36,0x34,0x45,0x4c,0x69,0x38,0x45,0x4c,0x69,0x31,
0x36,0x45,0x4c,0x69,0x31,0x36,0x45,0x4c,0x69,0x31,0x36,0x45,0x4c,0x69,0x31,0x45,
0x4c,0x69,0x38,0x45,0x4c,0x69,0x35,0x45,0x4c,0x69,0x31,0x32,0x38,0x45,0x53,0x43,
0x5f,0x53,0x44,0x5f,0x53,0x44,0x5f,0x4c,0x69,0x32,0x45,0x4c,0x69,0x38,0x45,0x4c,
0x69,0x38,0x45,0x4c,0x62,0x31,0x45,0x4c,0x62,0x30,0x45,0x4c,0x62,0x31,0x45,0x53,
0x43,0x5f,0x53,0x44,0x5f,0x53,0x44,0x5f,0x4c,0x69,0x32,0x45,0x4c,0x69,0x38,0x45,
0x4c,0x69,0x38,0x45,0x4c,0x62,0x31,0x45,0x4c,0x62,0x31,0x45,0x4c,0x62,0x31,0x45,
0x53,0x45,0x5f,0x53,0x46,0x5f,0x53,0x46,0x5f,0x4c,0x69,0x31,0x45,0x4c,0x69,0x32,
0x45,0x4c,0x69,0x31,0x45,0x4c,0x62,0x30,0x45,0x4c,0x62,0x31,0x45,0x4c,0x62,0x30,
0x45,0x4c,0x69,0x31,0x45,0x4c,0x69,0x31,0x45,0x53,0x47,0x5f,0x4c,0x69,0x38,0x45,
0x4c,0x62,0x31,0x45,0x4c,0x62,0x30,0x45,0x4c,0x69,0x31,0x45,0x4c,0x53,0x49,0x5f,
0x30,0x45,0x4c,0x53,0x4a,0x5f,0x30,0x45,0x45,0x45,0x44,0x46,0x31,0x36,0x5f,0x44,
0x46,0x31,0x36,0x5f,0x44,0x46,0x31,0x36,0x5f,0x44,0x46,0x31,0x36,0x5f,0x53,0x37,
0x5f,0x53,0x37,0x5f,0x53,0x38,0x5f,0x53,0x37,0x5f,0x53,0x37,0x5f,0x4c,0x62,0x30,
0x45,0x45,0x45,0x76,0x50,0x50,0x4b,0x54,0x31,0x5f,0x50,0x50,0x4b,0x54,0x32,0x5f,
0x50,0x50,0x4b,0x54,0x33,0x5f,0x50,0x50,0x54,0x34,0x5f,0x69,0x69,0x69,0x69,0x69,
0x69,0x69,0x66,0x2e,0x75,0x73,0x65,0x73,0x5f,0x66,0x6c,0x61,0x74,0x5f,0x73,0x63,
0x72,0x61,0x74,0x63,0x68,0x00,0x5f,0x5a,0x4e,0x32,0x63,0x6b,0x31,0x36,0x74,0x65,
0x6e,0x73,0x6f,0x72,0x5f,0x6f,0x70,0x65,0x72,0x61,0x74,0x69,0x6f,0x6e,0x36,0x64,
0x65,0x76,0x69,0x63,0x65,0x34,0x34,0x6b,0x65,0x72,0x6e,0x65,0x6c,0x5f,0x67,0x72,
0x6f,0x75,0x70,0x65,0x64,0x5f,0x71,0x75,0x65,0x72,0x79,0x5f,0x61,0x74,0x74,0x65,
0x6e,0x74,0x69,0x6f,0x6e,0x5f,0x77,0x6d,0x6d,0x61,0x5f,0x75,0x6e,0x70,0x61,0x63,
0x6b,0x65,0x64,0x49,0x4e,0x53,0x31,0x5f,0x33,0x39,0x44,0x65,0x76,0x69,0x63,0x65,
0x47,0x72,0x6f,0x75,0x70,0x65,0x64,0x51,0x75,0x65,0x72,0x79,0x41,0x74,0x74,0x65,
0x6e,0x74,0x69,0x6f,0x6e,0x46,0x6f,0x72,0x77,0x61,0x72,0x64,0x5f,0x57,0x6d,0x6d,
0x61,0x49,0x4c,0x69,0x32,0x45,0x4c,0x69,0x31,0x45,0x4c,0x69,0x31,0x45,0x4c,0x69,
0x31,0x45,0x4c,0x69,0x31,0x45,0x44,0x46,0x31,0x36,0x5f,0x44,0x46,0x31,0x36,0x5f,
0x44,0x46,0x31,0x36,0x5f,0x44,0x46,0x31,0x36,0x5f,0x4e,0x53,0x5f,0x35,0x54,0x75,
0x70,0x6c,0x65,0x49,0x4a,0x45,0x45,0x45,0x66,0x53,0x35,0x5f,0x66,0x66,0x4e,0x53,
0x30,0x5f,0x31,0x32,0x65,0x6c,0x65,0x6d,0x65,0x6e,0x74,0x5f,0x77,0x69,0x73,0x65,
0x31,0x31,0x50,0x61,0x73,0x73,0x54,0x68,0x72,0x6f,0x75,0x67,0x68,0x45,0x53,0x37,
0x5f,0x4e,0x53,0x36,0x5f,0x35,0x53,0x63,0x61,0x6c,0x65,0x45,0x53,0x37,0x5f,0x53,
0x37,0x5f,0x4c,0x4e,0x53,0x31,0x5f,0x31,0x38,0x47,0x65,0x6d,0x6d,0x53,0x70,0x65,
0x63,0x69,0x61,0x6c,0x69,0x7a,0x61,0x74,0x69,0x6f,0x6e,0x45,0x31,0x35,0x45,0x4c,
0x4e,0x53,0x31,0x5f,0x32,0x30,0x54,0x65,0x6e,0x73,0x6f,0x72,0x53,0x70,0x65,0x63,
0x69,0x61,0x6c,0x69,0x7a,0x61,0x74,0x69,0x6f,0x6e,0x45,0x30,0x45,0x4c,0x53,0x41,
0x5f,0x30,0x45,0x4c,0x53,0x41,0x5f,0x30,0x45,0x4c,0x53,0x41,0x5f,0x30,0x45,0x4c,
0x69,0x31,0x45,0x4c,0x69,0x31,0x32,0x38,0x45,0x4c,0x69,0x36,0x34,0x45,0x4c,0x69,
0x31,0x32,0x38,0x45,0x4c,0x69,0x38,0x30,0x45,0x4c,0x69,0x38,0x45,0x4c,0x69,0x38,
0x45,0x4c,0x69,0x38,0x30,0x45,0x4c,0x69,0x36,0x34,0x45,0x4c,0x69,0x38,0x45,0x4c,
0x69,0x31,0x36,0x45,0x4c,0x69,0x31,0x36,0x45,0x4c,0x69,0x31,0x36,0x45,0x4c,0x69,
0x31,0x45,0x4c,0x69,0x38,0x45,0x4c,0x69,0x35,0x45,0x4e,0x53,0x5f,0x38,0x53,0x65,
0x71,0x75,0x65,0x6e,0x63,0x65,0x49,0x4a,0x4c,0x69,0x32,0x45,0x4c,0x69,0x36,0x34,
0x45,0x4c,0x69,0x31,0x45,0x45,0x45,0x45,0x4e,0x53,0x42,0x5f,0x49,0x4a,0x4c,0x69,
0x31,0x45,0x4c,0x69,0x30,0x45,0x4c,0x69,0x32,0x45,0x45,0x45,0x45,0x53,0x44,0x5f,
0x4c,0x69,0x32,0x45,0x4c,0x69,0x38,0x45,0x4c,0x69,0x38,0x45,0x4c,0x62,0x31,0x45,
0x53,0x43,0x5f,0x53,0x44,0x5f,0x53,0x44,0x5f,0x4c,0x69,0x32,0x45,0x4c,0x69,0x38,
0x45,0x4c,0x69,0x38,0x45,0x4c,0x62,0x31,0x45,0x4e,0x53,0x42,0x5f,0x49,0x4a,0x4c,
0x69,0x32,0x45,0x4c,0x69,0x38,0x45,0x4c,0x69,0x38,0x45,0x45,0x45,0x45,0x4e,0x53,
0x42,0x5f,0x49,0x4a,0x4c,0x69,0x30,0x45,0x4c,0x69,0x32,0x45,0x4c,0x69,0x31,0x45,
0x45,0x45,0x45,0x53,0x46,0x5f,0x4c,0x69,0x31,0x45,0x4c,0x69,0x32,0x45,0x4c,0x69,
0x31,0x45,0x4c,0x62,0x30,0x45,0x4c,0x69,0x31,0x45,0x4c,0x69,0x31,0x45,0x4e,0x53,
0x42,0x5f,0x49,0x4a,0x4c,0x69,0x31,0x45,0x4c,0x69,0x36,0x34,0x45,0x4c,0x69,0x31,
0x45,0x4c,0x69,0x32,0x45,0x45,0x45,0x45,0x4c,0x69,0x38,0x45,0x4c,0x4e,0x53,0x31,
0x5f,0x32,0x31,0x4d,0x61,0x73,0x6b,0x69,0x6e,0x67,0x53,0x70,0x65,0x63,0x69,0x61,
0x6c,0x69,0x7a,0x61,0x74,0x69,0x6f,0x6e,0x45,0x30,0x45,0x4c,0x4e,0x53,0x5f,0x31,
0x33,0x4c,0x6f,0x6f,0x70,0x53,0x63,0x68,0x65,0x64,0x75,0x6c,0x65,0x72,0x45,0x30,
0x45,0x4c,0x4e,0x53,0x5f,0x31,0x35,0x50,0x69,0x70,0x65,0x6c,0x69,0x6e,0x65,0x56,
0x65,0x72,0x73,0x69,0x6f,0x6e,0x45,0x30,0x45,0x45,0x45,0x4e,0x53,0x5f,0x33,0x35,
0x47,0x72,0x69,0x64,0x77,0x69,0x73,0x65,0x42,0x61,0x74,0x63,0x68,0x65,0x64,0x47,
0x65,0x6d,0x6d,0x53,0x6f,0x66,0x74,0x6d,0x61,0x78,0x47,0x65,0x6d,0x6d,0x5f,0x57,
0x6d,0x6d,0x61,0x49,0x44,0x46,0x31,0x36,0x5f,0x44,0x46,0x31,0x36,0x5f,0x66,0x44,
0x46,0x31,0x36,0x5f,0x66,0x66,0x44,0x46,0x31,0x36,0x5f,0x53,0x37,0x5f,0x53,0x37,
0x5f,0x53,0x38,0x5f,0x53,0x37,0x5f,0x53,0x37,0x5f,0x4c,0x4e,0x53,0x5f,0x32,0x35,
0x49,0x6e,0x4d,0x65,0x6d,0x6f,0x72,0x79,0x44,0x61,0x74,0x61,0x4f,0x70,0x65,0x72,
0x61,0x74,0x69,0x6f,0x6e,0x45,0x6e,0x75,0x6d,0x45,0x30,0x45,0x4e,0x53,0x5f,0x31,
0x36,0x54,0x65,0x6e,0x73,0x6f,0x72,0x44,0x65,0x73,0x63,0x72,0x69,0x70,0x74,0x6f,
0x72,0x49,0x4e,0x53,0x34,0x5f,0x49,0x4a,0x4e,0x53,0x5f,0x35,0x45,0x6d,0x62,0x65,
0x64,0x49,0x4e,0x53,0x34,0x5f,0x49,0x4a,0x69,0x69,0x45,0x45,0x45,0x53,0x50,0x5f,
0x4c,0x62,0x30,0x45,0x45,0x45,0x4e,0x53,0x5f,0x32,0x33,0x4d,0x65,0x72,0x67,0x65,
0x5f,0x76,0x32,0x5f,0x6d,0x61,0x67,0x69,0x63,0x5f,0x64,0x69,0x76,0x69,0x73,0x69,
0x6f,0x6e,0x49,0x4e,0x53,0x34,0x5f,0x49,0x4a,0x69,0x45,0x45,0x45,0x45,0x45,0x53,
0x54,0x5f,0x4e,0x53,0x5f,0x38,0x52,0x69,0x67,0x68,0x74,0x50,0x61,0x64,0x49,0x69,
0x69,0x4c,0x62,0x30,0x45,0x45,0x45,0x53,0x56,0x5f,0x4e,0x53,0x5f,0x37,0x55,0x6e,
0x4d,0x65,0x72,0x67,0x65,0x49,0x4e,0x53,0x34,0x5f,0x49,0x4a,0x69,0x4e,0x53,0x5f,
0x31,0x37,0x69,0x6e,0x74,0x65,0x67,0x72,0x61,0x6c,0x5f,0x63,0x6f,0x6e,0x73,0x74,
0x61,0x6e,0x74,0x49,0x69,0x4c,0x69,0x31,0x45,0x45,0x45,0x4e,0x53,0x58,0x5f,0x49,
0x69,0x4c,0x69,0x32,0x45,0x45,0x45,0x4e,0x53,0x58,0x5f,0x49,0x69,0x4c,0x69,0x38,
0x45,0x45,0x45,0x45,0x45,0x45,0x4c,0x62,0x30,0x45,0x45,0x45,0x4e,0x53,0x57,0x5f,
0x49,0x4e,0x53,0x34,0x5f,0x49,0x4a,0x69,0x4e,0x53,0x58,0x5f,0x49,0x69,0x4c,0x69,
0x34,0x45,0x45,0x45,0x4e,0x53,0x58,0x5f,0x49,0x69,0x4c,0x69,0x31,0x36,0x45,0x45,
0x45,0x45,0x45,0x45,0x4c,0x62,0x30,0x45,0x45,0x45,0x45,0x45,0x45,0x4e,0x53,0x34,
0x5f,0x49,0x4a,0x4e,0x53,0x42,0x5f,0x49,0x4a,0x4c,0x69,0x30,0x45,0x45,0x45,0x45,
0x4e,0x53,0x42,0x5f,0x49,0x4a,0x4c,0x69,0x31,0x45,0x45,0x45,0x45,0x4e,0x53,0x42,
0x5f,0x49,0x4a,0x4c,0x69,0x32,0x45,0x45,0x45,0x45,0x4e,0x53,0x42,0x5f,0x49,0x4a,
0x4c,0x69,0x33,0x45,0x45,0x45,0x45,0x4e,0x53,0x42,0x5f,0x49,0x4a,0x4c,0x69,0x34,
0x45,0x45,0x45,0x45,0x4e,0x53,0x42,0x5f,0x49,0x4a,0x4c,0x69,0x36,0x45,0x45,0x45,
0x45,0x4e,0x53,0x42,0x5f,0x49,0x4a,0x4c,0x69,0x35,0x45,0x45,0x45,0x45,0x45,0x45,
0x45,0x4e,0x53,0x34,0x5f,0x49,0x4a,0x4e,0x53,0x42,0x5f,0x49,0x4a,0x4c,0x69,0x31,
0x45,0x4c,0x69,0x32,0x45,0x45,0x45,0x45,0x53,0x31,0x42,0x5f,0x53,0x31,0x43,0x5f,
0x53,0x31,0x45,0x5f,0x53,0x31,0x44,0x5f,0x4e,0x53,0x42,0x5f,0x49,0x4a,0x4c,0x69,
0x37,0x45,0x4c,0x69,0x38,0x45,0x4c,0x69,0x39,0x45,0x4c,0x69,0x31,0x30,0x45,0x45,
0x45,0x45,0x4e,0x53,0x42,0x5f,0x49,0x4a,0x4c,0x69,0x31,0x31,0x45,0x4c,0x69,0x31,
0x32,0x45,0x4c,0x69,0x31,0x33,0x45,0x45,0x45,0x45,0x45,0x45,0x45,0x4e,0x53,0x42,
0x5f,0x49,0x4a,0x4c,0x69,0x37,0x45,0x4c,0x69,0x31,0x31,0x45,0x4c,0x69,0x31,0x32,
0x45,0x4c,0x69,0x38,0x45,0x4c,0x69,0x39,0x45,0x4c,0x69,0x31,0x33,0x45,0x4c,0x69,
0x31,0x30,0x45,0x45,0x45,0x45,0x78,0x45,0x45,0x4e,0x53,0x4e,0x5f,0x49,0x4e,0x53,
0x34,0x5f,0x49,0x4a,0x53,0x51,0x5f,0x53,0x54,0x5f,0x53,0x54,0x5f,0x53,0x56,0x5f,
0x53,0x56,0x5f,0x4e,0x53,0x57,0x5f,0x49,0x4e,0x53,0x34,0x5f,0x49,0x4a,0x69,0x53,
0x31,0x30,0x5f,0x45,0x45,0x45,0x4c,0x62,0x30,0x45,0x45,0x45,0x4e,0x53,0x5f,0x31,
0x31,0x50,0x61,0x73,0x73,0x54,0x68,0x72,0x6f,0x75,0x67,0x68,0x49,0x69,0x45,0x45,
0x45,0x45,0x45,0x53,0x31,0x46,0x5f,0x4e,0x53,0x34,0x5f,0x49,0x4a,0x53,0x31,0x47,
0x5f,0x53,0x31,0x42,0x5f,0x53,0x31,0x43,0x5f,0x53,0x31,0x45,0x5f,0x53,0x31,0x44,
0x5f,0x4e,0x53,0x42,0x5f,0x49,0x4a,0x4c,0x69,0x37,0x45,0x4c,0x69,0x38,0x45,0x45,
0x45,0x45,0x4e,0x53,0x42,0x5f,0x49,0x4a,0x4c,0x69,0x39,0x45,0x45,0x45,0x45,0x45,
0x45,0x45,0x4e,0x53,0x42,0x5f,0x49,0x4a,0x4c,0x69,0x37,0x45,0x4c,0x69,0x39,0x45,
0x4c,0x69,0x38,0x45,0x45,0x45,0x45,0x78,0x45,0x45,0x53,0x31,0x56,0x5f,0x4e,0x53,
0x4e,0x5f,0x49,0x4e,0x53,0x34,0x5f,0x49,0x4a,0x53,0x51,0x5f,0x53,0x54,0x5f,0x53,
0x54,0x5f,0x53,0x56,0x5f,0x53,0x56,0x5f,0x45,0x45,0x45,0x4e,0x53,0x34,0x5f,0x49,
0x4a,0x53,0x31,0x38,0x5f,0x53,0x31,0x39,0x5f,0x53,0x31,0x41,0x5f,0x53,0x31,0x42,
0x5f,0x53,0x31,0x43,0x5f,0x45,0x45,0x45,0x4e,0x53,0x34,0x5f,0x49,0x4a,0x53,0x31,
0x47,0x5f,0x53,0x31,0x42,0x5f,0x53,0x31,0x43,0x5f,0x53,0x31,0x45,0x5f,0x53,0x31,
0x44,0x5f,0x45,0x45,0x45,0x4e,0x53,0x42,0x5f,0x49,0x4a,0x4c,0x69,0x35,0x45,0x4c,
0x69,0x36,0x45,0x45,0x45,0x45,0x78,0x45,0x45,0x4c,0x69,0x36,0x34,0x45,0x4c,0x69,
0x31,0x32,0x38,0x45,0x4c,0x69,0x38,0x30,0x45,0x4c,0x69,0x38,0x45,0x4c,0x69,0x38,
0x45,0x4c,0x69,0x38,0x30,0x45,0x4c,0x69,0x36,0x34,0x45,0x4c,0x69,0x38,0x45,0x4c,
0x69,0x31,0x36,0x45,0x4c,0x69,0x31,0x36,0x45,0x4c,0x69,0x31,0x36,0x45,0x4c,0x69,
0x31,0x45,0x4c,0x69,0x38,0x45,0x4c,0x69,0x35,0x45,0x4c,0x69,0x31,0x32,0x38,0x45,
0x53,0x43,0x5f,0x53,0x44,0x5f,0x53,0x44,0x5f,0x4c,0x69,0x32,0x45,0x4c,0x69,0x38,
0x45,0x4c,0x69,0x38,0x45,0x4c,0x62,0x31,0x45,0x4c,0x62,0x30,0x45,0x4c,0x62,0x31,
0x45,0x53,0x43,0x5f,0x53,0x44,0x5f,0x53,0x44,0x5f,0x4c,0x69,0x32,0x45,0x4c,0x69,
0x38,0x45,0x4c,0x69,0x38,0x45,0x4c,0x62,0x31,0x45,0x4c,0x62,0x31,0x45,0x4c,0x62,
0x31,0x45,0x53,0x45,0x5f,0x53,0x46,0x5f,0x53,0x46,0x5f,0x4c,0x69,0x31,0x45,0x4c,
0x69,0x32,0x45,0x4c,0x69,0x31,0x45,0x4c,0x62,0x30,0x45,0x4c,0x62,0x31,0x45,0x4c,
0x62,0x30,0x45,0x4c,0x69,0x31,0x45,0x4c,0x69,0x31,0x45,0x53,0x47,0x5f,0x4c,0x69,
0x38,0x45,0x4c,0x62,0x31,0x45,0x4c,0x62,0x30,0x45,0x4c,0x69,0x31,0x45,0x4c,0x53,
0x49,0x5f,0x30,0x45,0x4c,0x53,0x4a,0x5f,0x30,0x45,0x45,0x45,0x44,0x46,0x31,0x36,
0x5f,0x44,0x46,0x31,0x36,0x5f,0x44,0x46,0x31,0x36,0x5f,0x44,0x46,0x31,0x36,0x5f,
0x53,0x37,0x5f,0x53,0x37,0x5f,0x53,0x38,0x5f,0x53,0x37,0x5f,0x53,0x37,0x5f,0x4c,
0x62,0x30,0x45,0x45,0x45,0x76,0x50,0x50,0x4b,0x54,0x31,0x5f,0x50,0x50,0x4b,0x54,
0x32,0x5f,0x50,0x50,0x4b,0x54,0x33,0x5f,0x50,0x50,0x54,0x34,0x5f,0x69,0x69,0x69,
0x69,0x69,0x69,0x69,0x66,0x2e,0x68,0x61,0x73,0x5f,0x64,0x79,0x6e,0x5f,0x73,0x69,
0x7a,0x65,0x64,0x5f,0x73,0x74,0x61,0x63,0x6b,0x00,0x5f,0x5a,0x4e,0x32,0x63,0x6b,
0x31,0x36,0x74,0x65,0x6e,0x73,0x6f,0x72,0x5f,0x6f,0x70,0x65,0x72,0x61,0x74,0x69,
0x6f,0x6e,0x36,0x64,0x65,0x76,0x69,0x63,0x65,0x34,0x34,0x6b,0x65,0x72,0x6e,0x65,
0x6c,0x5f,0x67,0x72,0x6f,0x75,0x70,0x65,0x64,0x5f,0x71,0x75,0x65,0x72,0x79,0x5f,
0x61,0x74,0x74,0x65,0x6e,0x74,0x69,0x6f,0x6e,0x5f,0x77,0x6d,0x6d,0x61,0x5f,0x75,
0x6e,0x70,0x61,0x63,0x6b,0x65,0x64,0x49,0x4e,0x53,0x31,0x5f,0x33,0x39,0x44,0x65,
0x76,0x69,0x63,0x65,0x47,0x72,0x6f,0x75,0x70,0x65,0x64,0x51,0x75,0x65,0x72,0x79,
0x41,0x74,0x74,0x65,0x6e,0x74,0x69,0x6f,0x6e,0x46,0x6f,0x72,0x77,0x61,0x72,0x64,
0x5f,0x57,0x6d,0x6d,0x61,0x49,0x4c,0x69,0x32,0x45,0x4c,0x69,0x31,0x45,0x4c,0x69,
0x31,0x45,0x4c,0x69,0x31,0x45,0x4c,0x69,0x31,0x45,0x44,0x46,0x31,0x36,0x5f,0x44,
0x46,0x31,0x36,0x5f,0x44,0x46,0x31,0x36,0x5f,0x44,0x46,0x31,0x36,0x5f,0x4e,0x53,
0x5f,0x35,0x54,0x75,0x70,0x6c,0x65,0x49,0x4a,0x45,0x45,0x45,0x66,0x53,0x35,0x5f,
0x66,0x66,0x4e,0x53,0x30,0x5f,0x31,0x32,0x65,0x6c,0x65,0x6d,0x65,0x6e,0x74,0x5f,
0x77,0x69,0x73,0x65,0x31,0x31,0x50,0x61,0x73,0x73,0x54,0x68,0x72,0x6f,0x75,0x67,
0x68,0x45,0x53,0x37,0x5f,0x4e,0x53,0x36,0x5f,0x35,0x53,0x63,0x61,0x6c,0x65,0x45,
0x53,0x37,0x5f,0x53,0x37,0x5f,0x4c,0x4e,0x53,0x31,0x5f,0x31,0x38,0x47,0x65,0x6d,
0x6d,0x53,0x70,0x65,0x63,0x69,0x61,0x6c,0x69,0x7a,0x61,0x74,0x69,0x6f,0x6e,0x45,
0x31,0x35,0x45,0x4c,0x4e,0x53,0x31,0x5f,0x32,0x30,0x54,0x65,0x6e,0x73,0x6f,0x72,
0x53,0x70,0x65,0x63,0x69,0x61,0x6c,0x69,0x7a,0x61,0x74,0x69,0x6f,0x6e,0x45,0x30,
0x45,0x4c,0x53,0x41,0x5f,0x30,0x45,0x4c,0x53,0x41,0x5f,0x30,0x45,0x4c,0x53,0x41,
0x5f,0x30,0x45,0x4c,0x69,0x31,0x45,0x4c,0x69,0x31,0x32,0x38,0x45,0x4c,0x69,0x36,
0x34,0x45,0x4c,0x69,0x31,0x32,0x38,0x45,0x4c,0x69,0x38,0x30,0x45,0x4c,0x69,0x38,
0x45,0x4c,0x69,0x38,0x45,0x4c,0x69,0x38,0x30,0x45,0x4c,0x69,0x36,0x34,0x45,0x4c,
0x69,0x38,0x45,0x4c,0x69,0x31,0x36,0x45,0x4c,0x69,0x31,0x36,0x45,0x4c,0x69,0x31,
0x36,0x45,0x4c,0x69,0x31,0x45,0x4c,0x69,0x38,0x45,0x4c,0x69,0x35,0x45,0x4e,0x53,
0x5f,0x38,0x53,0x65,0x71,0x75,0x65,0x6e,0x63,0x65,0x49,0x4a,0x4c,0x69,0x32,0x45,
0x4c,0x69,0x36,0x34,0x45,0x4c,0x69,0x31,0x45,0x45,0x45,0x45,0x4e,0x53,0x42,0x5f,
0x49,0x4a,0x4c,0x69,0x31,0x45,0x4c,0x69,0x30,0x45,0x4c,0x69,0x32,0x45,0x45,0x45,
0x45,0x53,0x44,0x5f,0x4c,0x69,0x32,0x45,0x4c,0x69,0x38,0x45,0x4c,0x69,0x38,0x45,
0x4c,0x62,0x31,0x45,0x53,0x43,0x5f,0x53,0x44,0x5f,0x53,0x44,0x5f,0x4c,0x69,0x32,
0x45,0x4c,0x69,0x38,0x45,0x4c,0x69,0x38,0x45,0x4c,0x62,0x31,0x45,0x4e,0x53,0x42,
0x5f,0x49,0x4a,0x4c,0x69,0x32,0x45,0x4c,0x69,0x38,0x45,0x4c,0x69,0x38,0x45,0x45,
0x45,0x45,0x4e,0x53,0x42,0x5f,0x49,0x4a,0x4c,0x69,0x30,0x45,0x4c,0x69,0x32,0x45,
0x4c,0x69,0x31,0x45,0x45,0x45,0x45,0x53,0x46,0x5f,0x4c,0x69,0x31,0x45,0x4c,0x69,
0x32,0x45,0x4c,0x69,0x31,0x45,0x4c,0x62,0x30,0x45,0x4c,0x69,0x31,0x45,0x4c,0x69,
0x31,0x45,0x4e,0x53,0x42,0x5f,0x49,0x4a,0x4c,0x69,0x31,0x45,0x4c,0x69,0x36,0x34,
0x45,0x4c,0x69,0x31,0x45,0x4c,0x69,0x32,0x45,0x45,0x45,0x45,0x4c,0x69,0x38,0x45,
0x4c,0x4e,0x53,0x31,0x5f,0x32,0x31,0x4d,0x61,0x73,0x6b,0x69,0x6e,0x67,0x53,0x70,
0x65,0x63,0x69,0x61,0x6c,0x69,0x7a,0x61,0x74,0x69,0x6f,0x6e,0x45,0x30,0x45,0x4c,
0x4e,0x53,0x5f,0x31,0x33,0x4c,0x6f,0x6f,0x70,0x53,0x63,0x68,0x65,0x64,0x75,0x6c,
0x65,0x72,0x45,0x30,0x45,0x4c,0x4e,0x53,0x5f,0x31,0x35,0x50,0x69,0x70,0x65,0x6c,
0x69,0x6e,0x65,0x56,0x65,0x72,0x73,0x69,0x6f,0x6e,0x45,0x30,0x45,0x45,0x45,0x4e,
0x53,0x5f,0x33,0x35,0x47,0x72,0x69,0x64,0x77,0x69,0x73,0x65,0x42,0x61,0x74,0x63,
0x68,0x65,0x64,0x47,0x65,0x6d,0x6d,0x53,0x6f,0x66,0x74,0x6d,0x61,0x78,0x47,0x65,
0x6d,0x6d,0x5f,0x57,0x6d,0x6d,0x61,0x49,0x44,0x46,0x31,0x36,0x5f,0x44,0x46,0x31,
0x36,0x5f,0x66,0x44,0x46,0x31,0x36,0x5f,0x66,0x66,0x44,0x46,0x31,0x36,0x5f,0x53,
0x37,0x5f,0x53,0x37,0x5f,0x53,0x38,0x5f,0x53,0x37,0x5f,0x53,0x37,0x5f,0x4c,0x4e,
0x53,0x5f,0x32,0x35,0x49,0x6e,0x4d,0x65,0x6d,0x6f,0x72,0x79,0x44,0x61,0x74,0x61,
0x4f,0x70,0x65,0x72,0x61,0x74,0x69,0x6f,0x6e,0x45,0x6e,0x75,0x6d,0x45,0x30,0x45,
0x4e,0x53,0x5f,0x31,0x36,0x54,0x65,0x6e,0x73,0x6f,0x72,0x44,0x65,0x73,0x63,0x72,
0x69,0x70,0x74,0x6f,0x72,0x49,0x4e,0x53,0x34,0x5f,0x49,0x4a,0x4e,0x53,0x5f,0x35,
0x45,0x6d,0x62,0x65,0x64,0x49,0x4e,0x53,0x34,0x5f,0x49,0x4a,0x69,0x69,0x45,0x45,
0x45,0x53,0x50,0x5f,0x4c,0x62,0x30,0x45,0x45,0x45,0x4e,0x53,0x5f,0x32,0x33,0x4d,
0x65,0x72,0x67,0x65,0x5f,0x76,0x32,0x5f,0x6d,0x61,0x67,0x69,0x63,0x5f,0x64,0x69,
0x76,0x69,0x73,0x69,0x6f,0x6e,0x49,0x4e,0x53,0x34,0x5f,0x49,0x4a,0x69,0x45,0x45,
0x45,0x45,0x45,0x53,0x54,0x5f,0x4e,0x53,0x5f,0x38,0x52,0x69,0x67,0x68,0x74,0x50,
0x61,0x64,0x49,0x69,0x69,0x4c,0x62,0x30,0x45,0x45,0x45,0x53,0x56,0x5f,0x4e,0x53,
0x5f,0x37,0x55,0x6e,0x4d,0x65,0x72,0x67,0x65,0x49,0x4e,0x53,0x34,0x5f,0x49,0x4a,
0x69,0x4e,0x53,0x5f,0x31,0x37,0x69,0x6e,0x74,0x65,0x67,0x72,0x61,0x6c,0x5f,0x63,
0x6f,0x6e,0x73,0x74,0x61,0x6e,0x74,0x49,0x69,0x4c,0x69,0x31,0x45,0x45,0x45,0x4e,
0x53,0x58,0x5f,0x49,0x69,0x4c,0x69,0x32,0x45,0x45,0x45,0x4e,0x53,0x58,0x5f,0x49,
0x69,0x4c,0x69,0x38,0x45,0x45,0x45,0x45,0x45,0x45,0x4c,0x62,0x30,0x45,0x45,0x45,
0x4e,0x53,0x57,0x5f,0x49,0x4e,0x53,0x34,0x5f,0x49,0x4a,0x69,0x4e,0x53,0x58,0x5f,
0x49,0x69,0x4c,0x69,0x34,0x45,0x45,0x45,0x4e,0x53,0x58,0x5f,0x49,0x69,0x4c,0x69,
0x31,0x36,0x45,0x45,0x45,0x45,0x45,0x45,0x4c,0x62,0x30,0x45,0x45,0x45,0x45,0x45,
0x45,0x4e,0x53,0x34,0x5f,0x49,0x4a,0x4e,0x53,0x42,0x5f,0x49,0x4a,0x4c,0x69,0x30,
0x45,0x45,0x45,0x45,0x4e,0x53,0x42,0x5f,0x49,0x4a,0x4c,0x69,0x31,0x45,0x45,0x45,
0x45,0x4e,0x53,0x42,0x5f,0x49,0x4a,0x4c,0x69,0x32,0x45,0x45,0x45,0x45,0x4e,0x53,
0x42,0x5f,0x49,0x4a,0x4c,0x69,0x33,0x45,0x45,0x45,0x45,0x4e,0x53,0x42,0x5f,0x49,
0x4a,0x4c,0x69,0x34,0x45,0x45,0x45,0x45,0x4e,0x53,0x42,0x5f,0x49,0x4a,0x4c,0x69,
0x36,0x45,0x45,0x45,0x45,0x4e,0x53,0x42,0x5f,0x49,0x4a,0x4c,0x69,0x35,0x45,0x45,
0x45,0x45,0x45,0x45,0x45,0x4e,0x53,0x34,0x5f,0x49,0x4a,0x4e,0x53,0x42,0x5f,0x49,
0x4a,0x4c,0x69,0x31,0x45,0x4c,0x69,0x32,0x45,0x45,0x45,0x45,0x53,0x31,0x42,0x5f,
0x53,0x31,0x43,0x5f,0x53,0x31,0x45,0x5f,0x53,0x31,0x44,0x5f,0x4e,0x53,0x42,0x5f,
0x49,0x4a,0x4c,0x69,0x37,0x45,0x4c,0x69,0x38,0x45,0x4c,0x69,0x39,0x45,0x4c,0x69,
0x31,0x30,0x45,0x45,0x45,0x45,0x4e,0x53,0x42,0x5f,0x49,0x4a,0x4c,0x69,0x31,0x31,
0x45,0x4c,0x69,0x31,0x32,0x45,0x4c,0x69,0x31,0x33,0x45,0x45,0x45,0x45,0x45,0x45,
0x45,0x4e,0x53,0x42,0x5f,0x49,0x4a,0x4c,0x69,0x37,0x45,0x4c,0x69,0x31,0x31,0x45,
0x4c,0x69,0x31,0x32,0x45,0x4c,0x69,0x38,0x45,0x4c,0x69,0x39,0x45,0x4c,0x69,0x31,
0x33,0x45,0x4c,0x69,0x31,0x30,0x45,0x45,0x45,0x45,0x78,0x45,0x45,0x4e,0x53,0x4e,
0x5f,0x49,0x4e,0x53,0x34,0x5f,0x49,0x4a,0x53,0x51,0x5f,0x53,0x54,0x5f,0x53,0x54,
0x5f,0x53,0x56,0x5f,0x53,0x56,0x5f,0x4e,0x53,0x57,0x5f,0x49,0x4e,0x53,0x34,0x5f,
0x49,0x4a,0x69,0x53,0x31,0x30,0x5f,0x45,0x45,0x45,0x4c,0x62,0x30,0x45,0x45,0x45,
0x4e,0x53,0x5f,0x31,0x31,0x50,0x61,0x73,0x73,0x54,0x68,0x72,0x6f,0x75,0x67,0x68,
0x49,0x69,0x45,0x45,0x45,0x45,0x45,0x53,0x31,0x46,0x5f,0x4e,0x53,0x34,0x5f,0x49,
0x4a,0x53,0x31,0x47,0x5f,0x53,0x31,0x42,0x5f,0x53,0x31,0x43,0x5f,0x53,0x31,0x45,
0x5f,0x53,0x31,0x44,0x5f,0x4e,0x53,0x42,0x5f,0x49,0x4a,0x4c,0x69,0x37,0x45,0x4c,
0x69,0x38,0x45,0x45,0x45,0x45,0x4e,0x53,0x42,0x5f,0x49,0x4a,0x4c,0x69,0x39,0x45,
0x45,0x45,0x45,0x45,0x45,0x45,0x4e,0x53,0x42,0x5f,0x49,0x4a,0x4c,0x69,0x37,0x45,
0x4c,0x69,0x39,0x45,0x4c,0x69,0x38,0x45,0x45,0x45,0x45,0x78,0x45,0x45,0x53,0x31,
0x56,0x5f,0x4e,0x53,0x4e,0x5f,0x49,0x4e,0x53,0x34,0x5f,0x49,0x4a,0x53,0x51,0x5f,
0x53,0x54,0x5f,0x53,0x54,0x5f,0x53,0x56,0x5f,0x53,0x56,0x5f,0x45,0x45,0x45,0x4e,
0x53,0x34,0x5f,0x49,0x4a,0x53,0x31,0x38,0x5f,0x53,0x31,0x39,0x5f,0x53,0x31,0x41,
0x5f,0x53,0x31,0x42,0x5f,0x53,0x31,0x43,0x5f,0x45,0x45,0x45,0x4e,0x53,0x34,0x5f,
0x49,0x4a,0x53,0x31,0x47,0x5f,0x53,0x31,0x42,0x5f,0x53,0x31,0x43,0x5f,0x53,0x31,
0x45,0x5f,0x53,0x31,0x44,0x5f,0x45,0x45,0x45,0x4e,0x53,0x42,0x5f,0x49,0x4a,0x4c,
0x69,0x35,0x45,0x4c,0x69,0x36,0x45,0x45,0x45,0x45,0x78,0x45,0x45,0x4c,0x69,0x36,
0x34,0x45,0x4c,0x69,0x31,0x32,0x38,0x45,0x4c,0x69,0x38,0x30,0x45,0x4c,0x69,0x38,
0x45,0x4c,0x69,0x38,0x45,0x4c,0x69,0x38,0x30,0x45,0x4c,0x69,0x36,0x34,0x45,0x4c,
0x69,0x38,0x45,0x4c,0x69,0x31,0x36,0x45,0x4c,0x69,0x31,0x36,0x45,0x4c,0x69,0x31,
0x36,0x45,0x4c,0x69,0x31,0x45,0x4c,0x69,0x38,0x45,0x4c,0x69,0x35,0x45,0x4c,0x69,
0x31,0x32,0x38,0x45,0x53,0x43,0x5f,0x53,0x44,0x5f,0x53,0x44,0x5f,0x4c,0x69,0x32,
0x45,0x4c,0x69,0x38,0x45,0x4c,0x69,0x38,0x45,0x4c,0x62,0x31,0x45,0x4c,0x62,0x30,
0x45,0x4c,0x62,0x31,0x45,0x53,0x43,0x5f,0x53,0x44,0x5f,0x53,0x44,0x5f,0x4c,0x69,
0x32,0x45,0x4c,0x69,0x38,0x45,0x4c,0x69,0x38,0x45,0x4c,0x62,0x31,0x45,0x4c,0x62,
0x31,0x45,0x4c,0x62,0x31,0x45,0x53,0x45,0x5f,0x53,0x46,0x5f,0x53,0x46,0x5f,0x4c,
0x69,0x31,0x45,0x4c,0x69,0x32,0x45,0x4c,0x69,0x31,0x45,0x4c,0x62,0x30,0x45,0x4c,
0x62,0x31,0x45,0x4c,0x62,0x30,0x45,0x4c,0x69,0x31,0x45,0x4c,0x69,0x31,0x45,0x53,
0x47,0x5f,0x4c,0x69,0x38,0x45,0x4c,0x62,0x31,0x45,0x4c,0x62,0x30,0x45,0x4c,0x69,
0x31,0x45,0x4c,0x53,0x49,0x5f,0x30,0x45,0x4c,0x53,0x4a,0x5f,0x30,0x45,0x45,0x45,
0x44,0x46,0x31,0x36,0x5f,0x44,0x46,0x31,0x36,0x5f,0x44,0x46,0x31,0x36,0x5f,0x44,
0x46,0x31,0x36,0x5f,0x53,0x37,0x5f,0x53,0x37,0x5f,0x53,0x38,0x5f,0x53,0x37,0x5f,
0x53,0x37,0x5f,0x4c,0x62,0x30,0x45,0x45,0x45,0x76,0x50,0x50,0x4b,0x54,0x31,0x5f,
0x50,0x50,0x4b,0x54,0x32,0x5f,0x50,0x50,0x4b,0x54,0x33,0x5f,0x50,0x50,0x54,0x34,
0x5f,0x69,0x69,0x69,0x69,0x69,0x69,0x69,0x66,0x2e,0x68,0x61,0x73,0x5f,0x72,0x65,
0x63,0x75,0x72,0x73,0x69,0x6f,0x6e,0x00,0x5f,0x5a,0x4e,0x32,0x63,0x6b,0x31,0x36,
0x74,0x65,0x6e,0x73,0x6f,0x72,0x5f,0x6f,0x70,0x65,0x72,0x61,0x74,0x69,0x6f,0x6e,
0x36,0x64,0x65,0x76,0x69,0x63,0x65,0x34,0x34,0x6b,0x65,0x72,0x6e,0x65,0x6c,0x5f,
0x67,0x72,0x6f,0x75,0x70,0x65,0x64,0x5f,0x71,0x75,0x65,0x72,0x79,0x5f,0x61,0x74,
0x74,0x65,0x6e,0x74,0x69,0x6f,0x6e,0x5f,0x77,0x6d,0x6d,0x61,0x5f,0x75,0x6e,0x70,
0x61,0x63,0x6b,0x65,0x64,0x49,0x4e,0x53,0x31,0x5f,0x33,0x39,0x44,0x65,0x76,0x69,
0x63,0x65,0x47,0x72,0x6f,0x75,0x70,0x65,0x64,0x51,0x75,0x65,0x72,0x79,0x41,0x74,
0x74,0x65,0x6e,0x74,0x69,0x6f,0x6e,0x46,0x6f,0x72,0x77,0x61,0x72,0x64,0x5f,0x57,
0x6d,0x6d,0x61,0x49,0x4c,0x69,0x32,0x45,0x4c,0x69,0x31,0x45,0x4c,0x69,0x31,0x45,
0x4c,0x69,0x31,0x45,0x4c,0x69,0x31,0x45,0x44,0x46,0x31,0x36,0x5f,0x44,0x46,0x31,
0x36,0x5f,0x44,0x46,0x31,0x36,0x5f,0x44,0x46,0x31,0x36,0x5f,0x4e,0x53,0x5f,0x35,
0x54,0x75,0x70,0x6c,0x65,0x49,0x4a,0x45,0x45,0x45,0x66,0x53,0x35,0x5f,0x66,0x66,
0x4e,0x53,0x30,0x5f,0x31,0x32,0x65,0x6c,0x65,0x6d,0x65,0x6e,0x74,0x5f,0x77,0x69,
0x73,0x65,0x31,0x31,0x50,0x61,0x73,0x73,0x54,0x68,0x72,0x6f,0x75,0x67,0x68,0x45,
0x53,0x37,0x5f,0x4e,0x53,0x36,0x5f,0x35,0x53,0x63,0x61,0x6c,0x65,0x45,0x53,0x37,
0x5f,0x53,0x37,0x5f,0x4c,0x4e,0x53,0x31,0x5f,0x31,0x38,0x47,0x65,0x6d,0x6d,0x53,
0x70,0x65,0x63,0x69,0x61,0x6c,0x69,0x7a,0x61,0x74,0x69,0x6f,0x6e,0x45,0x31,0x35,
0x45,0x4c,0x4e,0x53,0x31,0x5f,0x32,0x30,0x54,0x65,0x6e,0x73,0x6f,0x72,0x53,0x70,
0x65,0x63,0x69,0x61,0x6c,0x69,0x7a,0x61,0x74,0x69,0x6f,0x6e,0x45,0x30,0x45,0x4c,
0x53,0x41,0x5f,0x30,0x45,0x4c,0x53,0x41,0x5f,0x30,0x45,0x4c,0x53,0x41,0x5f,0x30,
0x45,0x4c,0x69,0x31,0x45,0x4c,0x69,0x31,0x32,0x38,0x45,0x4c,0x69,0x36,0x34,0x45,
0x4c,0x69,0x31,0x32,0x38,0x45,0x4c,0x69,0x38,0x30,0x45,0x4c,0x69,0x38,0x45,0x4c,
0x69,0x38,0x45,0x4c,0x69,0x38,0x30,0x45,0x4c,0x69,0x36,0x34,0x45,0x4c,0x69,0x38,
0x45,0x4c,0x69,0x31,0x36,0x45,0x4c,0x69,0x31,0x36,0x45,0x4c,0x69,0x31,0x36,0x45,
0x4c,0x69,0x31,0x45,0x4c,0x69,0x38,0x45,0x4c,0x69,0x35,0x45,0x4e,0x53,0x5f,0x38,
0x53,0x65,0x71,0x75,0x65,0x6e,0x63,0x65,0x49,0x4a,0x4c,0x69,0x32,0x45,0x4c,0x69,
0x36,0x34,0x45,0x4c,0x69,0x31,0x45,0x45,0x45,0x45,0x4e,0x53,0x42,0x5f,0x49,0x4a,
0x4c,0x69,0x31,0x45,0x4c,0x69,0x30,0x45,0x4c,0x69,0x32,0x45,0x45,0x45,0x45,0x53,
0x44,0x5f,0x4c,0x69,0x32,0x45,0x4c,0x69,0x38,0x45,0x4c,0x69,0x38,0x45,0x4c,0x62,
0x31,0x45,0x53,0x43,0x5f,0x53,0x44,0x5f,0x53,0x44,0x5f,0x4c,0x69,0x32,0x45,0x4c,
0x69,0x38,0x45,0x4c,0x69,0x38,0x45,0x4c,0x62,0x31,0x45,0x4e,0x53,0x42,0x5f,0x49,
0x4a,0x4c,0x69,0x32,0x45,0x4c,0x69,0x38,0x45,0x4c,0x69,0x38,0x45,0x45,0x45,0x45,
0x4e,0x53,0x42,0x5f,0x49,0x4a,0x4c,0x69,0x30,0x45,0x4c,0x69,0x32,0x45,0x4c,0x69,
0x31,0x45,0x45,0x45,0x45,0x53,0x46,0x5f,0x4c,0x69,0x31,0x45,0x4c,0x69,0x32,0x45,
0x4c,0x69,0x31,0x45,0x4c,0x62,0x30,0x45,0x4c,0x69,0x31,0x45,0x4c,0x69,0x31,0x45,
0x4e,0x53,0x42,0x5f,0x49,0x4a,0x4c,0x69,0x31,0x45,0x4c,0x69,0x36,0x34,0x45,0x4c,
0x69,0x31,0x45,0x4c,0x69,0x32,0x45,0x45,0x45,0x45,0x4c,0x69,0x38,0x45,0x4c,0x4e,
0x53,0x31,0x5f,0x32,0x31,0x4d,0x61,0x73,0x6b,0x69,0x6e,0x67,0x53,0x70,0x65,0x63,
0x69,0x61,0x6c,0x69,0x7a,0x61,0x74,0x69,0x6f,0x6e,0x45,0x30,0x45,0x4c,0x4e,0x53,
0x5f,0x31,0x33,0x4c,0x6f,0x6f,0x70,0x53,0x63,0x68,0x65,0x64,0x75,0x6c,0x65,0x72,
0x45,0x30,0x45,0x4c,0x4e,0x53,0x5f,0x31,0x35,0x50,0x69,0x70,0x65,0x6c,0x69,0x6e,
0x65,0x56,0x65,0x72,0x73,0x69,0x6f,0x6e,0x45,0x30,0x45,0x45,0x45,0x4e,0x53,0x5f,
0x33,0x35,0x47,0x72,0x69,0x64,0x77,0x69,0x73,0x65,0x42,0x61,0x74,0x63,0x68,0x65,
0x64,0x47,0x65,0x6d,0x6d,0x53,0x6f,0x66,0x74,0x6d,0x61,0x78,0x47,0x65,0x6d,0x6d,
0x5f,0x57,0x6d,0x6d,0x61,0x49,0x44,0x46,0x31,0x36,0x5f,0x44,0x46,0x31,0x36,0x5f,
0x66,0x44,0x46,0x31,0x36,0x5f,0x66,0x66,0x44,0x46,0x31,0x36,0x5f,0x53,0x37,0x5f,
0x53,0x37,0x5f,0x53,0x38,0x5f,0x53,0x37,0x5f,0x53,0x37,0x5f,0x4c,0x4e,0x53,0x5f,
0x32,0x35,0x49,0x6e,0x4d,0x65,0x6d,0x6f,0x72,0x79,0x44,0x61,0x74,0x61,0x4f,0x70,
0x65,0x72,0x61,0x74,0x69,0x6f,0x6e,0x45,0x6e,0x75,0x6d,0x45,0x30,0x45,0x4e,0x53,
0x5f,0x31,0x36,0x54,0x65,0x6e,0x73,0x6f,0x72,0x44,0x65,0x73,0x63,0x72,0x69,0x70,
0x74,0x6f,0x72,0x49,0x4e,0x53,0x34,0x5f,0x49,0x4a,0x4e,0x53,0x5f,0x35,0x45,0x6d,
0x62,0x65,0x64,0x49,0x4e,0x53,0x34,0x5f,0x49,0x4a,0x69,0x69,0x45,0x45,0x45,0x53,
0x50,0x5f,0x4c,0x62,0x30,0x45,0x45,0x45,0x4e,0x53,0x5f,0x32,0x33,0x4d,0x65,0x72,
0x67,0x65,0x5f,0x76,0x32,0x5f,0x6d,0x61,0x67,0x69,0x63,0x5f,0x64,0x69,0x76,0x69,
0x73,0x69,0x6f,0x6e,0x49,0x4e,0x53,0x34,0x5f,0x49,0x4a,0x69,0x45,0x45,0x45,0x45,
0x45,0x53,0x54,0x5f,0x4e,0x53,0x5f,0x38,0x52,0x69,0x67,0x68,0x74,0x50,0x61,0x64,
0x49,0x69,0x69,0x4c,0x62,0x30,0x45,0x45,0x45,0x53,0x56,0x5f,0x4e,0x53,0x5f,0x37,
0x55,0x6e,0x4d,0x65,0x72,0x67,0x65,0x49,0x4e,0x53,0x34,0x5f,0x49,0x4a,0x69,0x4e,
0x53,0x5f,0x31,0x37,0x69,0x6e,0x74,0x65,0x67,0x72,0x61,0x6c,0x5f,0x63,0x6f,0x6e,
0x73,0x74,0x61,0x6e,0x74,0x49,0x69,0x4c,0x69,0x31,0x45,0x45,0x45,0x4e,0x53,0x58,
0x5f,0x49,0x69,0x4c,0x69,0x32,0x45,0x45,0x45,0x4e,0x53,0x58,0x5f,0x49,0x69,0x4c,
0x69,0x38,0x45,0x45,0x45,0x45,0x45,0x45,0x4c,0x62,0x30,0x45,0x45,0x45,0x4e,0x53,
0x57,0x5f,0x49,0x4e,0x53,0x34,0x5f,0x49,0x4a,0x69,0x4e,0x53,0x58,0x5f,0x49,0x69,
0x4c,0x69,0x34,0x45,0x45,0x45,0x4e,0x53,0x58,0x5f,0x49,0x69,0x4c,0x69,0x31,0x36,
0x45,0x45,0x45,0x45,0x45,0x45,0x4c,0x62,0x30,0x45,0x45,0x45,0x45,0x45,0x45,0x4e,
0x53,0x34,0x5f,0x49,0x4a,0x4e,0x53,0x42,0x5f,0x49,0x4a,0x4c,0x69,0x30,0x45,0x45,
0x45,0x45,0x4e,0x53,0x42,0x5f,0x49,0x4a,0x4c,0x69,0x31,0x45,0x45,0x45,0x45,0x4e,
0x53,0x42,0x5f,0x49,0x4a,0x4c,0x69,0x32,0x45,0x45,0x45,0x45,0x4e,0x53,0x42,0x5f,
0x49,0x4a,0x4c,0x69,0x33,0x45,0x45,0x45,0x45,0x4e,0x53,0x42,0x5f,0x49,0x4a,0x4c,
0x69,0x34,0x45,0x45,0x45,0x45,0x4e,0x53,0x42,0x5f,0x49,0x4a,0x4c,0x69,0x36,0x45,
0x45,0x45,0x45,0x4e,0x53,0x42,0x5f,0x49,0x4a,0x4c,0x69,0x35,0x45,0x45,0x45,0x45,
0x45,0x45,0x45,0x4e,0x53,0x34,0x5f,0x49,0x4a,0x4e,0x53,0x42,0x5f,0x49,0x4a,0x4c,
0x69,0x31,0x45,0x4c,0x69,0x32,0x45,0x45,0x45,0x45,0x53,0x31,0x42,0x5f,0x53,0x31,
0x43,0x5f,0x53,0x31,0x45,0x5f,0x53,0x31,0x44,0x5f,0x4e,0x53,0x42,0x5f,0x49,0x4a,
0x4c,0x69,0x37,0x45,0x4c,0x69,0x38,0x45,0x4c,0x69,0x39,0x45,0x4c,0x69,0x31,0x30,
0x45,0x45,0x45,0x45,0x4e,0x53,0x42,0x5f,0x49,0x4a,0x4c,0x69,0x31,0x31,0x45,0x4c,
0x69,0x31,0x32,0x45,0x4c,0x69,0x31,0x33,0x45,0x45,0x45,0x45,0x45,0x45,0x45,0x4e,
0x53,0x42,0x5f,0x49,0x4a,0x4c,0x69,0x37,0x45,0x4c,0x69,0x31,0x31,0x45,0x4c,0x69,
0x31,0x32,0x45,0x4c,0x69,0x38,0x45,0x4c,0x69,0x39,0x45,0x4c,0x69,0x31,0x33,0x45,
0x4c,0x69,0x31,0x30,0x45,0x45,0x45,0x45,0x78,0x45,0x45,0x4e,0x53,0x4e,0x5f,0x49,
0x4e,0x53,0x34,0x5f,0x49,0x4a,0x53,0x51,0x5f,0x53,0x54,0x5f,0x53,0x54,0x5f,0x53,
0x56,0x5f,0x53,0x56,0x5f,0x4e,0x53,0x57,0x5f,0x49,0x4e,0x53,0x34,0x5f,0x49,0x4a,
0x69,0x53,0x31,0x30,0x5f,0x45,0x45,0x45,0x4c,0x62,0x30,0x45,0x45,0x45,0x4e,0x53,
0x5f,0x31,0x31,0x50,0x61,0x73,0x73,0x54,0x68,0x72,0x6f,0x75,0x67,0x68,0x49,0x69,
0x45,0x45,0x45,0x45,0x45,0x53,0x31,0x46,0x5f,0x4e,0x53,0x34,0x5f,0x49,0x4a,0x53,
0x31,0x47,0x5f,0x53,0x31,0x42,0x5f,0x53,0x31,0x43,0x5f,0x53,0x31,0x45,0x5f,0x53,
0x31,0x44,0x5f,0x4e,0x53,0x42,0x5f,0x49,0x4a,0x4c,0x69,0x37,0x45,0x4c,0x69,0x38,
0x45,0x45,0x45,0x45,0x4e,0x53,0x42,0x5f,0x49,0x4a,0x4c,0x69,0x39,0x45,0x45,0x45,
0x45,0x45,0x45,0x45,0x4e,0x53,0x42,0x5f,0x49,0x4a,0x4c,0x69,0x37,0x45,0x4c,0x69,
0x39,0x45,0x4c,0x69,0x38,0x45,0x45,0x45,0x45,0x78,0x45,0x45,0x53,0x31,0x56,0x5f,
0x4e,0x53,0x4e,0x5f,0x49,0x4e,0x53,0x34,0x5f,0x49,0x4a,0x53,0x51,0x5f,0x53,0x54,
0x5f,0x53,0x54,0x5f,0x53,0x56,0x5f,0x53,0x56,0x5f,0x45,0x45,0x45,0x4e,0x53,0x34,
0x5f,0x49,0x4a,0x53,0x31,0x38,0x5f,0x53,0x31,0x39,0x5f,0x53,0x31,0x41,0x5f,0x53,
0x31,0x42,0x5f,0x53,0x31,0x43,0x5f,0x45,0x45,0x45,0x4e,0x53,0x34,0x5f,0x49,0x4a,
0x53,0x31,0x47,0x5f,0x53,0x31,0x42,0x5f,0x53,0x31,0x43,0x5f,0x53,0x31,0x45,0x5f,
0x53,0x31,0x44,0x5f,0x45,0x45,0x45,0x4e,0x53,0x42,0x5f,0x49,0x4a,0x4c,0x69,0x35,
0x45,0x4c,0x69,0x36,0x45,0x45,0x45,0x45,0x78,0x45,0x45,0x4c,0x69,0x36,0x34,0x45,
0x4c,0x69,0x31,0x32,0x38,0x45,0x4c,0x69,0x38,0x30,0x45,0x4c,0x69,0x38,0x45,0x4c,
0x69,0x38,0x45,0x4c,0x69,0x38,0x30,0x45,0x4c,0x69,0x36,0x34,0x45,0x4c,0x69,0x38,
0x45,0x4c,0x69,0x31,0x36,0x45,0x4c,0x69,0x31,0x36,0x45,0x4c,0x69,0x31,0x36,0x45,
0x4c,0x69,0x31,0x45,0x4c,0x69,0x38,0x45,0x4c,0x69,0x35,0x45,0x4c,0x69,0x31,0x32,
0x38,0x45,0x53,0x43,0x5f,0x53,0x44,0x5f,0x53,0x44,0x5f,0x4c,0x69,0x32,0x45,0x4c,
0x69,0x38,0x45,0x4c,0x69,0x38,0x45,0x4c,0x62,0x31,0x45,0x4c,0x62,0x30,0x45,0x4c,
0x62,0x31,0x45,0x53,0x43,0x5f,0x53,0x44,0x5f,0x53,0x44,0x5f,0x4c,0x69,0x32,0x45,
0x4c,0x69,0x38,0x45,0x4c,0x69,0x38,0x45,0x4c,0x62,0x31,0x45,0x4c,0x62,0x31,0x45,
0x4c,0x62,0x31,0x45,0x53,0x45,0x5f,0x53,0x46,0x5f,0x53,0x46,0x5f,0x4c,0x69,0x31,
0x45,0x4c,0x69,0x32,0x45,0x4c,0x69,0x31,0x45,0x4c,0x62,0x30,0x45,0x4c,0x62,0x31,
0x45,0x4c,0x62,0x30,0x45,0x4c,0x69,0x31,0x45,0x4c,0x69,0x31,0x45,0x53,0x47,0x5f,
0x4c,0x69,0x38,0x45,0x4c,0x62,0x31,0x45,0x4c,0x62,0x30,0x45,0x4c,0x69,0x31,0x45,
0x4c,0x53,0x49,0x5f,0x30,0x45,0x4c,0x53,0x4a,0x5f,0x30,0x45,0x45,0x45,0x44,0x46,
0x31,0x36,0x5f,0x44,0x46,0x31,0x36,0x5f,0x44,0x46,0x31,0x36,0x5f,0x44,0x46,0x31,
0x36,0x5f,0x53,0x37,0x5f,0x53,0x37,0x5f,0x53,0x38,0x5f,0x53,0x37,0x5f,0x53,0x37,
0x5f,0x4c,0x62,0x30,0x45,0x45,0x45,0x76,0x50,0x50,0x4b,0x54,0x31,0x5f,0x50,0x50,
0x4b,0x54,0x32,0x5f,0x50,0x50,0x4b,0x54,0x33,0x5f,0x50,0x50,0x54,0x34,0x5f,0x69,
0x69,0x69,0x69,0x69,0x69,0x69,0x66,0x2e,0x68,0x61,0x73,0x5f,0x69,0x6e,0x64,0x69,
0x72,0x65,0x63,0x74,0x5f,0x63,0x61,0x6c,0x6c,0x00,0x61,0x6d,0x64,0x67,0x70,0x75,
0x2e,0x6d,0x61,0x78,0x5f,0x6e,0x75,0x6d,0x5f,0x76,0x67,0x70,0x72,0x00,0x61,0x6d,
0x64,0x67,0x70,0x75,0x2e,0x6d,0x61,0x78,0x5f,0x6e,0x75,0x6d,0x5f,0x61,0x67,0x70,
0x72,0x00,0x61,0x6d,0x64,0x67,0x70,0x75,0x2e,0x6d,0x61,0x78,0x5f,0x6e,0x75,0x6d,
0x5f,0x73,0x67,0x70,0x72,0x00,0x5f,0x5a,0x4e,0x32,0x63,0x6b,0x31,0x36,0x74,0x65,
0x6e,0x73,0x6f,0x72,0x5f,0x6f,0x70,0x65,0x72,0x61,0x74,0x69,0x6f,0x6e,0x36,0x64,
0x65,0x76,0x69,0x63,0x65,0x34,0x34,0x6b,0x65,0x72,0x6e,0x65,0x6c,0x5f,0x67,0x72,
0x6f,0x75,0x70,0x65,0x64,0x5f,0x71,0x75,0x65,0x72,0x79,0x5f,0x61,0x74,0x74,0x65,
0x6e,0x74,0x69,0x6f,0x6e,0x5f,0x77,0x6d,0x6d,0x61,0x5f,0x75,0x6e,0x70,0x61,0x63,
0x6b,0x65,0x64,0x49,0x4e,0x53,0x31,0x5f,0x33,0x39,0x44,0x65,0x76,0x69,0x63,0x65,
0x47,0x72,0x6f,0x75,0x70,0x65,0x64,0x51,0x75,0x65,0x72,0x79,0x41,0x74,0x74,0x65,
0x6e,0x74,0x69,0x6f,0x6e,0x46,0x6f,0x72,0x77,0x61,0x72,0x64,0x5f,0x57,0x6d,0x6d,
0x61,0x49,0x4c,0x69,0x32,0x45,0x4c,0x69,0x31,0x45,0x4c,0x69,0x31,0x45,0x4c,0x69,
0x31,0x45,0x4c,0x69,0x31,0x45,0x44,0x46,0x31,0x36,0x5f,0x44,0x46,0x31,0x36,0x5f,
0x44,0x46,0x31,0x36,0x5f,0x44,0x46,0x31,0x36,0x5f,0x4e,0x53,0x5f,0x35,0x54,0x75,
0x70,0x6c,0x65,0x49,0x4a,0x45,0x45,0x45,0x66,0x53,0x35,0x5f,0x66,0x66,0x4e,0x53,
0x30,0x5f,0x31,0x32,0x65,0x6c,0x65,0x6d,0x65,0x6e,0x74,0x5f,0x77,0x69,0x73,0x65,
0x31,0x31,0x50,0x61,0x73,0x73,0x54,0x68,0x72,0x6f,0x75,0x67,0x68,0x45,0x53,0x37,
0x5f,0x4e,0x53,0x36,0x5f,0x35,0x53,0x63,0x61,0x6c,0x65,0x45,0x53,0x37,0x5f,0x53,
0x37,0x5f,0x4c,0x4e,0x53,0x31,0x5f,0x31,0x38,0x47,0x65,0x6d,0x6d,0x53,0x70,0x65,
0x63,0x69,0x61,0x6c,0x69,0x7a,0x61,0x74,0x69,0x6f,0x6e,0x45,0x31,0x35,0x45,0x4c,
0x4e,0x53,0x31,0x5f,0x32,0x30,0x54,0x65,0x6e,0x73,0x6f,0x72,0x53,0x70,0x65,0x63,
0x69,0x61,0x6c,0x69,0x7a,0x61,0x74,0x69,0x6f,0x6e,0x45,0x30,0x45,0x4c,0x53,0x41,
0x5f,0x30,0x45,0x4c,0x53,0x41,0x5f,0x30,0x45,0x4c,0x53,0x41,0x5f,0x30,0x45,0x4c,
0x69,0x31,0x45,0x4c,0x69,0x31,0x32,0x38,0x45,0x4c,0x69,0x36,0x34,0x45,0x4c,0x69,
0x31,0x32,0x38,0x45,0x4c,0x69,0x38,0x30,0x45,0x4c,0x69,0x38,0x45,0x4c,0x69,0x38,
0x45,0x4c,0x69,0x38,0x30,0x45,0x4c,0x69,0x36,0x34,0x45,0x4c,0x69,0x38,0x45,0x4c,
0x69,0x31,0x36,0x45,0x4c,0x69,0x31,0x36,0x45,0x4c,0x69,0x31,0x36,0x45,0x4c,0x69,
0x31,0x45,0x4c,0x69,0x38,0x45,0x4c,0x69,0x35,0x45,0x4e,0x53,0x5f,0x38,0x53,0x65,
0x71,0x75,0x65,0x6e,0x63,0x65,0x49,0x4a,0x4c,0x69,0x32,0x45,0x4c,0x69,0x36,0x34,
0x45,0x4c,0x69,0x31,0x45,0x45,0x45,0x45,0x4e,0x53,0x42,0x5f,0x49,0x4a,0x4c,0x69,
0x31,0x45,0x4c,0x69,0x30,0x45,0x4c,0x69,0x32,0x45,0x45,0x45,0x45,0x53,0x44,0x5f,
0x4c,0x69,0x32,0x45,0x4c,0x69,0x38,0x45,0x4c,0x69,0x38,0x45,0x4c,0x62,0x31,0x45,
0x53,0x43,0x5f,0x53,0x44,0x5f,0x53,0x44,0x5f,0x4c,0x69,0x32,0x45,0x4c,0x69,0x38,
0x45,0x4c,0x69,0x38,0x45,0x4c,0x62,0x31,0x45,0x4e,0x53,0x42,0x5f,0x49,0x4a,0x4c,
0x69,0x32,0x45,0x4c,0x69,0x38,0x45,0x4c,0x69,0x38,0x45,0x45,0x45,0x45,0x4e,0x53,
0x42,0x5f,0x49,0x4a,0x4c,0x69,0x30,0x45,0x4c,0x69,0x32,0x45,0x4c,0x69,0x31,0x45,
0x45,0x45,0x45,0x53,0x46,0x5f,0x4c,0x69,0x31,0x45,0x4c,0x69,0x32,0x45,0x4c,0x69,
0x31,0x45,0x4c,0x62,0x30,0x45,0x4c,0x69,0x31,0x45,0x4c,0x69,0x31,0x45,0x4e,0x53,
0x42,0x5f,0x49,0x4a,0x4c,0x69,0x31,0x45,0x4c,0x69,0x36,0x34,0x45,0x4c,0x69,0x31,
0x45,0x4c,0x69,0x32,0x45,0x45,0x45,0x45,0x4c,0x69,0x38,0x45,0x4c,0x4e,0x53,0x31,
0x5f,0x32,0x31,0x4d,0x61,0x73,0x6b,0x69,0x6e,0x67,0x53,0x70,0x65,0x63,0x69,0x61,
0x6c,0x69,0x7a,0x61,0x74,0x69,0x6f,0x6e,0x45,0x30,0x45,0x4c,0x4e,0x53,0x5f,0x31,
0x33,0x4c,0x6f,0x6f,0x70,0x53,0x63,0x68,0x65,0x64,0x75,0x6c,0x65,0x72,0x45,0x30,
0x45,0x4c,0x4e,0x53,0x5f,0x31,0x35,0x50,0x69,0x70,0x65,0x6c,0x69,0x6e,0x65,0x56,
0x65,0x72,0x73,0x69,0x6f,0x6e,0x45,0x30,0x45,0x45,0x45,0x4e,0x53,0x5f,0x33,0x35,
0x47,0x72,0x69,0x64,0x77,0x69,0x73,0x65,0x42,0x61,0x74,0x63,0x68,0x65,0x64,0x47,
0x65,0x6d,0x6d,0x53,0x6f,0x66,0x74,0x6d,0x61,0x78,0x47,0x65,0x6d,0x6d,0x5f,0x57,
0x6d,0x6d,0x61,0x49,0x44,0x46,0x31,0x36,0x5f,0x44,0x46,0x31,0x36,0x5f,0x66,0x44,
0x46,0x31,0x36,0x5f,0x66,0x66,0x44,0x46,0x31,0x36,0x5f,0x53,0x37,0x5f,0x53,0x37,
0x5f,0x53,0x38,0x5f,0x53,0x37,0x5f,0x53,0x37,0x5f,0x4c,0x4e,0x53,0x5f,0x32,0x35,
0x49,0x6e,0x4d,0x65,0x6d,0x6f,0x72,0x79,0x44,0x61,0x74,0x61,0x4f,0x70,0x65,0x72,
0x61,0x74,0x69,0x6f,0x6e,0x45,0x6e,0x75,0x6d,0x45,0x30,0x45,0x4e,0x53,0x5f,0x31,
0x36,0x54,0x65,0x6e,0x73,0x6f,0x72,0x44,0x65,0x73,0x63,0x72,0x69,0x70,0x74,0x6f,
0x72,0x49,0x4e,0x53,0x34,0x5f,0x49,0x4a,0x4e,0x53,0x5f,0x35,0x45,0x6d,0x62,0x65,
0x64,0x49,0x4e,0x53,0x34,0x5f,0x49,0x4a,0x69,0x69,0x45,0x45,0x45,0x53,0x50,0x5f,
0x4c,0x62,0x30,0x45,0x45,0x45,0x4e,0x53,0x5f,0x32,0x33,0x4d,0x65,0x72,0x67,0x65,
0x5f,0x76,0x32,0x5f,0x6d,0x61,0x67,0x69,0x63,0x5f,0x64,0x69,0x76,0x69,0x73,0x69,
0x6f,0x6e,0x49,0x4e,0x53,0x34,0x5f,0x49,0x4a,0x69,0x45,0x45,0x45,0x45,0x45,0x53,
0x54,0x5f,0x4e,0x53,0x5f,0x38,0x52,0x69,0x67,0x68,0x74,0x50,0x61,0x64,0x49,0x69,
0x69,0x4c,0x62,0x30,0x45,0x45,0x45,0x53,0x56,0x5f,0x4e,0x53,0x5f,0x37,0x55,0x6e,
0x4d,0x65,0x72,0x67,0x65,0x49,0x4e,0x53,0x34,0x5f,0x49,0x4a,0x69,0x4e,0x53,0x5f,
0x31,0x37,0x69,0x6e,0x74,0x65,0x67,0x72,0x61,0x6c,0x5f,0x63,0x6f,0x6e,0x73,0x74,
0x61,0x6e,0x74,0x49,0x69,0x4c,0x69,0x31,0x45,0x45,0x45,0x4e,0x53,0x58,0x5f,0x49,
0x69,0x4c,0x69,0x32,0x45,0x45,0x45,0x4e,0x53,0x58,0x5f,0x49,0x69,0x4c,0x69,0x38,
0x45,0x45,0x45,0x45,0x45,0x45,0x4c,0x62,0x30,0x45,0x45,0x45,0x4e,0x53,0x57,0x5f,
0x49,0x4e,0x53,0x34,0x5f,0x49,0x4a,0x69,0x4e,0x53,0x58,0x5f,0x49,0x69,0x4c,0x69,
0x34,0x45,0x45,0x45,0x4e,0x53,0x58,0x5f,0x49,0x69,0x4c,0x69,0x31,0x36,0x45,0x45,
0x45,0x45,0x45,0x45,0x4c,0x62,0x30,0x45,0x45,0x45,0x45,0x45,0x45,0x4e,0x53,0x34,
0x5f,0x49,0x4a,0x4e,0x53,0x42,0x5f,0x49,0x4a,0x4c,0x69,0x30,0x45,0x45,0x45,0x45,
0x4e,0x53,0x42,0x5f,0x49,0x4a,0x4c,0x69,0x31,0x45,0x45,0x45,0x45,0x4e,0x53,0x42,
0x5f,0x49,0x4a,0x4c,0x69,0x32,0x45,0x45,0x45,0x45,0x4e,0x53,0x42,0x5f,0x49,0x4a,
0x4c,0x69,0x33,0x45,0x45,0x45,0x45,0x4e,0x53,0x42,0x5f,0x49,0x4a,0x4c,0x69,0x34,
0x45,0x45,0x45,0x45,0x4e,0x53,0x42,0x5f,0x49,0x4a,0x4c,0x69,0x36,0x45,0x45,0x45,
0x45,0x4e,0x53,0x42,0x5f,0x49,0x4a,0x4c,0x69,0x35,0x45,0x45,0x45,0x45,0x45,0x45,
0x45,0x4e,0x53,0x34,0x5f,0x49,0x4a,0x4e,0x53,0x42,0x5f,0x49,0x4a,0x4c,0x69,0x31,
0x45,0x4c,0x69,0x32,0x45,0x45,0x45,0x45,0x53,0x31,0x42,0x5f,0x53,0x31,0x43,0x5f,
0x53,0x31,0x45,0x5f,0x53,0x31,0x44,0x5f,0x4e,0x53,0x42,0x5f,0x49,0x4a,0x4c,0x69,
0x37,0x45,0x4c,0x69,0x38,0x45,0x4c,0x69,0x39,0x45,0x4c,0x69,0x31,0x30,0x45,0x45,
0x45,0x45,0x4e,0x53,0x42,0x5f,0x49,0x4a,0x4c,0x69,0x31,0x31,0x45,0x4c,0x69,0x31,
0x32,0x45,0x4c,0x69,0x31,0x33,0x45,0x45,0x45,0x45,0x45,0x45,0x45,0x4e,0x53,0x42,
0x5f,0x49,0x4a,0x4c,0x69,0x37,0x45,0x4c,0x69,0x31,0x31,0x45,0x4c,0x69,0x31,0x32,
0x45,0x4c,0x69,0x38,0x45,0x4c,0x69,0x39,0x45,0x4c,0x69,0x31,0x33,0x45,0x4c,0x69,
0x31,0x30,0x45,0x45,0x45,0x45,0x78,0x45,0x45,0x4e,0x53,0x4e,0x5f,0x49,0x4e,0x53,
0x34,0x5f,0x49,0x4a,0x53,0x51,0x5f,0x53,0x54,0x5f,0x53,0x54,0x5f,0x53,0x56,0x5f,
0x53,0x56,0x5f,0x4e,0x53,0x57,0x5f,0x49,0x4e,0x53,0x34,0x5f,0x49,0x4a,0x69,0x53,
0x31,0x30,0x5f,0x45,0x45,0x45,0x4c,0x62,0x30,0x45,0x45,0x45,0x4e,0x53,0x5f,0x31,
0x31,0x50,0x61,0x73,0x73,0x54,0x68,0x72,0x6f,0x75,0x67,0x68,0x49,0x69,0x45,0x45,
0x45,0x45,0x45,0x53,0x31,0x46,0x5f,0x4e,0x53,0x34,0x5f,0x49,0x4a,0x53,0x31,0x47,
0x5f,0x53,0x31,0x42,0x5f,0x53,0x31,0x43,0x5f,0x53,0x31,0x45,0x5f,0x53,0x31,0x44,
0x5f,0x4e,0x53,0x42,0x5f,0x49,0x4a,0x4c,0x69,0x37,0x45,0x4c,0x69,0x38,0x45,0x45,
0x45,0x45,0x4e,0x53,0x42,0x5f,0x49,0x4a,0x4c,0x69,0x39,0x45,0x45,0x45,0x45,0x45,
0x45,0x45,0x4e,0x53,0x42,0x5f,0x49,0x4a,0x4c,0x69,0x37,0x45,0x4c,0x69,0x39,0x45,
0x4c,0x69,0x38,0x45,0x45,0x45,0x45,0x78,0x45,0x45,0x53,0x31,0x56,0x5f,0x4e,0x53,
0x4e,0x5f,0x49,0x4e,0x53,0x34,0x5f,0x49,0x4a,0x53,0x51,0x5f,0x53,0x54,0x5f,0x53,
0x54,0x5f,0x53,0x56,0x5f,0x53,0x56,0x5f,0x45,0x45,0x45,0x4e,0x53,0x34,0x5f,0x49,
0x4a,0x53,0x31,0x38,0x5f,0x53,0x31,0x39,0x5f,0x53,0x31,0x41,0x5f,0x53,0x31,0x42,
0x5f,0x53,0x31,0x43,0x5f,0x45,0x45,0x45,0x4e,0x53,0x34,0x5f,0x49,0x4a,0x53,0x31,
0x47,0x5f,0x53,0x31,0x42,0x5f,0x53,0x31,0x43,0x5f,0x53,0x31,0x45,0x5f,0x53,0x31,
0x44,0x5f,0x45,0x45,0x45,0x4e,0x53,0x42,0x5f,0x49,0x4a,0x4c,0x69,0x35,0x45,0x4c,
0x69,0x36,0x45,0x45,0x45,0x45,0x78,0x45,0x45,0x4c,0x69,0x36,0x34,0x45,0x4c,0x69,
0x31,0x32,0x38,0x45,0x4c,0x69,0x38,0x30,0x45,0x4c,0x69,0x38,0x45,0x4c,0x69,0x38,
0x45,0x4c,0x69,0x38,0x30,0x45,0x4c,0x69,0x36,0x34,0x45,0x4c,0x69,0x38,0x45,0x4c,
0x69,0x31,0x36,0x45,0x4c,0x69,0x31,0x36,0x45,0x4c,0x69,0x31,0x36,0x45,0x4c,0x69,
0x31,0x45,0x4c,0x69,0x38,0x45,0x4c,0x69,0x35,0x45,0x4c,0x69,0x31,0x32,0x38,0x45,
0x53,0x43,0x5f,0x53,0x44,0x5f,0x53,0x44,0x5f,0x4c,0x69,0x32,0x45,0x4c,0x69,0x38,
0x45,0x4c,0x69,0x38,0x45,0x4c,0x62,0x31,0x45,0x4c,0x62,0x30,0x45,0x4c,0x62,0x31,
0x45,0x53,0x43,0x5f,0x53,0x44,0x5f,0x53,0x44,0x5f,0x4c,0x69,0x32,0x45,0x4c,0x69,
0x38,0x45,0x4c,0x69,0x38,0x45,0x4c,0x62,0x31,0x45,0x4c,0x62,0x31,0x45,0x4c,0x62,
0x31,0x45,0x53,0x45,0x5f,0x53,0x46,0x5f,0x53,0x46,0x5f,0x4c,0x69,0x31,0x45,0x4c,
0x69,0x32,0x45,0x4c,0x69,0x31,0x45,0x4c,0x62,0x30,0x45,0x4c,0x62,0x31,0x45,0x4c,
0x62,0x30,0x45,0x4c,0x69,0x31,0x45,0x4c,0x69,0x31,0x45,0x53,0x47,0x5f,0x4c,0x69,
0x38,0x45,0x4c,0x62,0x31,0x45,0x4c,0x62,0x30,0x45,0x4c,0x69,0x31,0x45,0x4c,0x53,
0x49,0x5f,0x30,0x45,0x4c,0x53,0x4a,0x5f,0x30,0x45,0x45,0x45,0x44,0x46,0x31,0x36,
0x5f,0x44,0x46,0x31,0x36,0x5f,0x44,0x46,0x31,0x36,0x5f,0x44,0x46,0x31,0x36,0x5f,
0x53,0x37,0x5f,0x53,0x37,0x5f,0x53,0x38,0x5f,0x53,0x37,0x5f,0x53,0x37,0x5f,0x4c,
0x62,0x30,0x45,0x45,0x45,0x76,0x50,0x50,0x4b,0x54,0x31,0x5f,0x50,0x50,0x4b,0x54,
0x32,0x5f,0x50,0x50,0x4b,0x54,0x33,0x5f,0x50,0x50,0x54,0x34,0x5f,0x69,0x69,0x69,
0x69,0x69,0x69,0x69,0x66,0x00,0x5f,0x5a,0x4e,0x32,0x63,0x6b,0x31,0x36,0x74,0x65,
0x6e,0x73,0x6f,0x72,0x5f,0x6f,0x70,0x65,0x72,0x61,0x74,0x69,0x6f,0x6e,0x36,0x30,
0x54,0x72,0x61,0x6e,0x73,0x66,0x6f,0x72,0x6d,0x42,0x61,0x74,0x63,0x68,0x65,0x64,
0x43,0x6f,0x6e,0x74,0x72,0x61,0x63,0x74,0x69,0x6f,0x6e,0x43,0x6f,0x6e,0x74,0x72,
0x61,0x63,0x74,0x69,0x6f,0x6e,0x54,0x6f,0x42,0x61,0x74,0x63,0x68,0x65,0x64,0x47,
0x65,0x6d,0x6d,0x47,0x65,0x6d,0x6d,0x5f,0x57,0x6d,0x6d,0x61,0x49,0x4e,0x53,0x5f,
0x38,0x53,0x65,0x71,0x75,0x65,0x6e,0x63,0x65,0x49,0x4a,0x4c,0x69,0x32,0x45,0x4c,
0x69,0x31,0x45,0x4c,0x69,0x31,0x45,0x4c,0x69,0x31,0x45,0x4c,0x69,0x31,0x45,0x45,
0x45,0x45,0x4e,0x53,0x32,0x5f,0x49,0x4a,0x4c,0x69,0x36,0x34,0x45,0x4c,0x69,0x31,
0x32,0x38,0x45,0x4c,0x69,0x38,0x30,0x45,0x4c,0x69,0x38,0x30,0x45,0x45,0x45,0x45,
0x4c,0x4e,0x53,0x30,0x5f,0x36,0x64,0x65,0x76,0x69,0x63,0x65,0x31,0x38,0x47,0x65,
0x6d,0x6d,0x53,0x70,0x65,0x63,0x69,0x61,0x6c,0x69,0x7a,0x61,0x74,0x69,0x6f,0x6e,
0x45,0x31,0x35,0x45,0x4c,0x4e,0x53,0x35,0x5f,0x32,0x30,0x54,0x65,0x6e,0x73,0x6f,
0x72,0x53,0x70,0x65,0x63,0x69,0x61,0x6c,0x69,0x7a,0x61,0x74,0x69,0x6f,0x6e,0x45,
0x30,0x45,0x4c,0x53,0x37,0x5f,0x30,0x45,0x4c,0x53,0x37,0x5f,0x30,0x45,0x4c,0x53,
0x37,0x5f,0x30,0x45,0x45,0x31,0x33,0x6d,0x61,0x74,0x72,0x69,0x78,0x5f,0x70,0x61,
0x64,0x64,0x65,0x72,0x45,0x00,0x5f,0x5a,0x4e,0x32,0x63,0x6b,0x31,0x36,0x74,0x65,
0x6e,0x73,0x6f,0x72,0x5f,0x6f,0x70,0x65,0x72,0x61,0x74,0x69,0x6f,0x6e,0x36,0x64,
0x65,0x76,0x69,0x63,0x65,0x34,0x34,0x6b,0x65,0x72,0x6e,0x65,0x6c,0x5f,0x67,0x72,
0x6f,0x75,0x70,0x65,0x64,0x5f,0x71,0x75,0x65,0x72,0x79,0x5f,0x61,0x74,0x74,0x65,
0x6e,0x74,0x69,0x6f,0x6e,0x5f,0x77,0x6d,0x6d,0x61,0x5f,0x75,0x6e,0x70,0x61,0x63,
0x6b,0x65,0x64,0x49,0x4e,0x53,0x31,0x5f,0x33,0x39,0x44,0x65,0x76,0x69,0x63,0x65,
0x47,0x72,0x6f,0x75,0x70,0x65,0x64,0x51,0x75,0x65,0x72,0x79,0x41,0x74,0x74,0x65,
0x6e,0x74,0x69,0x6f,0x6e,0x46,0x6f,0x72,0x77,0x61,0x72,0x64,0x5f,0x57,0x6d,0x6d,
0x61,0x49,0x4c,0x69,0x32,0x45,0x4c,0x69,0x31,0x45,0x4c,0x69,0x31,0x45,0x4c,0x69,
0x31,0x45,0x4c,0x69,0x31,0x45,0x44,0x46,0x31,0x36,0x5f,0x44,0x46,0x31,0x36,0x5f,
0x44,0x46,0x31,0x36,0x5f,0x44,0x46,0x31,0x36,0x5f,0x4e,0x53,0x5f,0x35,0x54,0x75,
0x70,0x6c,0x65,0x49,0x4a,0x45,0x45,0x45,0x66,0x53,0x35,0x5f,0x66,0x66,0x4e,0x53,
0x30,0x5f,0x31,0x32,0x65,0x6c,0x65,0x6d,0x65,0x6e,0x74,0x5f,0x77,0x69,0x73,0x65,
0x31,0x31,0x50,0x61,0x73,0x73,0x54,0x68,0x72,0x6f,0x75,0x67,0x68,0x45,0x53,0x37,
0x5f,0x4e,0x53,0x36,0x5f,0x35,0x53,0x63,0x61,0x6c,0x65,0x45,0x53,0x37,0x5f,0x53,
0x37,0x5f,0x4c,0x4e,0x53,0x31,0x5f,0x31,0x38,0x47,0x65,0x6d,0x6d,0x53,0x70,0x65,
0x63,0x69,0x61,0x6c,0x69,0x7a,0x61,0x74,0x69,0x6f,0x6e,0x45,0x31,0x35,0x45,0x4c,
0x4e,0x53,0x31,0x5f,0x32,0x30,0x54,0x65,0x6e,0x73,0x6f,0x72,0x53,0x70,0x65,0x63,
0x69,0x61,0x6c,0x69,0x7a,0x61,0x74,0x69,0x6f,0x6e,0x45,0x30,0x45,0x4c,0x53,0x41,
0x5f,0x30,0x45,0x4c,0x53,0x41,0x5f,0x30,0x45,0x4c,0x53,0x41,0x5f,0x30,0x45,0x4c,
0x69,0x31,0x45,0x4c,0x69,0x31,0x32,0x38,0x45,0x4c,0x69,0x36,0x34,0x45,0x4c,0x69,
0x31,0x32,0x38,0x45,0x4c,0x69,0x38,0x30,0x45,0x4c,0x69,0x38,0x45,0x4c,0x69,0x38,
0x45,0x4c,0x69,0x38,0x30,0x45,0x4c,0x69,0x36,0x34,0x45,0x4c,0x69,0x38,0x45,0x4c,
0x69,0x31,0x36,0x45,0x4c,0x69,0x31,0x36,0x45,0x4c,0x69,0x31,0x36,0x45,0x4c,0x69,
0x31,0x45,0x4c,0x69,0x38,0x45,0x4c,0x69,0x35,0x45,0x4e,0x53,0x5f,0x38,0x53,0x65,
0x71,0x75,0x65,0x6e,0x63,0x65,0x49,0x4a,0x4c,0x69,0x32,0x45,0x4c,0x69,0x36,0x34,
0x45,0x4c,0x69,0x31,0x45,0x45,0x45,0x45,0x4e,0x53,0x42,0x5f,0x49,0x4a,0x4c,0x69,
0x31,0x45,0x4c,0x69,0x30,0x45,0x4c,0x69,0x32,0x45,0x45,0x45,0x45,0x53,0x44,0x5f,
0x4c,0x69,0x32,0x45,0x4c,0x69,0x38,0x45,0x4c,0x69,0x38,0x45,0x4c,0x62,0x31,0x45,
0x53,0x43,0x5f,0x53,0x44,0x5f,0x53,0x44,0x5f,0x4c,0x69,0x32,0x45,0x4c,0x69,0x38,
0x45,0x4c,0x69,0x38,0x45,0x4c,0x62,0x31,0x45,0x4e,0x53,0x42,0x5f,0x49,0x4a,0x4c,
0x69,0x32,0x45,0x4c,0x69,0x38,0x45,0x4c,0x69,0x38,0x45,0x45,0x45,0x45,0x4e,0x53,
0x42,0x5f,0x49,0x4a,0x4c,0x69,0x30,0x45,0x4c,0x69,0x32,0x45,0x4c,0x69,0x31,0x45,
0x45,0x45,0x45,0x53,0x46,0x5f,0x4c,0x69,0x31,0x45,0x4c,0x69,0x32,0x45,0x4c,0x69,
0x31,0x45,0x4c,0x62,0x30,0x45,0x4c,0x69,0x31,0x45,0x4c,0x69,0x31,0x45,0x4e,0x53,
0x42,0x5f,0x49,0x4a,0x4c,0x69,0x31,0x45,0x4c,0x69,0x36,0x34,0x45,0x4c,0x69,0x31,
0x45,0x4c,0x69,0x32,0x45,0x45,0x45,0x45,0x4c,0x69,0x38,0x45,0x4c,0x4e,0x53,0x31,
0x5f,0x32,0x31,0x4d,0x61,0x73,0x6b,0x69,0x6e,0x67,0x53,0x70,0x65,0x63,0x69,0x61,
0x6c,0x69,0x7a,0x61,0x74,0x69,0x6f,0x6e,0x45,0x30,0x45,0x4c,0x4e,0x53,0x5f,0x31,
0x33,0x4c,0x6f,0x6f,0x70,0x53,0x63,0x68,0x65,0x64,0x75,0x6c,0x65,0x72,0x45,0x30,
0x45,0x4c,0x4e,0x53,0x5f,0x31,0x35,0x50,0x69,0x70,0x65,0x6c,0x69,0x6e,0x65,0x56,
0x65,0x72,0x73,0x69,0x6f,0x6e,0x45,0x30,0x45,0x45,0x45,0x4e,0x53,0x5f,0x33,0x35,
0x47,0x72,0x69,0x64,0x77,0x69,0x73,0x65,0x42,0x61,0x74,0x63,0x68,0x65,0x64,0x47,
0x65,0x6d,0x6d,0x53,0x6f,0x66,0x74,0x6d,0x61,0x78,0x47,0x65,0x6d,0x6d,0x5f,0x57,
0x6d,0x6d,0x61,0x49,0x44,0x46,0x31,0x36,0x5f,0x44,0x46,0x31,0x36,0x5f,0x66,0x44,
0x46,0x31,0x36,0x5f,0x66,0x66,0x44,0x46,0x31,0x36,0x5f,0x53,0x37,0x5f,0x53,0x37,
0x5f,0x53,0x38,0x5f,0x53,0x37,0x5f,0x53,0x37,0x5f,0x4c,0x4e,0x53,0x5f,0x32,0x35,
0x49,0x6e,0x4d,0x65,0x6d,0x6f,0x72,0x79,0x44,0x61,0x74,0x61,0x4f,0x70,0x65,0x72,
0x61,0x74,0x69,0x6f,0x6e,0x45,0x6e,0x75,0x6d,0x45,0x30,0x45,0x4e,0x53,0x5f,0x31,
0x36,0x54,0x65,0x6e,0x73,0x6f,0x72,0x44,0x65,0x73,0x63,0x72,0x69,0x70,0x74,0x6f,
0x72,0x49,0x4e,0x53,0x34,0x5f,0x49,0x4a,0x4e,0x53,0x5f,0x35,0x45,0x6d,0x62,0x65,
0x64,0x49,0x4e,0x53,0x34,0x5f,0x49,0x4a,0x69,0x69,0x45,0x45,0x45,0x53,0x50,0x5f,
0x4c,0x62,0x30,0x45,0x45,0x45,0x4e,0x53,0x5f,0x32,0x33,0x4d,0x65,0x72,0x67,0x65,
0x5f,0x76,0x32,0x5f,0x6d,0x61,0x67,0x69,0x63,0x5f,0x64,0x69,0x76,0x69,0x73,0x69,
0x6f,0x6e,0x49,0x4e,0x53,0x34,0x5f,0x49,0x4a,0x69,0x45,0x45,0x45,0x45,0x45,0x53,
0x54,0x5f,0x4e,0x53,0x5f,0x38,0x52,0x69,0x67,0x68,0x74,0x50,0x61,0x64,0x49,0x69,
0x69,0x4c,0x62,0x30,0x45,0x45,0x45,0x53,0x56,0x5f,0x4e,0x53,0x5f,0x37,0x55,0x6e,
0x4d,0x65,0x72,0x67,0x65,0x49,0x4e,0x53,0x34,0x5f,0x49,0x4a,0x69,0x4e,0x53,0x5f,
0x31,0x37,0x69,0x6e,0x74,0x65,0x67,0x72,0x61,0x6c,0x5f,0x63,0x6f,0x6e,0x73,0x74,
0x61,0x6e,0x74,0x49,0x69,0x4c,0x69,0x31,0x45,0x45,0x45,0x4e,0x53,0x58,0x5f,0x49,
0x69,0x4c,0x69,0x32,0x45,0x45,0x45,0x4e,0x53,0x58,0x5f,0x49,0x69,0x4c,0x69,0x38,
0x45,0x45,0x45,0x45,0x45,0x45,0x4c,0x62,0x30,0x45,0x45,0x45,0x4e,0x53,0x57,0x5f,
0x49,0x4e,0x53,0x34,0x5f,0x49,0x4a,0x69,0x4e,0x53,0x58,0x5f,0x49,0x69,0x4c,0x69,
0x34,0x45,0x45,0x45,0x4e,0x53,0x58,0x5f,0x49,0x69,0x4c,0x69,0x31,0x36,0x45,0x45,
0x45,0x45,0x45,0x45,0x4c,0x62,0x30,0x45,0x45,0x45,0x45,0x45,0x45,0x4e,0x53,0x34,
0x5f,0x49,0x4a,0x4e,0x53,0x42,0x5f,0x49,0x4a,0x4c,0x69,0x30,0x45,0x45,0x45,0x45,
0x4e,0x53,0x42,0x5f,0x49,0x4a,0x4c,0x69,0x31,0x45,0x45,0x45,0x45,0x4e,0x53,0x42,
0x5f,0x49,0x4a,0x4c,0x69,0x32,0x45,0x45,0x45,0x45,0x4e,0x53,0x42,0x5f,0x49,0x4a,
0x4c,0x69,0x33,0x45,0x45,0x45,0x45,0x4e,0x53,0x42,0x5f,0x49,0x4a,0x4c,0x69,0x34,
0x45,0x45,0x45,0x45,0x4e,0x53,0x42,0x5f,0x49,0x4a,0x4c,0x69,0x36,0x45,0x45,0x45,
0x45,0x4e,0x53,0x42,0x5f,0x49,0x4a,0x4c,0x69,0x35,0x45,0x45,0x45,0x45,0x45,0x45,
0x45,0x4e,0x53,0x34,0x5f,0x49,0x4a,0x4e,0x53,0x42,0x5f,0x49,0x4a,0x4c,0x69,0x31,
0x45,0x4c,0x69,0x32,0x45,0x45,0x45,0x45,0x53,0x31,0x42,0x5f,0x53,0x31,0x43,0x5f,
0x53,0x31,0x45,0x5f,0x53,0x31,0x44,0x5f,0x4e,0x53,0x42,0x5f,0x49,0x4a,0x4c,0x69,
0x37,0x45,0x4c,0x69,0x38,0x45,0x4c,0x69,0x39,0x45,0x4c,0x69,0x31,0x30,0x45,0x45,
0x45,0x45,0x4e,0x53,0x42,0x5f,0x49,0x4a,0x4c,0x69,0x31,0x31,0x45,0x4c,0x69,0x31,
0x32,0x45,0x4c,0x69,0x31,0x33,0x45,0x45,0x45,0x45,0x45,0x45,0x45,0x4e,0x53,0x42,
0x5f,0x49,0x4a,0x4c,0x69,0x37,0x45,0x4c,0x69,0x31,0x31,0x45,0x4c,0x69,0x31,0x32,
0x45,0x4c,0x69,0x38,0x45,0x4c,0x69,0x39,0x45,0x4c,0x69,0x31,0x33,0x45,0x4c,0x69,
0x31,0x30,0x45,0x45,0x45,0x45,0x78,0x45,0x45,0x4e,0x53,0x4e,0x5f,0x49,0x4e,0x53,
0x34,0x5f,0x49,0x4a,0x53,0x51,0x5f,0x53,0x54,0x5f,0x53,0x54,0x5f,0x53,0x56,0x5f,
0x53,0x56,0x5f,0x4e,0x53,0x57,0x5f,0x49,0x4e,0x53,0x34,0x5f,0x49,0x4a,0x69,0x53,
0x31,0x30,0x5f,0x45,0x45,0x45,0x4c,0x62,0x30,0x45,0x45,0x45,0x4e,0x53,0x5f,0x31,
0x31,0x50,0x61,0x73,0x73,0x54,0x68,0x72,0x6f,0x75,0x67,0x68,0x49,0x69,0x45,0x45,
0x45,0x45,0x45,0x53,0x31,0x46,0x5f,0x4e,0x53,0x34,0x5f,0x49,0x4a,0x53,0x31,0x47,
0x5f,0x53,0x31,0x42,0x5f,0x53,0x31,0x43,0x5f,0x53,0x31,0x45,0x5f,0x53,0x31,0x44,
0x5f,0x4e,0x53,0x42,0x5f,0x49,0x4a,0x4c,0x69,0x37,0x45,0x4c,0x69,0x38,0x45,0x45,
0x45,0x45,0x4e,0x53,0x42,0x5f,0x49,0x4a,0x4c,0x69,0x39,0x45,0x45,0x45,0x45,0x45,
0x45,0x45,0x4e,0x53,0x42,0x5f,0x49,0x4a,0x4c,0x69,0x37,0x45,0x4c,0x69,0x39,0x45,
0x4c,0x69,0x38,0x45,0x45,0x45,0x45,0x78,0x45,0x45,0x53,0x31,0x56,0x5f,0x4e,0x53,
0x4e,0x5f,0x49,0x4e,0x53,0x34,0x5f,0x49,0x4a,0x53,0x51,0x5f,0x53,0x54,0x5f,0x53,
0x54,0x5f,0x53,0x56,0x5f,0x53,0x56,0x5f,0x45,0x45,0x45,0x4e,0x53,0x34,0x5f,0x49,
0x4a,0x53,0x31,0x38,0x5f,0x53,0x31,0x39,0x5f,0x53,0x31,0x41,0x5f,0x53,0x31,0x42,
0x5f,0x53,0x31,0x43,0x5f,0x45,0x45,0x45,0x4e,0x53,0x34,0x5f,0x49,0x4a,0x53,0x31,
0x47,0x5f,0x53,0x31,0x42,0x5f,0x53,0x31,0x43,0x5f,0x53,0x31,0x45,0x5f,0x53,0x31,
0x44,0x5f,0x45,0x45,0x45,0x4e,0x53,0x42,0x5f,0x49,0x4a,0x4c,0x69,0x35,0x45,0x4c,
0x69,0x36,0x45,0x45,0x45,0x45,0x78,0x45,0x45,0x4c,0x69,0x36,0x34,0x45,0x4c,0x69,
0x31,0x32,0x38,0x45,0x4c,0x69,0x38,0x30,0x45,0x4c,0x69,0x38,0x45,0x4c,0x69,0x38,
0x45,0x4c,0x69,0x38,0x30,0x45,0x4c,0x69,0x36,0x34,0x45,0x4c,0x69,0x38,0x45,0x4c,
0x69,0x31,0x36,0x45,0x4c,0x69,0x31,0x36,0x45,0x4c,0x69,0x31,0x36,0x45,0x4c,0x69,
0x31,0x45,0x4c,0x69,0x38,0x45,0x4c,0x69,0x35,0x45,0x4c,0x69,0x31,0x32,0x38,0x45,
0x53,0x43,0x5f,0x53,0x44,0x5f,0x53,0x44,0x5f,0x4c,0x69,0x32,0x45,0x4c,0x69,0x38,
0x45,0x4c,0x69,0x38,0x45,0x4c,0x62,0x31,0x45,0x4c,0x62,0x30,0x45,0x4c,0x62,0x31,
0x45,0x53,0x43,0x5f,0x53,0x44,0x5f,0x53,0x44,0x5f,0x4c,0x69,0x32,0x45,0x4c,0x69,
0x38,0x45,0x4c,0x69,0x38,0x45,0x4c,0x62,0x31,0x45,0x4c,0x62,0x31,0x45,0x4c,0x62,
0x31,0x45,0x53,0x45,0x5f,0x53,0x46,0x5f,0x53,0x46,0x5f,0x4c,0x69,0x31,0x45,0x4c,
0x69,0x32,0x45,0x4c,0x69,0x31,0x45,0x4c,0x62,0x30,0x45,0x4c,0x62,0x31,0x45,0x4c,
0x62,0x30,0x45,0x4c,0x69,0x31,0x45,0x4c,0x69,0x31,0x45,0x53,0x47,0x5f,0x4c,0x69,
0x38,0x45,0x4c,0x62,0x31,0x45,0x4c,0x62,0x30,0x45,0x4c,0x69,0x31,0x45,0x4c,0x53,
0x49,0x5f,0x30,0x45,0x4c,0x53,0x4a,0x5f,0x30,0x45,0x45,0x45,0x44,0x46,0x31,0x36,
0x5f,0x44,0x46,0x31,0x36,0x5f,0x44,0x46,0x31,0x36,0x5f,0x44,0x46,0x31,0x36,0x5f,
0x53,0x37,0x5f,0x53,0x37,0x5f,0x53,0x38,0x5f,0x53,0x37,0x5f,0x53,0x37,0x5f,0x4c,
0x62,0x30,0x45,0x45,0x45,0x76,0x50,0x50,0x4b,0x54,0x31,0x5f,0x50,0x50,0x4b,0x54,
0x32,0x5f,0x50,0x50,0x4b,0x54,0x33,0x5f,0x50,0x50,0x54,0x34,0x5f,0x69,0x69,0x69,
0x69,0x69,0x69,0x69,0x66,0x2e,0x6b,0x64,0x00,0x5f,0x5a,0x54,0x56,0x53,0x6f,0x00,
0x5f,0x5a,0x54,0x56,0x53,0x74,0x31,0x33,0x62,0x61,0x73,0x69,0x63,0x5f,0x6f,0x73,
0x74,0x72,0x65,0x61,0x6d,0x49,0x77,0x53,0x74,0x31,0x31,0x63,0x68,0x61,0x72,0x5f,
0x74,0x72,0x61,0x69,0x74,0x73,0x49,0x77,0x45,0x45,0x00,0x5f,0x5a,0x54,0x56,0x53,
0x69,0x00,0x5f,0x5a,0x54,0x56,0x53,0x74,0x31,0x33,0x62,0x61,0x73,0x69,0x63,0x5f,
0x69,0x73,0x74,0x72,0x65,0x61,0x6d,0x49,0x77,0x53,0x74,0x31,0x31,0x63,0x68,0x61,
0x72,0x5f,0x74,0x72,0x61,0x69,0x74,0x73,0x49,0x77,0x45,0x45,0x00,0x5f,0x5a,0x54,
0x56,0x53,0x64,0x00,0x5f,0x5a,0x54,0x43,0x53,0x64,0x30,0x5f,0x53,0x69,0x00,0x5f,
0x5a,0x54,0x43,0x53,0x64,0x31,0x36,0x5f,0x53,0x6f,0x00,0x5f,0x5a,0x54,0x56,0x53,
0x74,0x31,0x34,0x62,0x61,0x73,0x69,0x63,0x5f,0x69,0x6f,0x73,0x74,0x72,0x65,0x61,
0x6d,0x49,0x77,0x53,0x74,0x31,0x31,0x63,0x68,0x61,0x72,0x5f,0x74,0x72,0x61,0x69,
0x74,0x73,0x49,0x77,0x45,0x45,0x00,0x5f,0x5a,0x54,0x43,0x53,0x74,0x31,0x34,0x62,
0x61,0x73,0x69,0x63,0x5f,0x69,0x6f,0x73,0x74,0x72,0x65,0x61,0x6d,0x49,0x77,0x53,
0x74,0x31,0x31,0x63,0x68,0x61,0x72,0x5f,0x74,0x72,0x61,0x69,0x74,0x73,0x49,0x77,
0x45,0x45,0x30,0x5f,0x53,0x74,0x31,0x33,0x62,0x61,0x73,0x69,0x63,0x5f,0x69,0x73,
0x74,0x72,0x65,0x61,0x6d,0x49,0x77,0x53,0x31,0x5f,0x45,0x00,0x5f,0x5a,0x54,0x43,
0x53,0x74,0x31,0x34,0x62,0x61,0x73,0x69,0x63,0x5f,0x69,0x6f,0x73,0x74,0x72,0x65,
0x61,0x6d,0x49,0x77,0x53,0x74,0x31,0x31,0x63,0x68,0x61,0x72,0x5f,0x74,0x72,0x61,
0x69,0x74,0x73,0x49,0x77,0x45,0x45,0x31,0x36,0x5f,0x53,0x74,0x31,0x33,0x62,0x61,
0x73,0x69,0x63,0x5f,0x6f,0x73,0x74,0x72,0x65,0x61,0x6d,0x49,0x77,0x53,0x31,0x5f,
0x45,0x00,0x5f,0x5f,0x68,0x69,0x70,0x5f,0x63,0x75,0x69,0x64,0x5f,0x66,0x37,0x30,
0x39,0x39,0x33,0x37,0x36,0x63,0x34,0x65,0x63,0x65,0x38,0x37,0x62,0x00,0x5f,0x44,
0x59,0x4e,0x41,0x4d,0x49,0x43,0x00,0x00,0x00,0x00,0x00,0x00,0x00,0x00,0x00,0x00,
0x00,0x00,0x00,0x00,0x00,0x00,0x00,0x00,0x00,0x00,0x00,0x00,0x00,0x00,0x00,0x00,
0x00,0x00,0x00,0x00,0x00,0x00,0x00,0x00,0x00,0x00,0x00,0x00,0x00,0x00,0x00,0x00,
0x00,0x00,0x00,0x00,0x00,0x00,0x00,0x00,0x00,0x00,0x00,0x00,0x00,0x00,0x00,0x00,
0x00,0x00,0x00,0x00,0x00,0x00,0x00,0x00,0x01,0x00,0x00,0x00,0x07,0x00,0x00,0x00,
0x02,0x00,0x00,0x00,0x00,0x00,0x00,0x00,0x38,0x02,0x00,0x00,0x00,0x00,0x00,0x00,
0x38,0x02,0x00,0x00,0x00,0x00,0x00,0x00,0x28,0x15,0x00,0x00,0x00,0x00,0x00,0x00,
0x00,0x00,0x00,0x00,0x00,0x00,0x00,0x00,0x04,0x00,0x00,0x00,0x00,0x00,0x00,0x00,
0x00,0x00,0x00,0x00,0x00,0x00,0x00,0x00,0x07,0x00,0x00,0x00,0x0b,0x00,0x00,0x00,
0x02,0x00,0x00,0x00,0x00,0x00,0x00,0x00,0x60,0x17,0x00,0x00,0x00,0x00,0x00,0x00,
0x60,0x17,0x00,0x00,0x00,0x00,0x00,0x00,0x78,0x00,0x00,0x00,0x00,0x00,0x00,0x00,
0x05,0x00,0x00,0x00,0x01,0x00,0x00,0x00,0x08,0x00,0x00,0x00,0x00,0x00,0x00,0x00,
0x18,0x00,0x00,0x00,0x00,0x00,0x00,0x00,0x0f,0x00,0x00,0x00,0xf6,0xff,0xff,0x6f,
0x02,0x00,0x00,0x00,0x00,0x00,0x00,0x00,0xd8,0x17,0x00,0x00,0x00,0x00,0x00,0x00,
0xd8,0x17,0x00,0x00,0x00,0x00,0x00,0x00,0x2c,0x00,0x00,0x00,0x00,0x00,0x00,0x00,
0x02,0x00,0x00,0x00,0x00,0x00,0x00,0x00,0x08,0x00,0x00,0x00,0x00,0x00,0x00,0x00,
0x00,0x00,0x00,0x00,0x00,0x00,0x00,0x00,0x19,0x00,0x00,0x00,0x05,0x00,0x00,0x00,
0x02,0x00,0x00,0x00,0x00,0x00,0x00,0x00,0x04,0x18,0x00,0x00,0x00,0x00,0x00,0x00,
0x04,0x18,0x00,0x00,0x00,0x00,0x00,0x00,0x30,0x00,0x00,0x00,0x00,0x00,0x00,0x00,
0x02,0x00,0x00,0x00,0x00,0x00,0x00,0x00,0x04,0x00,0x00,0x00,0x00,0x00,0x00,0x00,
0x04,0x00,0x00,0x00,0x00,0x00,0x00,0x00,0x1f,0x00,0x00,0x00,0x03,0x00,0x00,0x00,
0x02,0x00,0x00,0x00,0x00,0x00,0x00,0x00,0x34,0x18,0x00,0x00,0x00,0x00,0x00,0x00,
0x34,0x18,0x00,0x00,0x00,0x00,0x00,0x00,0x60,0x0f,0x00,0x00,0x00,0x00,0x00,0x00,
0x00,0x00,0x00,0x00,0x00,0x00,0x00,0x00,0x01,0x00,0x00,0x00,0x00,0x00,0x00,0x00,
0x00,0x00,0x00,0x00,0x00,0x00,0x00,0x00,0x27,0x00,0x00,0x00,0x01,0x00,0x00,0x00,
0x02,0x00,0x00,0x00,0x00,0x00,0x00,0x00,0xc0,0x27,0x00,0x00,0x00,0x00,0x00,0x00,
0xc0,0x27,0x00,0x00,0x00,0x00,0x00,0x00,0x10,0x04,0x00,0x00,0x00,0x00,0x00,0x00,
0x00,0x00,0x00,0x00,0x00,0x00,0x00,0x00,0x40,0x00,0x00,0x00,0x00,0x00,0x00,0x00,
0x00,0x00,0x00,0x00,0x00,0x00,0x00,0x00,0x2f,0x00,0x00,0x00,0x01,0x00,0x00,0x00,
0x06,0x00,0x00,0x00,0x00,0x00,0x00,0x00,0x00,0x3c,0x00,0x00,0x00,0x00,0x00,0x00,
0x00,0x2c,0x00,0x00,0x00,0x00,0x00,0x00,0x3c,0x6c,0x00,0x00,0x00,0x00,0x00,0x00,
0x00,0x00,0x00,0x00,0x00,0x00,0x00,0x00,0x00,0x01,0x00,0x00,0x00,0x00,0x00,0x00,
0x00,0x00,0x00,0x00,0x00,0x00,0x00,0x00,0x35,0x00,0x00,0x00,0x06,0x00,0x00,0x00,
0x03,0x00,0x00,0x00,0x00,0x00,0x00,0x00,0x40,0xb8,0x00,0x00,0x00,0x00,0x00,0x00,
0x40,0x98,0x00,0x00,0x00,0x00,0x00,0x00,0x70,0x00,0x00,0x00,0x00,0x00,0x00,0x00,
0x05,0x00,0x00,0x00,0x00,0x00,0x00,0x00,0x08,0x00,0x00,0x00,0x00,0x00,0x00,0x00,
0x10,0x00,0x00,0x00,0x00,0x00,0x00,0x00,0x3e,0x00,0x00,0x00,0x08,0x00,0x00,0x00,
0x03,0x00,0x00,0x00,0x00,0x00,0x00,0x00,0xb0,0xb8,0x00,0x00,0x00,0x00,0x00,0x00,
0xb0,0x98,0x00,0x00,0x00,0x00,0x00,0x00,0x50,0x07,0x00,0x00,0x00,0x00,0x00,0x00,
0x00,0x00,0x00,0x00,0x00,0x00,0x00,0x00,0x01,0x00,0x00,0x00,0x00,0x00,0x00,0x00,
0x00,0x00,0x00,0x00,0x00,0x00,0x00,0x00,0x4d,0x00,0x00,0x00,0x08,0x00,0x00,0x00,
0x03,0x00,0x00,0x00,0x00,0x00,0x00,0x00,0xb0,0xc8,0x00,0x00,0x00,0x00,0x00,0x00,
0xb0,0x98,0x00,0x00,0x00,0x00,0x00,0x00,0x01,0x00,0x00,0x00,0x00,0x00,0x00,0x00,
0x00,0x00,0x00,0x00,0x00,0x00,0x00,0x00,0x01,0x00,0x00,0x00,0x00,0x00,0x00,0x00,
0x00,0x00,0x00,0x00,0x00,0x00,0x00,0x00,0x52,0x00,0x00,0x00,0x01,0x00,0x00,0x00,
0x00,0x00,0x00,0x00,0x00,0x00,0x00,0x00,0x00,0x00,0x00,0x00,0x00,0x00,0x00,0x00,
0xb0,0x98,0x00,0x00,0x00,0x00,0x00,0x00,0x00,0x00,0x00,0x00,0x00,0x00,0x00,0x00,
0x00,0x00,0x00,0x00,0x00,0x00,0x00,0x00,0x01,0x00,0x00,0x00,0x00,0x00,0x00,0x00,
0x00,0x00,0x00,0x00,0x00,0x00,0x00,0x00,0x61,0x00,0x00,0x00,0x01,0x00,0x00,0x00,
0x00,0x00,0x00,0x00,0x00,0x00,0x00,0x00,0x00,0x00,0x00,0x00,0x00,0x00,0x00,0x00,
0xb0,0x98,0x00,0x00,0x00,0x00,0x00,0x00,0x00,0x00,0x00,0x00,0x00,0x00,0x00,0x00,
0x00,0x00,0x00,0x00,0x00,0x00,0x00,0x00,0x01,0x00,0x00,0x00,0x00,0x00,0x00,0x00,
0x00,0x00,0x00,0x00,0x00,0x00,0x00,0x00,0x76,0x00,0x00,0x00,0x01,0x00,0x00,0x00,
0x30,0x00,0x00,0x00,0x00,0x00,0x00,0x00,0x00,0x00,0x00,0x00,0x00,0x00,0x00,0x00,
0xb0,0x98,0x00,0x00,0x00,0x00,0x00,0x00,0x2c,0x00,0x00,0x00,0x00,0x00,0x00,0x00,
0x00,0x00,0x00,0x00,0x00,0x00,0x00,0x00,0x01,0x00,0x00,0x00,0x00,0x00,0x00,0x00,
0x01,0x00,0x00,0x00,0x00,0x00,0x00,0x00,0x7f,0x00,0x00,0x00,0x02,0x00,0x00,0x00,
0x00,0x00,0x00,0x00,0x00,0x00,0x00,0x00,0x00,0x00,0x00,0x00,0x00,0x00,0x00,0x00,
0xe0,0x98,0x00,0x00,0x00,0x00,0x00,0x00,0xa0,0x02,0x00,0x00,0x00,0x00,0x00,0x00,
0x10,0x00,0x00,0x00,0x18,0x00,0x00,0x00,0x08,0x00,0x00,0x00,0x00,0x00,0x00,0x00,
0x18,0x00,0x00,0x00,0x00,0x00,0x00,0x00,0x87,0x00,0x00,0x00,0x03,0x00,0x00,0x00,
0x00,0x00,0x00,0x00,0x00,0x00,0x00,0x00,0x00,0x00,0x00,0x00,0x00,0x00,0x00,0x00,
0x80,0x9b,0x00,0x00,0x00,0x00,0x00,0x00,0x99,0x00,0x00,0x00,0x00,0x00,0x00,0x00,
0x00,0x00,0x00,0x00,0x00,0x00,0x00,0x00,0x01,0x00,0x00,0x00,0x00,0x00,0x00,0x00,
0x00,0x00,0x00,0x00,0x00,0x00,0x00,0x00,0x91,0x00,0x00,0x00,0x03,0x00,0x00,0x00,
0x00,0x00,0x00,0x00,0x00,0x00,0x00,0x00,0x00,0x00,0x00,0x00,0x00,0x00,0x00,0x00,
0x19,0x9c,0x00,0x00,0x00,0x00,0x00,0x00,0x7e,0x51,0x00,0x00,0x00,0x00,0x00,0x00,
0x00,0x00,0x00,0x00,0x00,0x00,0x00,0x00,0x01,0x00,0x00,0x00,0x00,0x00,0x00,0x00,
0x00,0x00,0x00,0x00,0x00,0x00,0x00,0x00
    },
    // m_kernelName
    "_ZN2ck16tensor_operation6device44kernel_grouped_query_attention_wmma_unpackedINS1_39DeviceGroupedQueryAttentionForward_WmmaILi2ELi1ELi1ELi1ELi1EDF16_DF16_DF16_DF16_NS_5TupleIJEEEfS5_ffNS0_12element_wise11PassThroughES7_NS6_5ScaleES7_S7_LNS1_18GemmSpecializationE15ELNS1_20TensorSpecializationE0ELSA_0ELSA_0ELSA_0ELi1ELi128ELi64ELi128ELi80ELi8ELi8ELi80ELi64ELi8ELi16ELi16ELi16ELi1ELi8ELi5ENS_8SequenceIJLi2ELi64ELi1EEEENSB_IJLi1ELi0ELi2EEEESD_Li2ELi8ELi8ELb1ESC_SD_SD_Li2ELi8ELi8ELb1ENSB_IJLi2ELi8ELi8EEEENSB_IJLi0ELi2ELi1EEEESF_Li1ELi2ELi1ELb0ELi1ELi1ENSB_IJLi1ELi64ELi1ELi2EEEELi8ELNS1_21MaskingSpecializationE0ELNS_13LoopSchedulerE0ELNS_15PipelineVersionE0EEENS_35GridwiseBatchedGemmSoftmaxGemm_WmmaIDF16_DF16_fDF16_ffDF16_S7_S7_S8_S7_S7_LNS_25InMemoryDataOperationEnumE0ENS_16TensorDescriptorINS4_IJNS_5EmbedINS4_IJiiEEESP_Lb0EEENS_23Merge_v2_magic_divisionINS4_IJiEEEEEST_NS_8RightPadIiiLb0EEESV_NS_7UnMergeINS4_IJiNS_17integral_constantIiLi1EEENSX_IiLi2EEENSX_IiLi8EEEEEELb0EEENSW_INS4_IJiNSX_IiLi4EEENSX_IiLi16EEEEEELb0EEEEEENS4_IJNSB_IJLi0EEEENSB_IJLi1EEEENSB_IJLi2EEEENSB_IJLi3EEEENSB_IJLi4EEEENSB_IJLi6EEEENSB_IJLi5EEEEEEENS4_IJNSB_IJLi1ELi2EEEES1B_S1C_S1E_S1D_NSB_IJLi7ELi8ELi9ELi10EEEENSB_IJLi11ELi12ELi13EEEEEEENSB_IJLi7ELi11ELi12ELi8ELi9ELi13ELi10EEEExEENSN_INS4_IJSQ_ST_ST_SV_SV_NSW_INS4_IJiS10_EEELb0EEENS_11PassThroughIiEEEEES1F_NS4_IJS1G_S1B_S1C_S1E_S1D_NSB_IJLi7ELi8EEEENSB_IJLi9EEEEEEENSB_IJLi7ELi9ELi8EEEExEES1V_NSN_INS4_IJSQ_ST_ST_SV_SV_EEENS4_IJS18_S19_S1A_S1B_S1C_EEENS4_IJS1G_S1B_S1C_S1E_S1D_EEENSB_IJLi5ELi6EEEExEELi64ELi128ELi80ELi8ELi8ELi80ELi64ELi8ELi16ELi16ELi16ELi1ELi8ELi5ELi128ESC_SD_SD_Li2ELi8ELi8ELb1ELb0ELb1ESC_SD_SD_Li2ELi8ELi8ELb1ELb1ELb1ESE_SF_SF_Li1ELi2ELi1ELb0ELb1ELb0ELi1ELi1ESG_Li8ELb1ELb0ELi1ELSI_0ELSJ_0EEEDF16_DF16_DF16_DF16_S7_S7_S8_S7_S7_Lb0EEEvPPKT1_PPKT2_PPKT3_PPT4_iiiiiiif",
    // m_compilerVersion
    "clang version 21.0.0git",
    // m_codeObjectVersion
    5
};

