/* Copyright (c) 2022-2025 Advanced Micro Devices, Inc. All rights reserved. */
#pragma once
#include <array>
#include <string_view>
#include <cstdint>

//=====================================================================================================================
template<std::size_t M>
struct ShaderType
{
    std::array<std::uint8_t, M> m_binary;
    std::string_view m_kernelName;
    std::string_view m_compilerVersion;
    std::uint32_t m_codeObjectVersion;
};

//=====================================================================================================================
struct ShaderDescriptor
{
    std::string_view m_kernelName;
    std::string_view m_compilerVersion;
    std::uint32_t m_codeObjectVersion;
    const std::uint8_t* m_binary;
    std::size_t m_binarySize;

    ShaderDescriptor() 
        : m_kernelName{}
        , m_compilerVersion{}
        , m_codeObjectVersion(0)
        , m_binary(nullptr)
        , m_binarySize(0)
    {}

    template<std::size_t M>
    ShaderDescriptor(const ShaderType<M>& shader)
    {
        m_kernelName = shader.m_kernelName;
        m_compilerVersion = shader.m_compilerVersion;
        m_codeObjectVersion = shader.m_codeObjectVersion;
        m_binary = shader.m_binary.data();
        m_binarySize = M;
    }
};

//=====================================================================================================================
template<std::size_t M>
ShaderDescriptor make_shader_descriptor(const ShaderType<M>& shader)
{
    return ShaderDescriptor(shader);
}

// namespace mlss::shaders::gqa::ck::wmma::fp16::gfx1201::rel
// {



// Shader 26: multi_head_attention_unpacked_128_64x192x48_64x48x64_forward_no_strides_fp16-hip-amdgcn-amd-amdhsa-gfx1201
// Binary size: 64880 bytes
// Kernel name: _ZN2ck16tensor_operation6device41kernel_multi_head_attention_wmma_unpackedINS1_49DeviceBatchedGemmSoftmaxGemmPermute_Wmma_CShuffleILi2ELi1ELi1ELi1ELi1EDF16_DF16_DF16_DF16_NS_5TupleIJEEEfS5_ffNS0_12element_wise11PassThroughES7_NS6_5ScaleES7_S7_LNS1_18GemmSpecializationE15ELNS1_20TensorSpecializationE0ELSA_0ELSA_0ELSA_0ELi1ELi128ELi64ELi192ELi48ELi8ELi8ELi48ELi64ELi8ELi16ELi16ELi16ELi1ELi12ELi3ENS_8SequenceIJLi2ELi64ELi1EEEENSB_IJLi1ELi0ELi2EEEESD_Li2ELi8ELi8ELb1ESC_SD_SD_Li2ELi8ELi8ELb1ENSB_IJLi2ELi8ELi8EEEENSB_IJLi0ELi2ELi1EEEESF_Li1ELi2ELi1ELb0ELi1ELi1ENSB_IJLi1ELi64ELi1ELi2EEEELi8ELNS1_21MaskingSpecializationE0ELNS_13LoopSchedulerE0ELNS_15PipelineVersionE0EEENS_35GridwiseBatchedGemmSoftmaxGemm_WmmaIDF16_DF16_fDF16_ffDF16_S7_S7_S8_S7_S7_LNS_25InMemoryDataOperationEnumE0ENS_16TensorDescriptorINS4_IJNS_5EmbedINS4_IJiiEEESP_Lb0EEENS_23Merge_v2_magic_divisionINS4_IJiEEEEEST_NS_8RightPadIiiLb0EEESV_NS_7UnMergeINS4_IJiNS_17integral_constantIiLi1EEENSX_IiLi2EEENSX_IiLi8EEEEEELb0EEENSW_INS4_IJiNSX_IiLi4EEENSX_IiLi16EEEEEELb0EEEEEENS4_IJNSB_IJLi0EEEENSB_IJLi1EEEENSB_IJLi2EEEENSB_IJLi3EEEENSB_IJLi4EEEENSB_IJLi6EEEENSB_IJLi5EEEEEEENS4_IJNSB_IJLi1ELi2EEEES1B_S1C_S1E_S1D_NSB_IJLi7ELi8ELi9ELi10EEEENSB_IJLi11ELi12ELi13EEEEEEENSB_IJLi7ELi11ELi12ELi8ELi9ELi13ELi10EEEExEENSN_INS4_IJSQ_ST_ST_SV_SV_NSW_INS4_IJiS10_EEELb0EEENS_11PassThroughIiEEEEES1F_NS4_IJS1G_S1B_S1C_S1E_S1D_NSB_IJLi7ELi8EEEENSB_IJLi9EEEEEEENSB_IJLi7ELi9ELi8EEEExEES1V_NSN_INS4_IJSQ_ST_ST_SV_SV_EEENS4_IJS18_S19_S1A_S1B_S1C_EEENS4_IJS1G_S1B_S1C_S1E_S1D_EEENSB_IJLi5ELi6EEEExEELi64ELi192ELi48ELi8ELi8ELi48ELi64ELi8ELi16ELi16ELi16ELi1ELi12ELi3ELi128ESC_SD_SD_Li2ELi8ELi8ELb1ELb0ELb1ESC_SD_SD_Li2ELi8ELi8ELb1ELb1ELb1ESE_SF_SF_Li1ELi2ELi1ELb0ELb1ELb0ELi1ELi1ESG_Li8ELb1ELb0ELi1ELSI_0ELSJ_0EEEDF16_DF16_DF16_DF16_S7_S7_S8_S7_S7_Lb0EEEvPPKT1_PPKT2_PPKT3_PPT4_iiiiif
// Compiler: clang version 21.0.0git
// Code Object Version: 5
constexpr ShaderType<64880> multi_head_attention_unpacked_128_64x192x48_64x48x64_forward_no_strides_fp16_gfx1201 = {
    // m_binary
    std::array<std::uint8_t, 64880>{
0x7f,0x45,0x4c,0x46,0x02,0x01,0x01,0x40,0x03,0x00,0x00,0x00,0x00,0x00,0x00,0x00,
0x01,0x00,0xe0,0x00,0x01,0x00,0x00,0x00,0x00,0x00,0x00,0x00,0x00,0x00,0x00,0x00,
0x00,0x00,0x00,0x00,0x00,0x00,0x00,0x00,0xf0,0xf3,0x00,0x00,0x00,0x00,0x00,0x00,
0x4e,0x00,0x00,0x00,0x40,0x00,0x00,0x00,0x00,0x00,0x40,0x00,0x26,0x00,0x01,0x00,
0x00,0x00,0x00,0x00,0x00,0x00,0x00,0x00,0x00,0x00,0x00,0x00,0x00,0x00,0x00,0x00,
0x00,0x00,0x00,0x00,0x00,0x00,0x00,0x00,0x00,0x00,0x00,0x00,0x00,0x00,0x00,0x00,
0x00,0x00,0x00,0x00,0x00,0x00,0x00,0x00,0x00,0x00,0x00,0x00,0x00,0x00,0x00,0x00,
0x00,0x00,0x00,0x00,0x00,0x00,0x00,0x00,0x00,0x00,0x00,0x00,0x00,0x00,0x00,0x00,
0x00,0x00,0x9f,0xbf,0x00,0x00,0x9f,0xbf,0x00,0x00,0x9f,0xbf,0x00,0x00,0x9f,0xbf,
0x00,0x00,0x9f,0xbf,0x00,0x00,0x9f,0xbf,0x00,0x00,0x9f,0xbf,0x00,0x00,0x9f,0xbf,
0x00,0x00,0x9f,0xbf,0x00,0x00,0x9f,0xbf,0x00,0x00,0x9f,0xbf,0x00,0x00,0x9f,0xbf,
0x00,0x00,0x9f,0xbf,0x00,0x00,0x9f,0xbf,0x00,0x00,0x9f,0xbf,0x00,0x00,0x9f,0xbf,
0x00,0x00,0x9f,0xbf,0x00,0x00,0x9f,0xbf,0x00,0x00,0x9f,0xbf,0x00,0x00,0x9f,0xbf,
0x00,0x00,0x9f,0xbf,0x00,0x00,0x9f,0xbf,0x00,0x00,0x9f,0xbf,0x00,0x00,0x9f,0xbf,
0x00,0x00,0x9f,0xbf,0x00,0x00,0x9f,0xbf,0x00,0x00,0x9f,0xbf,0x00,0x00,0x9f,0xbf,
0x00,0x00,0x9f,0xbf,0x00,0x00,0x9f,0xbf,0x00,0x00,0x9f,0xbf,0x00,0x00,0x9f,0xbf,
0x00,0x00,0x9f,0xbf,0x00,0x00,0x9f,0xbf,0x00,0x00,0x9f,0xbf,0x00,0x00,0x9f,0xbf,
0x00,0x00,0x9f,0xbf,0x00,0x00,0x9f,0xbf,0x00,0x00,0x9f,0xbf,0x00,0x00,0x9f,0xbf,
0x00,0x00,0x9f,0xbf,0x00,0x00,0x9f,0xbf,0x00,0x00,0x9f,0xbf,0x00,0x00,0x9f,0xbf,
0x00,0x00,0x9f,0xbf,0x00,0x00,0x9f,0xbf,0x00,0x00,0x9f,0xbf,0x00,0x00,0x9f,0xbf,
0x00,0x00,0x9f,0xbf,0x00,0x00,0x9f,0xbf,0x00,0x00,0x9f,0xbf,0x00,0x00,0x9f,0xbf,
0x00,0x00,0x9f,0xbf,0x00,0x00,0x9f,0xbf,0x00,0x00,0x9f,0xbf,0x00,0x00,0x9f,0xbf,
0x00,0x00,0x9f,0xbf,0x00,0x00,0x9f,0xbf,0x00,0x00,0x9f,0xbf,0x00,0x00,0x9f,0xbf,
0x00,0x00,0x9f,0xbf,0x00,0x00,0x9f,0xbf,0x00,0x00,0x9f,0xbf,0x00,0x00,0x9f,0xbf,
0x00,0x00,0x9f,0xbf,0x00,0x00,0x9f,0xbf,0x00,0x00,0x9f,0xbf,0x00,0x00,0x9f,0xbf,
0x00,0x00,0x9f,0xbf,0x00,0x00,0x9f,0xbf,0x00,0x00,0x9f,0xbf,0x00,0x00,0x9f,0xbf,
0x00,0x00,0x9f,0xbf,0x00,0x00,0x9f,0xbf,0x00,0x00,0x9f,0xbf,0x00,0x00,0x9f,0xbf,
0x00,0x00,0x9f,0xbf,0x00,0x00,0x9f,0xbf,0x00,0x00,0x9f,0xbf,0x00,0x00,0x9f,0xbf,
0x00,0x00,0x9f,0xbf,0x00,0x00,0x9f,0xbf,0x00,0x00,0x9f,0xbf,0x00,0x00,0x9f,0xbf,
0x00,0x00,0x9f,0xbf,0x00,0x00,0x9f,0xbf,0x00,0x00,0x9f,0xbf,0x00,0x00,0x9f,0xbf,
0x00,0x00,0x9f,0xbf,0x00,0x00,0x9f,0xbf,0x00,0x00,0x9f,0xbf,0x00,0x00,0x9f,0xbf,
0x00,0x00,0x9f,0xbf,0x00,0x00,0x9f,0xbf,0x00,0x00,0x9f,0xbf,0x00,0x00,0x9f,0xbf,
0x00,0x01,0x8c,0xbe,0x00,0x47,0x80,0xbe,0x01,0x0f,0x81,0xbe,0x00,0xff,0x00,0x80,
0x00,0x00,0x00,0x00,0x01,0xff,0x01,0x82,0x00,0x00,0x00,0x00,0x01,0x00,0x85,0xbf,
0x06,0x78,0x00,0xf4,0x10,0x00,0x00,0xf8,0x86,0x20,0x00,0xf4,0x30,0x00,0x00,0xf8,
0x00,0x42,0x00,0xf4,0x00,0x00,0x00,0xf8,0x06,0x41,0x00,0xf4,0x00,0x00,0x00,0xf8,
0x80,0x00,0x8f,0xbe,0xc1,0x00,0x98,0xbe,0x0f,0x00,0x81,0xbe,0x0f,0x00,0x91,0xbe,
0x0f,0x00,0x95,0xbe,0x0f,0x00,0x97,0xbe,0x0f,0x00,0x9f,0xbe,0x00,0x00,0xc7,0xbf,
0x02,0xc1,0x2a,0x81,0x0a,0x9f,0x0e,0x86,0x08,0x9f,0x00,0x86,0x0a,0x2a,0x27,0x81,
0x0a,0x0e,0x0a,0x81,0x65,0x08,0x21,0x81,0x08,0x00,0x08,0x81,0x0a,0x0e,0x2b,0x8d,
0x08,0x00,0x2c,0x8d,0x2b,0x65,0x88,0xbe,0x0b,0x15,0xa6,0xbe,0x09,0x9f,0x10,0x86,
0x26,0x65,0x8a,0xbe,0x08,0x56,0x04,0x7e,0x2c,0x65,0x80,0xbe,0x66,0x09,0x28,0x81,
0x09,0x10,0x09,0x81,0x0a,0x56,0x08,0x7e,0xfe,0xff,0x88,0xbf,0x09,0x10,0x29,0x8d,
0x00,0x56,0x02,0x7e,0x29,0x65,0x89,0xbe,0x80,0x2b,0x88,0x81,0x80,0x2c,0x80,0x81,
0x02,0x05,0x14,0x7e,0xfe,0xff,0x88,0xbf,0x09,0x56,0x06,0x7e,0x80,0x29,0x96,0x81,
0x21,0xc1,0x21,0x81,0x04,0x05,0x28,0x7e,0x0a,0xff,0x0a,0xa2,0xfe,0xff,0x7f,0x4f,
0x01,0x05,0x12,0x7e,0x28,0xc1,0x28,0x81,0x0b,0x2a,0x24,0x81,0xfe,0xff,0x88,0xbf,
0x0a,0x67,0x8a,0xbe,0x14,0xff,0x14,0xa2,0xfe,0xff,0x7f,0x4f,0x09,0xff,0x09,0xa2,
0xfe,0xff,0x7f,0x4f,0x03,0x05,0x26,0x7e,0xfe,0xff,0x88,0xbf,0x08,0x0a,0x08,0x96,
0x14,0x67,0x99,0xbe,0xfe,0xff,0x88,0xbf,0x0a,0x08,0x88,0x96,0x09,0x67,0x89,0xbe,
0xfe,0xff,0x88,0xbf,0x0a,0x08,0x14,0x81,0x80,0x26,0x88,0x81,0x13,0xff,0x13,0xa2,
0xfe,0xff,0x7f,0x4f,0xfe,0xff,0x88,0xbf,0x08,0x19,0x08,0x96,0x00,0x09,0x00,0x96,
0xfe,0xff,0x88,0xbf,0x19,0x08,0x88,0x96,0x13,0x67,0x93,0xbe,0x09,0x00,0x80,0x96,
0xfe,0xff,0x88,0xbf,0x19,0x08,0x1e,0x81,0x67,0x00,0x88,0xbe,0x09,0x00,0x00,0x81,
0x0f,0x00,0x89,0xbe,0xfe,0xff,0x88,0xbf,0xff,0x00,0x61,0xd7,0x08,0x00,0x01,0x00,
0x16,0x13,0x16,0x96,0x27,0x15,0x90,0xbe,0x13,0x16,0x96,0x96,0x21,0x15,0x8e,0xbe,
0x28,0x15,0x92,0xbe,0x13,0x16,0x16,0x81,0x24,0x15,0x8a,0xbe,0xff,0x00,0x61,0xd7,
0x09,0x02,0x01,0x00,0x67,0x80,0x02,0xbf,0x0f,0x00,0x93,0xbe,0x0f,0x00,0x8b,0xbe,
0xc1,0x80,0x22,0x98,0x67,0x81,0x04,0xbf,0xbc,0x00,0xa2,0xbf,0x34,0x00,0x60,0xd7,
0xff,0x01,0x01,0x00,0x35,0x00,0x60,0xd7,0xff,0x03,0x01,0x00,0x18,0x81,0x18,0x81,
0x09,0x00,0x87,0xbf,0x18,0xa0,0x0a,0xbf,0xc1,0x80,0x08,0x98,0x81,0x18,0x09,0x84,
0xfe,0xff,0x88,0xbf,0x09,0x34,0x0a,0xbf,0xc1,0x80,0x09,0x98,0xfe,0xff,0x88,0xbf,
0x08,0x09,0x08,0x8b,0xfe,0xff,0x88,0xbf,0x7e,0x08,0x6a,0x8b,0xf3,0xff,0xa4,0xbf,
0x81,0x18,0x88,0x84,0xfe,0xff,0x88,0xbf,0x08,0x34,0x89,0x81,0x80,0x00,0x88,0xbe,
0xfe,0xff,0x88,0xbf,0x08,0x80,0x11,0xbf,0x2b,0x20,0xa1,0xbf,0x34,0x65,0x98,0xbe,
0xff,0x00,0x99,0xbe,0x00,0x00,0x80,0x4f,0x80,0x34,0x1a,0xaa,0x08,0x00,0x9d,0xbe,
0x19,0x18,0x18,0xa3,0x00,0x00,0x00,0x00,0x08,0x00,0xb1,0xbe,0x9a,0x02,0x87,0xbf,
0x18,0x00,0x84,0xd6,0x18,0x00,0x00,0x00,0x18,0xff,0x18,0xa2,0xfc,0xff,0x7f,0x5f,
0xfe,0xff,0x88,0xbf,0x2a,0x05,0x87,0xbf,0x18,0xff,0x19,0xa2,0x00,0x00,0x80,0x2f,
0xfe,0xff,0x88,0xbf,0x19,0x62,0x99,0xbe,0xfe,0xff,0x88,0xbf,0xba,0x04,0x87,0xbf,
0x19,0x18,0x18,0xa3,0x00,0x00,0x80,0xcf,0x19,0x67,0x99,0xbe,0xfe,0xff,0x88,0xbf,
0x18,0x67,0x98,0xbe,0xfe,0xff,0x88,0xbf,0x9a,0x04,0x87,0xbf,0x1a,0x18,0xae,0xaa,
0x18,0x2f,0xb3,0x96,0x18,0x2f,0x32,0x96,0x18,0x2e,0x9c,0x96,0x19,0x2e,0x25,0x96,
0x1c,0x32,0x9c,0xa9,0x19,0x2e,0xa3,0x96,0x19,0x2f,0xad,0x96,0x1c,0x25,0x1c,0x80,
0x1d,0x23,0x30,0x82,0x19,0x2f,0x2e,0x96,0x2d,0x80,0x2f,0x82,0x09,0x00,0x87,0xbf,
0x30,0x2e,0x9c,0xa9,0x08,0x00,0xaf,0xbe,0x01,0x1c,0x00,0xd7,0x18,0x38,0x00,0x00,
0x1c,0x80,0x07,0xbf,0x19,0x1d,0x19,0x82,0x01,0x05,0x30,0x7e,0x08,0x00,0x9d,0xbe,
0xfe,0xff,0x88,0xbf,0x1a,0x18,0x9a,0xaa,0x09,0x00,0x87,0xbf,0x18,0x1b,0xb1,0x96,
0x18,0x1b,0x30,0x96,0x18,0x1a,0x9c,0x96,0x19,0x1a,0x25,0x96,0xfe,0xff,0x88,0xbf,
0x1c,0x30,0x9c,0xa9,0x19,0x1a,0xa3,0x96,0x19,0x1b,0x98,0x96,0x19,0x1b,0x1a,0x96,
0xfe,0xff,0x88,0xbf,0x1c,0x25,0x1b,0x80,0x1d,0x23,0x2e,0x82,0x18,0x80,0x1b,0x82,
0x08,0x00,0x9d,0xbe,0x2e,0x1a,0x9a,0xa9,0x09,0x00,0x87,0xbf,0x01,0x18,0x00,0xd7,
0x01,0x35,0x00,0x00,0x18,0x80,0x07,0xbf,0x19,0x1b,0x1a,0x82,0x01,0x05,0x36,0x7e,
0xfe,0xff,0x88,0xbf,0x80,0x1a,0x99,0x96,0x1a,0x80,0x18,0x96,0x09,0x1a,0xa3,0x96,
0x09,0x1a,0x1a,0x96,0x80,0x1b,0x9c,0x96,0x09,0x1b,0x25,0x96,0xfe,0xff,0x88,0xbf,
0x1c,0x18,0x98,0xa9,0x09,0x1b,0x9b,0x96,0xfe,0xff,0x88,0xbf,0x18,0x25,0x18,0x80,
0x19,0x1b,0x2e,0x82,0x23,0x80,0x1b,0x82,0xfe,0xff,0x88,0xbf,0x2e,0x1a,0x98,0xa9,
0xfe,0xff,0x88,0xbf,0x34,0x18,0x9a,0xaa,0xfe,0xff,0x88,0xbf,0x01,0x1a,0x01,0xd7,
0x80,0x34,0x00,0x00,0x1a,0x80,0x07,0xbf,0x09,0x1b,0x89,0x82,0x02,0x1c,0x01,0xd7,
0x01,0x69,0x00,0x00,0x1c,0x80,0x07,0xbf,0x01,0x05,0x46,0x7e,0xfe,0xff,0x88,0xbf,
0x09,0x80,0x9c,0x82,0x02,0x05,0x34,0x7e,0x1a,0x34,0x09,0xbf,0x18,0x81,0x9a,0xa9,
0xc1,0x80,0x1b,0x98,0xfe,0xff,0x88,0xbf,0x1c,0x80,0x06,0xbf,0x18,0x82,0x9c,0xa9,
0x1b,0xc1,0x1b,0x98,0xfe,0xff,0x88,0xbf,0x1b,0x80,0x07,0xbf,0x1c,0x1a,0x19,0x98,
0x23,0x34,0x09,0xbf,0xc1,0x80,0x1a,0x98,0x09,0x80,0x06,0xbf,0xfe,0xff,0x88,0xbf,
0x1a,0xc1,0x09,0x98,0xfe,0xff,0x88,0xbf,0x09,0x80,0x07,0xbf,0x19,0x18,0x18,0x98,
0x7e,0x08,0x6a,0x91,0x25,0x00,0xa4,0xbf,0x1a,0x00,0x60,0xd7,0xff,0x01,0x01,0x00,
0x1b,0x00,0x60,0xd7,0xff,0x03,0x01,0x00,0xff,0xf1,0x88,0xbf,0x1a,0x0c,0x02,0x7e,
0x80,0x1a,0x89,0x81,0x91,0x02,0x87,0xbf,0x01,0x57,0x02,0x7e,0xff,0x02,0x02,0x10,
0xfe,0xff,0x7f,0x4f,0x91,0x00,0x87,0xbf,0x01,0x0f,0x02,0x7e,0x01,0x05,0x10,0x7e,
0xfe,0xff,0x88,0xbf,0x09,0x08,0x09,0x96,0xfe,0xff,0x88,0xbf,0x08,0x09,0x89,0x96,
0xfe,0xff,0x88,0xbf,0x08,0x09,0x08,0x81,0xfe,0xff,0x88,0xbf,0x80,0x08,0x88,0x96,
0xfe,0xff,0x88,0xbf,0x08,0x1a,0x09,0x96,0x08,0x81,0x18,0x81,0xfe,0xff,0x88,0xbf,
0x80,0x09,0x89,0x81,0xfe,0xff,0x88,0xbf,0x09,0x1a,0x99,0x81,0x09,0x1a,0x09,0xbf,
0x18,0x08,0x08,0x98,0xfe,0xff,0x88,0xbf,0x19,0x09,0x09,0x98,0x08,0x81,0x18,0x81,
0xfe,0xff,0x88,0xbf,0x09,0x1a,0x09,0xbf,0x18,0x08,0x18,0x98,0xfe,0xff,0x88,0xbf,
0x18,0x81,0x08,0x81,0x80,0x00,0x89,0xbe,0x01,0x00,0xa0,0xbf,0x80,0x01,0x88,0xbe,
0x01,0x00,0x01,0xd5,0x80,0x02,0x89,0x00,0x12,0x16,0x98,0xaa,0xfe,0xff,0x88,0xbf,
0x0a,0x1e,0x96,0xaa,0x21,0x9f,0x25,0x86,0x0e,0x00,0x9c,0xaa,0x10,0x14,0x9a,0xaa,
0x27,0x9f,0x16,0x86,0x28,0x9f,0x0b,0x86,0x24,0x9f,0x11,0x86,0x7e,0x22,0x6a,0x91,
0x85,0x02,0xa4,0xbf,0x14,0x00,0x60,0xd7,0xff,0x01,0x01,0x00,0xc1,0x00,0x8f,0xbe,
0x15,0x00,0x60,0xd7,0xff,0x03,0x01,0x00,0x0f,0x81,0x0f,0x81,0x09,0x00,0x87,0xbf,
0x0f,0xa0,0x0a,0xbf,0xc1,0x80,0x00,0x98,0x81,0x0f,0x01,0x84,0xfe,0xff,0x88,0xbf,
0x01,0x14,0x0a,0xbf,0xc1,0x80,0x01,0x98,0xfe,0xff,0x88,0xbf,0x00,0x01,0x00,0x8b,
0xfe,0xff,0x88,0xbf,0x7e,0x00,0x6a,0x8b,0xf3,0xff,0xa4,0xbf,0x81,0x02,0x9a,0x7c,
0x74,0x02,0xa4,0xbf,0x34,0x00,0x60,0xd7,0xff,0x01,0x01,0x00,0x35,0x00,0x60,0xd7,
0xff,0x03,0x01,0x00,0xc1,0x00,0x80,0xbe,0xfe,0xff,0x88,0xbf,0x00,0x81,0x00,0x81,
0xfe,0xff,0x88,0xbf,0x00,0xa0,0x0a,0xbf,0xc1,0x80,0x01,0x98,0x81,0x00,0x13,0x84,
0x09,0x00,0x87,0xbf,0x13,0x34,0x0a,0xbf,0xc1,0x80,0x13,0x98,0xfe,0xff,0x88,0xbf,
0x01,0x13,0x01,0x8b,0xfe,0xff,0x88,0xbf,0x7e,0x01,0x6a,0x8b,0xf2,0xff,0xa4,0xbf,
0x81,0x00,0x80,0x84,0xfe,0xff,0x88,0xbf,0x00,0x34,0x81,0x81,0x80,0x00,0x80,0xbe,
0xfe,0xff,0x88,0xbf,0x00,0x80,0x11,0xbf,0x4c,0x1f,0xa1,0xbf,0x34,0x65,0x93,0xbe,
0xff,0x00,0x94,0xbe,0x00,0x00,0x80,0x4f,0x80,0x34,0x1e,0xaa,0x00,0x00,0xa3,0xbe,
0x14,0x13,0x13,0xa3,0x00,0x00,0x00,0x00,0x00,0x00,0xb1,0xbe,0x9a,0x02,0x87,0xbf,
0x13,0x00,0x84,0xd6,0x13,0x00,0x00,0x00,0x13,0xff,0x13,0xa2,0xfc,0xff,0x7f,0x5f,
0xfe,0xff,0x88,0xbf,0x9a,0x05,0x87,0xbf,0x13,0xff,0x14,0xa2,0x00,0x00,0x80,0x2f,
0x14,0x62,0x94,0xbe,0xbb,0x04,0x87,0xbf,0x14,0x13,0x13,0xa3,0x00,0x00,0x80,0xcf,
0x14,0x67,0x95,0xbe,0xfe,0xff,0x88,0xbf,0x13,0x67,0x94,0xbe,0x9b,0x04,0x87,0xbf,
0x1e,0x14,0xae,0xaa,0x14,0x2f,0xb3,0x96,0x14,0x2f,0x32,0x96,0x14,0x2e,0xa2,0x96,
0x15,0x2e,0x18,0x96,0xfe,0xff,0x88,0xbf,0x22,0x32,0xa2,0xa9,0x15,0x2e,0x93,0x96,
0x15,0x2f,0x9a,0x96,0xfe,0xff,0x88,0xbf,0x22,0x18,0x18,0x80,0x23,0x13,0x30,0x82,
0x15,0x2f,0x2e,0x96,0x1a,0x80,0x2f,0x82,0x09,0x00,0x87,0xbf,0x30,0x2e,0xa2,0xa9,
0x00,0x00,0xaf,0xbe,0xfe,0xff,0x88,0xbf,0x02,0x13,0x00,0xd7,0x14,0x44,0x00,0x00,
0x13,0x80,0x07,0xbf,0x15,0x23,0x15,0x82,0x02,0x05,0x28,0x7e,0x00,0x00,0xa3,0xbe,
0xfe,0xff,0x88,0xbf,0x1e,0x14,0x9e,0xaa,0x09,0x00,0x87,0xbf,0x14,0x1f,0xb1,0x96,
0x14,0x1f,0x30,0x96,0x14,0x1e,0xa2,0x96,0x15,0x1e,0x18,0x96,0xfe,0xff,0x88,0xbf,
0x22,0x30,0xa2,0xa9,0x15,0x1e,0x93,0x96,0x15,0x1f,0x94,0x96,0xfe,0xff,0x88,0xbf,
0x22,0x18,0x18,0x80,0x23,0x13,0x2e,0x82,0x15,0x1f,0x1e,0x96,0x14,0x80,0x1f,0x82,
0x00,0x00,0xa3,0xbe,0x2e,0x1e,0x9e,0xa9,0x09,0x00,0x87,0xbf,0x02,0x13,0x00,0xd7,
0x02,0x3d,0x00,0x00,0x13,0x80,0x07,0xbf,0x15,0x1f,0x13,0x82,0x02,0x05,0x30,0x7e,
0xfe,0xff,0x88,0xbf,0x80,0x13,0x95,0x96,0x13,0x80,0x14,0x96,0x01,0x13,0x9a,0x96,
0x01,0x13,0x1e,0x96,0x80,0x18,0xa2,0x96,0x01,0x18,0x13,0x96,0xfe,0xff,0x88,0xbf,
0x22,0x14,0x94,0xa9,0x01,0x18,0x98,0x96,0xfe,0xff,0x88,0xbf,0x14,0x13,0x13,0x80,
0x15,0x18,0x2e,0x82,0x1a,0x80,0x1f,0x82,0xfe,0xff,0x88,0xbf,0x2e,0x1e,0x94,0xa9,
0xfe,0xff,0x88,0xbf,0x34,0x14,0x9e,0xaa,0x14,0x82,0xa2,0xa9,0xfe,0xff,0x88,0xbf,
0x02,0x13,0x01,0xd7,0x80,0x3c,0x00,0x00,0x13,0x80,0x07,0xbf,0x01,0x1f,0x81,0x82,
0x03,0x18,0x01,0xd7,0x02,0x69,0x00,0x00,0x18,0x80,0x07,0xbf,0x14,0x81,0x9e,0xa9,
0xfe,0xff,0x88,0xbf,0x01,0x80,0x98,0x82,0x03,0x05,0x26,0x7e,0x13,0x34,0x09,0xbf,
0xc1,0x80,0x13,0x98,0xfe,0xff,0x88,0xbf,0x18,0x80,0x06,0xbf,0x02,0x05,0x30,0x7e,
0x13,0xc1,0x13,0x98,0xfe,0xff,0x88,0xbf,0x13,0x80,0x07,0xbf,0x22,0x1e,0x13,0x98,
0x18,0x34,0x09,0xbf,0xc1,0x80,0x15,0x98,0x01,0x80,0x06,0xbf,0xfe,0xff,0x88,0xbf,
0x15,0xc1,0x01,0x98,0xfe,0xff,0x88,0xbf,0x01,0x80,0x07,0xbf,0x13,0x14,0x14,0x98,
0x7e,0x00,0x6a,0x91,0x25,0x00,0xa4,0xbf,0x1e,0x00,0x60,0xd7,0xff,0x01,0x01,0x00,
0x1f,0x00,0x60,0xd7,0xff,0x03,0x01,0x00,0xff,0xf1,0x88,0xbf,0x1e,0x0c,0x04,0x7e,
0x80,0x1e,0x81,0x81,0x91,0x02,0x87,0xbf,0x02,0x57,0x04,0x7e,0xff,0x04,0x04,0x10,
0xfe,0xff,0x7f,0x4f,0x91,0x00,0x87,0xbf,0x02,0x0f,0x04,0x7e,0x02,0x05,0x00,0x7e,
0xfe,0xff,0x88,0xbf,0x01,0x00,0x01,0x96,0xfe,0xff,0x88,0xbf,0x00,0x01,0x81,0x96,
0xfe,0xff,0x88,0xbf,0x00,0x01,0x00,0x81,0xfe,0xff,0x88,0xbf,0x80,0x00,0x80,0x96,
0xfe,0xff,0x88,0xbf,0x00,0x1e,0x01,0x96,0x00,0x81,0x13,0x81,0xfe,0xff,0x88,0xbf,
0x80,0x01,0x81,0x81,0xfe,0xff,0x88,0xbf,0x01,0x1e,0x94,0x81,0x01,0x1e,0x09,0xbf,
0x13,0x00,0x00,0x98,0xfe,0xff,0x88,0xbf,0x14,0x01,0x01,0x98,0x00,0x81,0x13,0x81,
0xfe,0xff,0x88,0xbf,0x01,0x1e,0x09,0xbf,0x13,0x00,0x14,0x98,0xfe,0xff,0x88,0xbf,
0x14,0x81,0x14,0x81,0x80,0x00,0x95,0xbe,0x81,0x02,0x9a,0x7c,0xb8,0x01,0xa4,0xbf,
0x1e,0x00,0x60,0xd7,0xff,0x01,0x01,0x00,0xc1,0x00,0x93,0xbe,0x1f,0x00,0x60,0xd7,
0xff,0x03,0x01,0x00,0xfe,0xff,0x88,0xbf,0x13,0x81,0x13,0x81,0xfe,0xff,0x88,0xbf,
0x13,0xa0,0x0a,0xbf,0xc1,0x80,0x00,0x98,0x81,0x13,0x01,0x84,0xfe,0xff,0x88,0xbf,
0x01,0x1e,0x0a,0xbf,0xc1,0x80,0x01,0x98,0xfe,0xff,0x88,0xbf,0x00,0x01,0x00,0x8b,
0xfe,0xff,0x88,0xbf,0x7e,0x00,0x6a,0x8b,0xf2,0xff,0xa4,0xbf,0x81,0x02,0x9a,0x7c,
0xa6,0x01,0xa4,0xbf,0x36,0x00,0x60,0xd7,0xff,0x01,0x01,0x00,0x37,0x00,0x60,0xd7,
0xff,0x03,0x01,0x00,0xc1,0x00,0x80,0xbe,0xfe,0xff,0x88,0xbf,0x00,0x81,0x00,0x81,
0xfe,0xff,0x88,0xbf,0x00,0xa0,0x0a,0xbf,0xc1,0x80,0x01,0x98,0x81,0x00,0x18,0x84,
0xfe,0xff,0x88,0xbf,0x18,0x36,0x0a,0xbf,0xc1,0x80,0x18,0x98,0xfe,0xff,0x88,0xbf,
0x01,0x18,0x01,0x8b,0xfe,0xff,0x88,0xbf,0x7e,0x01,0x6a,0x8b,0xf2,0xff,0xa4,0xbf,
0x81,0x00,0x80,0x84,0xfe,0xff,0x88,0xbf,0x00,0x36,0x81,0x81,0x80,0x00,0x80,0xbe,
0xfe,0xff,0x88,0xbf,0x00,0x80,0x11,0xbf,0x79,0x1e,0xa1,0xbf,0x36,0x65,0x98,0xbe,
0xff,0x00,0x9a,0xbe,0x00,0x00,0x80,0x4f,0x80,0x36,0x22,0xaa,0x00,0x00,0xaf,0xbe,
0xfe,0xff,0x88,0xbf,0x1a,0x18,0x18,0xa3,0x00,0x00,0x00,0x00,0x00,0x00,0xb3,0xbe,
0xfe,0xff,0x88,0xbf,0x99,0x02,0x87,0xbf,0x18,0x00,0x84,0xd6,0x18,0x00,0x00,0x00,
0x18,0xff,0x18,0xa2,0xfc,0xff,0x7f,0x5f,0xfe,0xff,0x88,0xbf,0x2a,0x05,0x87,0xbf,
0x18,0xff,0x1a,0xa2,0x00,0x00,0x80,0x2f,0xfe,0xff,0x88,0xbf,0x1a,0x62,0x9a,0xbe,
0xfe,0xff,0x88,0xbf,0xba,0x04,0x87,0xbf,0x1a,0x18,0x18,0xa3,0x00,0x00,0x80,0xcf,
0x1a,0x67,0x9f,0xbe,0xfe,0xff,0x88,0xbf,0x18,0x67,0x9e,0xbe,0xfe,0xff,0x88,0xbf,
0x9a,0x04,0x87,0xbf,0x22,0x1e,0xb0,0xaa,0x1e,0x31,0xb5,0x96,0x1e,0x31,0x34,0x96,
0x1e,0x30,0xae,0x96,0x1f,0x30,0x1a,0x96,0xfe,0xff,0x88,0xbf,0x2e,0x34,0xae,0xa9,
0x1f,0x30,0x98,0x96,0x1f,0x31,0x9c,0x96,0x2e,0x1a,0x1a,0x80,0xfe,0xff,0x88,0xbf,
0x2f,0x18,0x32,0x82,0x1f,0x31,0x30,0x96,0x1c,0x80,0x31,0x82,0x09,0x00,0x87,0xbf,
0x32,0x30,0xae,0xa9,0x00,0x00,0xb1,0xbe,0x02,0x18,0x00,0xd7,0x1e,0x5c,0x00,0x00,
0x18,0x80,0x07,0xbf,0x1f,0x2f,0x1f,0x82,0x02,0x05,0x3c,0x7e,0x00,0x00,0xaf,0xbe,
0xfe,0xff,0x88,0xbf,0x22,0x1e,0xa2,0xaa,0xfe,0xff,0x88,0xbf,0x1e,0x23,0xb3,0x96,
0x1e,0x23,0x32,0x96,0x1e,0x22,0xae,0x96,0x1f,0x22,0x1a,0x96,0xfe,0xff,0x88,0xbf,
0x2e,0x32,0xae,0xa9,0x1f,0x22,0x98,0x96,0x1f,0x23,0x9c,0x96,0xfe,0xff,0x88,0xbf,
0x2e,0x1a,0x1a,0x80,0x2f,0x18,0x30,0x82,0x1f,0x23,0x22,0x96,0x1c,0x80,0x23,0x82,
0x00,0x00,0xaf,0xbe,0xfe,0xff,0x88,0xbf,0x30,0x22,0xa2,0xa9,0xfe,0xff,0x88,0xbf,
0x02,0x18,0x00,0xd7,0x02,0x45,0x00,0x00,0x18,0x80,0x07,0xbf,0x1f,0x23,0x18,0x82,
0x02,0x05,0x34,0x7e,0xfe,0xff,0x88,0xbf,0x80,0x18,0x9f,0x96,0x18,0x80,0x1e,0x96,
0x01,0x18,0x9c,0x96,0x01,0x18,0x22,0x96,0x80,0x1a,0xae,0x96,0x01,0x1a,0x18,0x96,
0xfe,0xff,0x88,0xbf,0x2e,0x1e,0x9e,0xa9,0x01,0x1a,0x9a,0x96,0xfe,0xff,0x88,0xbf,
0x1e,0x18,0x18,0x80,0x1f,0x1a,0x30,0x82,0x1c,0x80,0x23,0x82,0xfe,0xff,0x88,0xbf,
0x30,0x22,0x9e,0xa9,0xfe,0xff,0x88,0xbf,0x36,0x1e,0xa2,0xaa,0x1e,0x82,0xae,0xa9,
0xfe,0xff,0x88,0xbf,0x02,0x18,0x01,0xd7,0x80,0x44,0x00,0x00,0x18,0x80,0x07,0xbf,
0x01,0x23,0x81,0x82,0x03,0x1a,0x01,0xd7,0x02,0x6d,0x00,0x00,0x1a,0x80,0x07,0xbf,
0x1e,0x81,0xa2,0xa9,0xfe,0xff,0x88,0xbf,0x01,0x80,0x9a,0x82,0x03,0x05,0x30,0x7e,
0x18,0x36,0x09,0xbf,0xc1,0x80,0x18,0x98,0xfe,0xff,0x88,0xbf,0x1a,0x80,0x06,0xbf,
0x02,0x05,0x34,0x7e,0x18,0xc1,0x18,0x98,0xfe,0xff,0x88,0xbf,0x18,0x80,0x07,0xbf,
0x2e,0x22,0x18,0x98,0x1a,0x36,0x09,0xbf,0xc1,0x80,0x1a,0x98,0x01,0x80,0x06,0xbf,
0xfe,0xff,0x88,0xbf,0x1a,0xc1,0x01,0x98,0xfe,0xff,0x88,0xbf,0x01,0x80,0x07,0xbf,
0x18,0x1e,0x1e,0x98,0x7e,0x00,0x6a,0x91,0x25,0x00,0xa4,0xbf,0x1e,0x00,0x60,0xd7,
0xff,0x01,0x01,0x00,0x1f,0x00,0x60,0xd7,0xff,0x03,0x01,0x00,0xfe,0xf1,0x88,0xbf,
0x1e,0x0c,0x04,0x7e,0x80,0x1e,0x81,0x81,0x91,0x02,0x87,0xbf,0x02,0x57,0x04,0x7e,
0xff,0x04,0x04,0x10,0xfe,0xff,0x7f,0x4f,0x91,0x00,0x87,0xbf,0x02,0x0f,0x04,0x7e,
0x02,0x05,0x00,0x7e,0xfe,0xff,0x88,0xbf,0x01,0x00,0x01,0x96,0xfe,0xff,0x88,0xbf,
0x00,0x01,0x81,0x96,0xfe,0xff,0x88,0xbf,0x00,0x01,0x00,0x81,0xfe,0xff,0x88,0xbf,
0x80,0x00,0x80,0x96,0xfe,0xff,0x88,0xbf,0x00,0x1e,0x01,0x96,0x00,0x81,0x18,0x81,
0xfe,0xff,0x88,0xbf,0x80,0x01,0x81,0x81,0xfe,0xff,0x88,0xbf,0x01,0x1e,0x9a,0x81,
0x01,0x1e,0x09,0xbf,0x18,0x00,0x00,0x98,0xfe,0xff,0x88,0xbf,0x1a,0x01,0x01,0x98,
0x00,0x81,0x18,0x81,0xfe,0xff,0x88,0xbf,0x01,0x1e,0x09,0xbf,0x18,0x00,0x1e,0x98,
0xfe,0xff,0x88,0xbf,0x1e,0x81,0x1e,0x81,0x80,0x00,0x9f,0xbe,0x81,0x02,0x9a,0x7c,
0xe5,0x00,0xa4,0xbf,0x22,0x00,0x60,0xd7,0xff,0x01,0x01,0x00,0xc1,0x00,0x98,0xbe,
0x23,0x00,0x60,0xd7,0xff,0x03,0x01,0x00,0xfe,0xff,0x88,0xbf,0x18,0x81,0x18,0x81,
0xfe,0xff,0x88,0xbf,0x18,0xa0,0x0a,0xbf,0xc1,0x80,0x00,0x98,0x81,0x18,0x01,0x84,
0xfe,0xff,0x88,0xbf,0x01,0x22,0x0a,0xbf,0xc1,0x80,0x01,0x98,0xfe,0xff,0x88,0xbf,
0x00,0x01,0x00,0x8b,0xfe,0xff,0x88,0xbf,0x7e,0x00,0x6a,0x8b,0xf2,0xff,0xa4,0xbf,
0x81,0x02,0x9a,0x7c,0xd3,0x00,0xa4,0xbf,0x38,0x00,0x60,0xd7,0xff,0x01,0x01,0x00,
0x39,0x00,0x60,0xd7,0xff,0x03,0x01,0x00,0xc1,0x00,0x80,0xbe,0xfe,0xff,0x88,0xbf,
0x00,0x81,0x00,0x81,0xfe,0xff,0x88,0xbf,0x00,0xa0,0x0a,0xbf,0xc1,0x80,0x01,0x98,
0x81,0x00,0x1a,0x84,0xfe,0xff,0x88,0xbf,0x1a,0x38,0x0a,0xbf,0xc1,0x80,0x1a,0x98,
0xfe,0xff,0x88,0xbf,0x01,0x1a,0x01,0x8b,0xfe,0xff,0x88,0xbf,0x7e,0x01,0x6a,0x8b,
0xf2,0xff,0xa4,0xbf,0x81,0x00,0x80,0x84,0xfe,0xff,0x88,0xbf,0x00,0x38,0x81,0x81,
0x80,0x00,0x80,0xbe,0xfe,0xff,0x88,0xbf,0x00,0x80,0x11,0xbf,0xa1,0x1d,0xa1,0xbf,
0x38,0x65,0x9a,0xbe,0xff,0x00,0x9c,0xbe,0x00,0x00,0x80,0x4f,0x80,0x38,0x2e,0xaa,
0x00,0x00,0xb1,0xbe,0xfe,0xff,0x88,0xbf,0x1c,0x1a,0x1a,0xa3,0x00,0x00,0x00,0x00,
0x00,0x00,0xb5,0xbe,0xfe,0xff,0x88,0xbf,0x99,0x02,0x87,0xbf,0x1a,0x00,0x84,0xd6,
0x1a,0x00,0x00,0x00,0x1a,0xff,0x1a,0xa2,0xfc,0xff,0x7f,0x5f,0xfe,0xff,0x88,0xbf,
0x2a,0x05,0x87,0xbf,0x1a,0xff,0x1c,0xa2,0x00,0x00,0x80,0x2f,0xfe,0xff,0x88,0xbf,
0x1c,0x62,0x9c,0xbe,0xfe,0xff,0x88,0xbf,0xba,0x04,0x87,0xbf,0x1c,0x1a,0x1a,0xa3,
0x00,0x00,0x80,0xcf,0x1c,0x67,0xa3,0xbe,0xfe,0xff,0x88,0xbf,0x1a,0x67,0xa2,0xbe,
0xfe,0xff,0x88,0xbf,0x9a,0x04,0x87,0xbf,0x2e,0x22,0xb2,0xaa,0x22,0x33,0xb7,0x96,
0x22,0x33,0x36,0x96,0x22,0x32,0xb0,0x96,0x23,0x32,0x1c,0x96,0xfe,0xff,0x88,0xbf,
0x30,0x36,0xb0,0xa9,0x23,0x32,0x9a,0x96,0x23,0x33,0xad,0x96,0x30,0x1c,0x1c,0x80,
0xfe,0xff,0x88,0xbf,0x31,0x1a,0x34,0x82,0x23,0x33,0x32,0x96,0x2d,0x80,0x33,0x82,
0xfe,0xff,0x88,0xbf,0x34,0x32,0xb0,0xa9,0x00,0x00,0xb3,0xbe,0x02,0x1a,0x00,0xd7,
0x22,0x60,0x00,0x00,0x1a,0x80,0x07,0xbf,0x23,0x31,0x23,0x82,0x02,0x05,0x44,0x7e,
0x00,0x00,0xb1,0xbe,0xfe,0xff,0x88,0xbf,0x2e,0x22,0xae,0xaa,0xfe,0xff,0x88,0xbf,
0x22,0x2f,0xb5,0x96,0x22,0x2f,0x34,0x96,0x22,0x2e,0xb0,0x96,0x23,0x2e,0x1c,0x96,
0xfe,0xff,0x88,0xbf,0x30,0x34,0xb0,0xa9,0x23,0x2e,0x9a,0x96,0x23,0x2f,0xa2,0x96,
0xfe,0xff,0x88,0xbf,0x30,0x1c,0x1c,0x80,0x31,0x1a,0x32,0x82,0x23,0x2f,0x2e,0x96,
0x22,0x80,0x2f,0x82,0x00,0x00,0xb1,0xbe,0xfe,0xff,0x88,0xbf,0x32,0x2e,0xae,0xa9,
0xfe,0xff,0x88,0xbf,0x02,0x1a,0x00,0xd7,0x02,0x5d,0x00,0x00,0x1a,0x80,0x07,0xbf,
0x23,0x2f,0x1a,0x82,0x02,0x05,0x38,0x7e,0xfe,0xff,0x88,0xbf,0x80,0x1a,0xa3,0x96,
0x1a,0x80,0x22,0x96,0x01,0x1a,0xad,0x96,0x01,0x1a,0x2e,0x96,0x80,0x1c,0xb0,0x96,
0x01,0x1c,0x1a,0x96,0xfe,0xff,0x88,0xbf,0x30,0x22,0xa2,0xa9,0x01,0x1c,0x9c,0x96,
0xfe,0xff,0x88,0xbf,0x22,0x1a,0x1a,0x80,0x23,0x1c,0x32,0x82,0x2d,0x80,0x2f,0x82,
0xfe,0xff,0x88,0xbf,0x32,0x2e,0xa2,0xa9,0xfe,0xff,0x88,0xbf,0x38,0x22,0xae,0xaa,
0x22,0x82,0xb0,0xa9,0xfe,0xff,0x88,0xbf,0x02,0x1a,0x01,0xd7,0x80,0x5c,0x00,0x00,
0x1a,0x80,0x07,0xbf,0x01,0x2f,0x81,0x82,0x03,0x1c,0x01,0xd7,0x02,0x71,0x00,0x00,
0x1c,0x80,0x07,0xbf,0x22,0x81,0xae,0xa9,0xfe,0xff,0x88,0xbf,0x01,0x80,0x9c,0x82,
0x03,0x05,0x34,0x7e,0x1a,0x38,0x09,0xbf,0xc1,0x80,0x1a,0x98,0xfe,0xff,0x88,0xbf,
0x1c,0x80,0x06,0xbf,0x02,0x05,0x38,0x7e,0x1a,0xc1,0x1a,0x98,0xfe,0xff,0x88,0xbf,
0x1a,0x80,0x07,0xbf,0x30,0x2e,0x1a,0x98,0x1c,0x38,0x09,0xbf,0xc1,0x80,0x1c,0x98,
0x01,0x80,0x06,0xbf,0xfe,0xff,0x88,0xbf,0x1c,0xc1,0x01,0x98,0xfe,0xff,0x88,0xbf,
0x01,0x80,0x07,0xbf,0x1a,0x22,0x22,0x98,0x7e,0x00,0x6a,0x91,0x26,0x00,0xa4,0xbf,
0x00,0x00,0x60,0xd7,0xff,0x01,0x01,0x00,0x01,0x00,0x60,0xd7,0xff,0x03,0x01,0x00,
0x00,0x00,0xa2,0xbe,0xfe,0xff,0x88,0xbf,0x22,0x0c,0x04,0x7e,0x80,0x22,0x81,0x81,
0x91,0x02,0x87,0xbf,0x02,0x57,0x04,0x7e,0xff,0x04,0x04,0x10,0xfe,0xff,0x7f,0x4f,
0x91,0x00,0x87,0xbf,0x02,0x0f,0x04,0x7e,0x02,0x05,0x00,0x7e,0xfe,0xff,0x88,0xbf,
0x01,0x00,0x01,0x96,0xfe,0xff,0x88,0xbf,0x00,0x01,0x81,0x96,0xfe,0xff,0x88,0xbf,
0x00,0x01,0x00,0x81,0xfe,0xff,0x88,0xbf,0x80,0x00,0x80,0x96,0xfe,0xff,0x88,0xbf,
0x00,0x22,0x01,0x96,0x00,0x81,0x1a,0x81,0xfe,0xff,0x88,0xbf,0x80,0x01,0x81,0x81,
0xfe,0xff,0x88,0xbf,0x01,0x22,0x9c,0x81,0x01,0x22,0x09,0xbf,0x1a,0x00,0x00,0x98,
0xfe,0xff,0x88,0xbf,0x1c,0x01,0x01,0x98,0x00,0x81,0x1a,0x81,0xfe,0xff,0x88,0xbf,
0x01,0x22,0x09,0xbf,0x1a,0x00,0x22,0x98,0xfe,0xff,0x88,0xbf,0x22,0x81,0x00,0x81,
0x80,0x00,0x81,0xbe,0x10,0x00,0xa0,0xbf,0x80,0x00,0x8f,0xbe,0x81,0x02,0x9a,0x7c,
0x8c,0xfd,0xa3,0xbf,0x80,0x01,0x94,0xbe,0x81,0x02,0x9a,0x7c,0x48,0xfe,0xa3,0xbf,
0x80,0x00,0x93,0xbe,0x81,0x02,0x9a,0x7c,0x5a,0xfe,0xa3,0xbf,0x80,0x01,0x9e,0xbe,
0x81,0x02,0x9a,0x7c,0x1b,0xff,0xa3,0xbf,0x80,0x00,0x98,0xbe,0x81,0x02,0x9a,0x7c,
0x2d,0xff,0xa3,0xbf,0x80,0x01,0x80,0xbe,0xfe,0xff,0x88,0xbf,0xff,0x00,0x61,0xd7,
0x00,0x04,0x01,0x00,0x81,0x02,0x9a,0x7c,0xff,0x00,0x61,0xd7,0x01,0x06,0x01,0x00,
0x15,0x00,0xa4,0xbf,0x01,0x00,0x87,0xbf,0x00,0x00,0x60,0xd7,0xff,0x01,0x01,0x00,
0xc1,0x00,0xe8,0xbe,0x01,0x00,0x60,0xd7,0xff,0x03,0x01,0x00,0x00,0x00,0x9a,0xbe,
0x68,0x81,0x68,0x81,0x09,0x00,0x87,0xbf,0x68,0xa0,0x0a,0xbf,0xc1,0x80,0x00,0x98,
0x81,0x68,0x01,0x84,0xfe,0xff,0x88,0xbf,0x01,0x1a,0x0a,0xbf,0xc1,0x80,0x01,0x98,
0xfe,0xff,0x88,0xbf,0x00,0x01,0x00,0x8b,0xfe,0xff,0x88,0xbf,0x7e,0x00,0x6a,0x8b,
0xf3,0xff,0xa4,0xbf,0x01,0x00,0xa0,0xbf,0x80,0x00,0xe8,0xbe,0x80,0x00,0x81,0xbe,
0x02,0x67,0x00,0x96,0x65,0xff,0x23,0x81,0xff,0xff,0xff,0x7f,0xfe,0xff,0x88,0xbf,
0x01,0x00,0xa2,0xbe,0x1d,0x2c,0x1a,0x96,0xfe,0xff,0x88,0xbf,0x22,0x00,0xa2,0xaa,
0x2a,0x81,0x22,0x81,0x0e,0x1a,0x8e,0x81,0xfe,0xff,0x88,0xbf,0x22,0x23,0x1a,0x81,
0x0e,0x2c,0x9c,0x81,0x0e,0x2c,0x09,0xbf,0x1b,0x2b,0x1b,0x96,0xfe,0xff,0x88,0xbf,
0x1c,0x0e,0x0e,0x98,0x19,0x29,0x19,0x96,0x0e,0x2c,0x9c,0x81,0x0e,0x2c,0x09,0xbf,
0x17,0x26,0x17,0x96,0xfe,0xff,0x88,0xbf,0x1c,0x0e,0x0e,0x98,0x10,0x1b,0x90,0x81,
0x0e,0x25,0x1b,0x8d,0x10,0x2b,0x8e,0x81,0x10,0x2b,0x09,0xbf,0x01,0x00,0x9c,0xbe,
0x0e,0x10,0x0e,0x98,0x06,0x03,0x00,0xf4,0x38,0x00,0x00,0xf8,0x02,0x21,0x00,0xf4,
0x00,0x00,0x00,0xf8,0x0e,0x2b,0x90,0x81,0x0e,0x2b,0x09,0xbf,0x2a,0x00,0x60,0xd7,
0xff,0x01,0x01,0x00,0x10,0x0e,0x0e,0x98,0x66,0xc1,0x1d,0x81,0x0e,0x16,0x0e,0x8d,
0x12,0x19,0x99,0x81,0x16,0x0e,0x8e,0x81,0xfe,0xff,0x88,0xbf,0x1c,0x00,0x9c,0xaa,
0x27,0x0e,0x10,0x81,0x19,0x29,0x9c,0x81,0x10,0x9f,0x0e,0x86,0xfe,0xff,0x88,0xbf,
0x22,0x1d,0x16,0x81,0x0e,0x9c,0x12,0x85,0x2b,0x00,0x60,0xd7,0xff,0x03,0x01,0x00,
0xfe,0xff,0x88,0xbf,0x10,0x12,0x12,0x81,0x19,0x29,0x09,0xbf,0x01,0x00,0xad,0xbe,
0x1c,0x19,0x19,0x98,0xff,0x00,0xb3,0xbe,0x00,0x40,0x00,0x31,0xfe,0xff,0x88,0xbf,
0x19,0x29,0x9c,0x81,0x19,0x29,0x09,0xbf,0x00,0x65,0x29,0x96,0xfe,0xff,0x88,0xbf,
0x1c,0x19,0x19,0x98,0x0a,0x17,0x8a,0x81,0xfe,0xff,0x88,0xbf,0x19,0x0b,0x17,0x8d,
0x0e,0x9d,0x0e,0x85,0x0b,0x17,0x8b,0x81,0x10,0x0e,0x0e,0x81,0x0a,0x26,0x97,0x81,
0xfe,0xff,0x88,0xbf,0x28,0x0b,0x28,0x81,0x0a,0x26,0x09,0xbf,0x2a,0x64,0x1c,0x96,
0x17,0x0a,0x0a,0x98,0x33,0x00,0xaf,0xbe,0xfe,0xff,0x88,0xbf,0x0a,0x26,0x8b,0x81,
0x0a,0x26,0x09,0xbf,0x84,0x00,0x04,0x32,0xfe,0xff,0x88,0xbf,0x0b,0x0a,0x19,0x98,
0x1c,0x15,0x97,0xbe,0xfe,0xff,0x88,0xbf,0x19,0x11,0x19,0x8d,0x17,0x65,0x8a,0xbe,
0x80,0x17,0x9d,0x81,0x81,0x00,0x20,0x32,0x80,0x00,0x24,0xca,0x87,0x00,0x04,0x29,
0xfe,0xff,0x88,0xbf,0x0a,0x56,0x02,0x7e,0x83,0x21,0x00,0xf4,0x00,0x00,0x00,0xf8,
0xb0,0x22,0x00,0xf4,0x00,0x00,0x00,0xf8,0xb1,0x28,0x00,0xf4,0x00,0x00,0x00,0xf8,
0x80,0x00,0x22,0xca,0x81,0x00,0x06,0x2b,0x80,0x00,0x24,0xca,0xff,0x00,0x06,0x2e,
0xe0,0x00,0x00,0x00,0x80,0x00,0x24,0xca,0x8c,0x04,0x02,0x2f,0x05,0x00,0x10,0xd6,
0x00,0x07,0x0d,0x02,0x80,0x00,0x24,0xca,0xff,0x20,0x08,0x2d,0x70,0x00,0x00,0x00,
0x05,0x00,0x87,0xbf,0x01,0x05,0x1a,0x7e,0xb0,0x08,0x16,0x16,0x06,0x00,0x57,0xd6,
0x06,0x3d,0x1d,0x04,0xff,0x04,0x0e,0x16,0x80,0x01,0x00,0x00,0x80,0x00,0x24,0xca,
0x8f,0x00,0x0e,0x2a,0x0d,0xff,0x0d,0xa2,0xfe,0xff,0x7f,0x4f,0x93,0x01,0x87,0xbf,
0x80,0x00,0x22,0xca,0x82,0x0c,0x42,0x21,0x06,0x00,0x58,0xd6,0x07,0x17,0x16,0x04,
0x09,0x00,0x87,0xbf,0x0d,0x67,0x8d,0xbe,0x00,0x00,0xc7,0xbf,0xff,0x00,0x61,0xd7,
0x22,0x08,0x01,0x00,0x47,0x00,0x56,0xd6,0x02,0x07,0x15,0x04,0x86,0x08,0x14,0x16,
0x1d,0x0d,0x1d,0x96,0x80,0x00,0x22,0xca,0x81,0x0c,0x44,0x28,0xfe,0xff,0x88,0xbf,
0x0d,0x1d,0x9d,0x96,0xff,0x00,0x61,0xd7,0x23,0x0a,0x01,0x00,0x0c,0x15,0xa2,0xbe,
0xfe,0xff,0x88,0xbf,0x0d,0x1d,0x0d,0x81,0x0c,0x1c,0x0c,0x8d,0x22,0x0d,0x8d,0x96,
0x0c,0x9f,0x0c,0x86,0x0d,0x17,0x1c,0x96,0x0d,0x81,0x1d,0x81,0xfe,0xff,0x88,0xbf,
0x22,0x1c,0x9c,0x81,0xff,0x00,0x61,0xd7,0x29,0x0c,0x01,0x00,0xfe,0xff,0x88,0xbf,
0x1c,0x17,0xa2,0x81,0x1c,0x17,0x09,0xbf,0x88,0x8e,0x04,0x38,0x1d,0x0d,0x0d,0x98,
0xfe,0xff,0x88,0xbf,0x22,0x1c,0x1c,0x98,0x0d,0x81,0x1d,0x81,0xfe,0xff,0x88,0xbf,
0x1c,0x17,0x09,0xbf,0x00,0x66,0x17,0x96,0x1d,0x0d,0x0d,0x98,0x75,0x15,0xa2,0xbe,
0x0d,0x0c,0x0d,0x8d,0x80,0x00,0x20,0xca,0xff,0x8e,0x04,0x1a,0x48,0x00,0x00,0x00,
0x0d,0x0c,0x8c,0x81,0x80,0x00,0x20,0xca,0xff,0x8e,0x06,0x25,0x58,0x00,0x00,0x00,
0x0c,0x15,0x8d,0xbe,0x0c,0x9f,0x0c,0x86,0x0d,0x65,0x9c,0xbe,0x80,0x0d,0x9d,0x81,
0x02,0x00,0x2c,0xd7,0x00,0x04,0x02,0x00,0x01,0x00,0x10,0xd6,0x00,0x09,0x05,0x02,
0xfe,0xff,0x88,0xbf,0x1c,0x56,0x12,0x7e,0x05,0x00,0x2c,0xd7,0x00,0x0a,0x02,0x00,
0x06,0x00,0x2c,0xd7,0x00,0x0c,0x02,0x00,0x80,0x00,0x22,0xca,0x84,0x1e,0x0c,0x22,
0x83,0x20,0x68,0x16,0x80,0x00,0x22,0xca,0x81,0x04,0x48,0x27,0xff,0x8e,0x04,0x38,
0x88,0x00,0x00,0x00,0x80,0x00,0x22,0xca,0x81,0x0a,0x4a,0x1c,0x05,0x00,0x87,0xbf,
0x09,0x05,0x38,0x7e,0x80,0x00,0x22,0xca,0x81,0x0c,0x4c,0x1b,0xff,0x8e,0x0a,0x38,
0x90,0x00,0x00,0x00,0xff,0x8e,0x0c,0x38,0x80,0x00,0x00,0x00,0x1c,0xff,0x1c,0xa2,
0xfe,0xff,0x7f,0x4f,0x02,0x00,0x2c,0xd7,0x00,0x04,0x02,0x00,0x80,0x00,0x24,0xca,
0x81,0x00,0x02,0x2c,0xfe,0xff,0x88,0xbf,0x1c,0x67,0x9c,0xbe,0x05,0x00,0x2c,0xd7,
0x00,0x0a,0x02,0x00,0x06,0x00,0x2c,0xd7,0x00,0x0c,0x02,0x00,0x81,0x06,0x94,0x7c,
0xfe,0xff,0x88,0xbf,0x1d,0x1c,0x1d,0x96,0x80,0x00,0x22,0xca,0x81,0x04,0x4c,0x1e,
0xfe,0xff,0x88,0xbf,0x1c,0x1d,0x9d,0x96,0x02,0x00,0x2c,0xd7,0x34,0x05,0x00,0x00,
0xfe,0xff,0x88,0xbf,0x1c,0x1d,0x1c,0x81,0x75,0x9f,0x1d,0x86,0xfe,0xff,0x88,0xbf,
0x22,0x1c,0x9c,0x96,0x1d,0x0c,0x0c,0x8d,0xfe,0xff,0x88,0xbf,0x1c,0x0d,0x23,0x96,
0x1c,0x81,0x26,0x81,0xfe,0xff,0x88,0xbf,0x22,0x23,0xa3,0x81,0x80,0x00,0x22,0xca,
0x81,0x0a,0x4e,0x20,0xfe,0xff,0x88,0xbf,0x23,0x0d,0xa7,0x81,0x23,0x0d,0x09,0xbf,
0x81,0x0c,0xa0,0x30,0x26,0x1c,0x1c,0x98,0x27,0x23,0x23,0x98,0xfe,0xff,0x88,0xbf,
0x1c,0x81,0x26,0x81,0x23,0x0d,0x09,0xbf,0x05,0x00,0x2c,0xd7,0x00,0x68,0x02,0x00,
0x26,0x1c,0x0d,0x98,0x25,0x1b,0x9b,0x81,0x0d,0x0c,0x0d,0x8d,0x11,0x19,0x91,0x81,
0xfe,0xff,0x88,0xbf,0x21,0x1b,0x19,0x81,0x0d,0x0c,0xac,0x81,0x24,0x11,0x11,0x81,
0xfe,0xff,0x88,0xbf,0x19,0xbf,0x19,0x81,0x08,0x2c,0x88,0xaa,0x11,0xaf,0x11,0x81,
0xfe,0xff,0x88,0xbf,0x19,0x9f,0x08,0x86,0x14,0x2c,0x8c,0xaa,0x11,0xff,0x0c,0x97,
0xab,0xaa,0xaa,0x2a,0xfe,0xff,0x88,0xbf,0x08,0x9a,0x08,0x85,0x0c,0x9f,0x11,0x85,
0x0c,0x83,0x0c,0x86,0xfe,0xff,0x88,0xbf,0x19,0x08,0x19,0x81,0x0c,0x11,0x11,0x81,
0xfe,0xff,0x88,0xbf,0x19,0x86,0x19,0x86,0x2c,0x09,0x08,0x81,0x2c,0x0d,0x09,0x81,
0xfe,0xff,0x88,0xbf,0x11,0x19,0x0d,0x96,0x08,0x0f,0x08,0x85,0x0d,0x15,0x8f,0xbe,
0x1e,0x2c,0x94,0xaa,0x0f,0x65,0x8d,0xbe,0xfe,0xff,0x88,0xbf,0x2c,0x15,0x0c,0x81,
0x09,0x13,0x09,0x85,0x0c,0x18,0x0c,0x85,0x0d,0x56,0x1c,0x7e,0x08,0x2a,0x13,0x96,
0xfe,0xff,0x88,0xbf,0x09,0x2a,0x14,0x96,0x0c,0x2a,0x0d,0x96,0x0c,0x17,0x15,0x96,
0x2c,0x13,0x8c,0x81,0xfe,0xff,0x88,0xbf,0x2c,0x14,0x93,0x81,0x08,0x29,0x08,0x96,
0x09,0x17,0x09,0x96,0x0c,0x02,0x0c,0x96,0x0e,0x05,0x30,0x7e,0xfe,0xff,0x88,0xbf,
0x13,0x02,0x13,0x96,0x0c,0x08,0x08,0x81,0xfe,0xff,0x88,0xbf,0x13,0x09,0x0c,0x81,
0xff,0x00,0x61,0xd7,0x2c,0x0e,0x01,0x00,0x18,0xff,0x13,0xa2,0xfe,0xff,0x7f,0x4f,
0x80,0x0f,0x97,0x81,0x08,0x9f,0x09,0x86,0x2c,0x0d,0x8d,0x81,0xfe,0xff,0x88,0xbf,
0x13,0x67,0x93,0xbe,0x08,0x81,0x88,0x84,0xff,0x00,0x61,0xd7,0x2d,0x10,0x01,0x00,
0x0d,0x02,0x0d,0x96,0xfe,0xff,0x88,0xbf,0x17,0x13,0x17,0x96,0x04,0x08,0xac,0xa9,
0x13,0x17,0x84,0x96,0x0d,0x15,0x14,0x81,0x13,0x04,0x13,0x81,0x0c,0x9f,0x0d,0x86,
0xfe,0xff,0x88,0xbf,0x14,0x9f,0x15,0x86,0x22,0x13,0x84,0x96,0x0c,0x81,0x8c,0x84,
0xfe,0xff,0x88,0xbf,0x14,0x81,0x94,0x84,0x04,0x0f,0x04,0x96,0x06,0x0c,0xb0,0xa9,
0xfe,0xff,0x88,0xbf,0x0a,0x14,0x88,0xa9,0x22,0x04,0x84,0x81,0x2d,0xff,0x2d,0x8b,
0xff,0xff,0x00,0x00,0x31,0xff,0x31,0x8b,0xff,0xff,0x00,0x00,0xfe,0xff,0x88,0xbf,
0x09,0xff,0x09,0x8b,0xff,0xff,0x00,0x00,0x04,0x0f,0x85,0x81,0x04,0x0f,0x09,0xbf,
0xff,0x00,0x61,0xd7,0x08,0x12,0x01,0x00,0x05,0x04,0x04,0x98,0x03,0x00,0x01,0xd5,
0x80,0x06,0xa9,0x01,0x04,0x0f,0x85,0x81,0x04,0x0f,0x09,0xbf,0xfe,0xff,0x88,0xbf,
0xff,0x00,0x61,0xd7,0x09,0x14,0x01,0x00,0x05,0x04,0x04,0x98,0x11,0x15,0x85,0xbe,
0x04,0x1d,0x04,0x8d,0x05,0x65,0x86,0xbe,0x80,0x05,0x87,0x81,0xff,0x00,0x61,0xd7,
0x0a,0x16,0x01,0x00,0x04,0x1d,0x84,0x81,0x06,0x56,0x1c,0x7e,0x35,0x00,0x0b,0xd6,
0xff,0x02,0x36,0x04,0x10,0x0c,0x00,0x00,0x02,0x00,0x2c,0xd7,0x02,0x55,0x00,0x00,
0xff,0x00,0x61,0xd7,0x0b,0x18,0x01,0x00,0x04,0x15,0x88,0xbe,0x80,0x00,0x22,0xca,
0x83,0x02,0x32,0x30,0xb0,0x20,0x18,0x16,0xff,0x06,0x12,0x16,0x10,0x0c,0x00,0x00,
0x44,0x00,0x56,0xd6,0x01,0x05,0x09,0x05,0x05,0x00,0x87,0xbf,0x0e,0x05,0x0c,0x7e,
0x55,0x00,0x4a,0xd4,0x80,0x02,0x02,0x00,0x56,0x00,0x47,0xd6,0x05,0x01,0x04,0x02,
0xff,0x66,0xf2,0x39,0x61,0x00,0x00,0x00,0xff,0x66,0xf4,0x39,0x62,0x00,0x00,0x00,
0x06,0xff,0x06,0xa2,0xfe,0xff,0x7f,0x4f,0xff,0x66,0xf6,0x39,0x63,0x00,0x00,0x00,
0xff,0x66,0xf8,0x39,0x64,0x00,0x00,0x00,0xff,0x66,0xfa,0x39,0x65,0x00,0x00,0x00,
0xfe,0xff,0x88,0xbf,0x06,0x67,0x86,0xbe,0xff,0x66,0xfc,0x39,0x66,0x00,0x00,0x00,
0xff,0x66,0x62,0x38,0x67,0x00,0x00,0x00,0xff,0x66,0x64,0x38,0x70,0x00,0x00,0x00,
0xfe,0xff,0x88,0xbf,0x07,0x06,0x07,0x96,0xff,0x66,0x7c,0x38,0x71,0x00,0x00,0x00,
0xfe,0xff,0x88,0xbf,0x06,0x07,0x87,0x96,0xff,0x66,0x7e,0x38,0x72,0x00,0x00,0x00,
0xfe,0xff,0x88,0xbf,0x06,0x07,0x06,0x81,0x04,0x11,0x07,0x8d,0xfe,0xff,0x88,0xbf,
0x08,0x06,0x86,0x96,0x07,0x9f,0x07,0x86,0xfe,0xff,0x88,0xbf,0x06,0x05,0x09,0x96,
0xff,0x66,0x80,0x38,0x73,0x00,0x00,0x00,0xfe,0xff,0x88,0xbf,0x08,0x09,0x88,0x81,
0x06,0x81,0x09,0x81,0xfe,0xff,0x88,0xbf,0x08,0x05,0x8a,0x81,0x08,0x05,0x09,0xbf,
0xff,0x66,0x82,0x38,0x74,0x00,0x00,0x00,0x09,0x06,0x06,0x98,0xfe,0xff,0x88,0xbf,
0x0a,0x08,0x08,0x98,0x06,0x81,0x09,0x81,0xfe,0xff,0x88,0xbf,0x08,0x05,0x09,0xbf,
0xff,0x66,0x86,0x38,0x75,0x00,0x00,0x00,0x09,0x06,0x05,0x98,0x19,0x9d,0x06,0x85,
0x05,0x07,0x05,0x8d,0xfe,0xff,0x88,0xbf,0x19,0x06,0x06,0x81,0x05,0x07,0x85,0x81,
0xfe,0xff,0x88,0xbf,0x06,0xc8,0x06,0x8b,0x05,0x11,0x0a,0x96,0xfe,0xff,0x88,0xbf,
0x19,0x06,0x87,0x81,0x05,0x06,0x03,0xbf,0x84,0x06,0xaa,0x30,0xfe,0xff,0x88,0xbf,
0x07,0x88,0x06,0x98,0x05,0x9f,0x09,0x86,0xfe,0xff,0x88,0xbf,0x06,0x15,0x87,0xbe,
0x09,0x9d,0x09,0x85,0xfe,0xff,0x88,0xbf,0x07,0x65,0x88,0xbe,0x05,0x09,0x09,0x81,
0x04,0x0a,0x84,0x81,0xfe,0xff,0x88,0xbf,0x09,0xc8,0x09,0x8b,0x08,0x56,0x1c,0x7e,
0xfe,0xff,0x88,0xbf,0x05,0x09,0x85,0x81,0x80,0x07,0x8a,0x81,0x05,0x11,0x05,0x96,
0x81,0x04,0xb0,0x30,0x05,0x04,0x05,0x81,0x59,0x00,0x46,0xd6,0x03,0x07,0x41,0x02,
0x09,0x19,0xb6,0x4a,0xff,0x66,0xb8,0x38,0x76,0x00,0x00,0x00,0xff,0x66,0xba,0x38,
0x77,0x00,0x00,0x00,0x0e,0x05,0x10,0x7e,0xff,0x66,0xbc,0x38,0x80,0x00,0x00,0x00,
0xff,0x66,0xbe,0x38,0x81,0x00,0x00,0x00,0xff,0x66,0xc0,0x38,0x82,0x00,0x00,0x00,
0xff,0x66,0xc2,0x38,0x83,0x00,0x00,0x00,0x08,0xff,0x08,0xa2,0xfe,0xff,0x7f,0x4f,
0xff,0x66,0xc4,0x38,0x84,0x00,0x00,0x00,0xff,0x66,0xc6,0x38,0x85,0x00,0x00,0x00,
0xff,0x66,0xc8,0x38,0x86,0x00,0x00,0x00,0xfe,0xff,0x88,0xbf,0x08,0x67,0x88,0xbe,
0xff,0x66,0xca,0x38,0x87,0x00,0x00,0x00,0xff,0x66,0xcc,0x38,0x90,0x00,0x00,0x00,
0xff,0x66,0xce,0x38,0x91,0x00,0x00,0x00,0xfe,0xff,0x88,0xbf,0x0a,0x08,0x0a,0x96,
0xff,0x66,0xd0,0x38,0x92,0x00,0x00,0x00,0xfe,0xff,0x88,0xbf,0x08,0x0a,0x84,0x96,
0x05,0x15,0x8a,0xbe,0x08,0x04,0x08,0x81,0xff,0x66,0xd2,0x38,0x93,0x00,0x00,0x00,
0xfe,0xff,0x88,0xbf,0x0a,0x08,0x84,0x96,0x05,0x06,0x08,0x8d,0x04,0x07,0x0b,0x96,
0xfe,0xff,0x88,0xbf,0x08,0x9f,0x08,0x86,0x0a,0x0b,0x8a,0x81,0x04,0x81,0x0b,0x81,
0xfe,0xff,0x88,0xbf,0x0a,0x07,0x8c,0x81,0x0a,0x07,0x09,0xbf,0x80,0x02,0x48,0x7e,
0x0b,0x04,0x04,0x98,0xfe,0xff,0x88,0xbf,0x0c,0x0a,0x0a,0x98,0x04,0x81,0x0b,0x81,
0xfe,0xff,0x88,0xbf,0x0a,0x07,0x09,0xbf,0x28,0xff,0x07,0x97,0xab,0xaa,0xaa,0x2a,
0x0b,0x04,0x04,0x98,0x16,0x81,0x32,0x84,0x04,0x08,0x04,0x8d,0x1a,0x81,0x2e,0x84,
0x04,0x08,0x84,0x81,0xfe,0xff,0x88,0xbf,0x07,0x9f,0x08,0x85,0x04,0x06,0x06,0x96,
0x80,0x02,0x4c,0x7e,0xfe,0xff,0x88,0xbf,0x05,0x06,0x85,0x81,0x10,0x8f,0x10,0x81,
0x09,0x05,0x05,0x81,0x80,0x02,0x3a,0x7e,0xff,0x00,0x61,0xd7,0x05,0x1a,0x01,0x00,
0x05,0x86,0x05,0x84,0x80,0x02,0x3e,0x7e,0xfe,0xff,0x88,0xbf,0x05,0x9f,0x06,0x86,
0x80,0x02,0x46,0x7e,0xff,0x00,0x61,0xd7,0x30,0x1c,0x01,0x00,0xfe,0xff,0x88,0xbf,
0x06,0x9a,0x06,0x85,0x80,0x02,0x32,0x7e,0xfe,0xff,0x88,0xbf,0x05,0x06,0x05,0x81,
0x07,0x85,0x06,0x86,0xff,0x00,0x61,0xd7,0x31,0x1e,0x01,0x00,0xfe,0xff,0x88,0xbf,
0x05,0xbf,0x05,0x91,0x04,0xb0,0x07,0x96,0xfe,0xff,0x88,0xbf,0x05,0x10,0x0e,0x4a,
0x04,0x00,0x0b,0xd6,0x04,0x0d,0x1d,0x00,0xff,0x00,0x61,0xd7,0x32,0x20,0x01,0x00,
0x12,0xd0,0x04,0x8b,0x0e,0xc8,0x05,0x8b,0x07,0x1f,0x0e,0x38,0x06,0x08,0x06,0x81,
0xff,0x00,0x61,0xd7,0x33,0x22,0x01,0x00,0xfe,0xff,0x88,0xbf,0xb0,0x04,0x88,0x81,
0xb0,0x05,0x84,0x81,0x82,0x08,0x16,0x4a,0x84,0x08,0x1c,0x4a,0xff,0x00,0x61,0xd7,
0x2c,0x24,0x01,0x00,0x6b,0x00,0x44,0xd4,0x02,0x08,0x02,0x00,0x98,0x8e,0x08,0x38,
0xff,0x02,0x10,0x16,0x00,0x03,0x00,0x00,0x06,0x81,0x67,0x8a,0xff,0x00,0x61,0xd7,
0x2d,0x26,0x01,0x00,0x10,0x9e,0x08,0xbf,0x04,0x00,0x2c,0xd7,0x00,0x08,0x02,0x00,
0x08,0x1b,0x8c,0x38,0xff,0x8e,0x10,0x38,0x98,0x00,0x00,0x00,0xff,0x00,0x61,0xd7,
0x2e,0x28,0x01,0x00,0xfe,0xff,0x88,0xbf,0x08,0xb0,0x05,0x98,0x07,0x81,0x06,0x84,
0x06,0x00,0x2c,0xd7,0x00,0x0e,0x02,0x00,0xfe,0xff,0x88,0xbf,0x49,0x00,0x46,0xd6,
0x0a,0x03,0x19,0x00,0xff,0x00,0x61,0xd7,0x2f,0x2a,0x01,0x00,0x81,0x08,0x94,0x30,
0x04,0x00,0x2c,0xd7,0x00,0x10,0x02,0x00,0x00,0xff,0x06,0x96,0xc0,0x00,0x00,0x00,
0xff,0x8e,0x10,0x4a,0x50,0x00,0x00,0x00,0xff,0x00,0x61,0xd7,0x04,0x2c,0x01,0x00,
0x04,0x00,0x44,0xd4,0x65,0x0e,0x02,0x00,0xc0,0x8e,0x14,0x4a,0x0d,0x00,0x2c,0xd7,
0x00,0x8e,0x02,0x00,0x08,0x00,0x2c,0xd7,0x00,0x10,0x02,0x00,0x80,0x00,0x22,0xca,
0x81,0x08,0x4e,0x7f,0xff,0xf1,0x88,0xbf,0xff,0x00,0x61,0xd7,0x04,0x2e,0x01,0x00,
0x04,0x00,0x44,0xd4,0x02,0x16,0x02,0x00,0x90,0x8e,0x16,0x38,0x04,0x00,0x0b,0xd6,
0x10,0x07,0x09,0x02,0x0a,0x00,0x2c,0xd7,0x00,0x14,0x02,0x00,0x05,0x81,0x05,0x84,
0xff,0x00,0x61,0xd7,0x04,0x30,0x01,0x00,0x0b,0x00,0x2c,0xd7,0x00,0x16,0x02,0x00,
0x04,0x00,0x2c,0xd7,0x00,0x08,0x02,0x00,0x81,0x0c,0x0a,0x30,0x84,0x02,0x02,0x30,
0xff,0x00,0x61,0xd7,0x08,0x32,0x01,0x00,0x04,0x00,0x44,0xd4,0x02,0x1c,0x02,0x00,
0xff,0x00,0x22,0xca,0x81,0x10,0x50,0x80,0xff,0xff,0x7f,0xff,0x81,0x14,0xa4,0x30,
0xff,0x00,0x61,0xd7,0x07,0x34,0x01,0x00,0x0e,0xff,0x07,0x8b,0xf8,0xff,0xff,0x7f,
0x33,0x01,0x22,0xca,0x81,0x16,0x52,0x7e,0xfe,0xff,0x88,0xbf,0x06,0x07,0x86,0x81,
0x00,0xff,0x07,0x96,0x80,0x01,0x00,0x00,0xfe,0xff,0x88,0xbf,0x06,0x81,0x06,0x84,
0xff,0x00,0x61,0xd7,0x07,0x36,0x01,0x00,0xfe,0xff,0x88,0xbf,0x60,0x00,0x86,0xb7,
0x81,0x1a,0xa8,0x30,0x81,0x08,0xae,0x30,0x5a,0x00,0x55,0xd6,0x05,0x03,0x02,0x03,
0xfe,0xff,0x88,0xbf,0xff,0x00,0x61,0xd7,0x06,0x38,0x01,0x00,0xff,0x66,0xd4,0x38,
0x94,0x00,0x00,0x00,0xff,0x66,0xd6,0x38,0x95,0x00,0x00,0x00,0xff,0x66,0xd8,0x38,
0x96,0x00,0x00,0x00,0xff,0x66,0xda,0x38,0x97,0x00,0x00,0x00,0xff,0x00,0x61,0xd7,
0x05,0x3a,0x01,0x00,0xff,0x66,0xdc,0x38,0xa0,0x00,0x00,0x00,0xff,0x66,0xde,0x38,
0xa1,0x00,0x00,0x00,0xff,0x66,0xe0,0x38,0xa2,0x00,0x00,0x00,0xff,0x66,0xe2,0x38,
0xa3,0x00,0x00,0x00,0xff,0x66,0xe4,0x38,0xa4,0x00,0x00,0x00,0xff,0x66,0xe6,0x38,
0xa5,0x00,0x00,0x00,0xff,0x66,0xe8,0x38,0xa6,0x00,0x00,0x00,0xff,0x66,0xea,0x38,
0xa7,0x00,0x00,0x00,0xff,0x66,0xec,0x38,0xb0,0x00,0x00,0x00,0xff,0x66,0xee,0x38,
0xb1,0x00,0x00,0x00,0xff,0x66,0xf0,0x38,0xb2,0x00,0x00,0x00,0xff,0x66,0xf2,0x38,
0xb3,0x00,0x00,0x00,0xff,0x66,0xf4,0x38,0xb4,0x00,0x00,0x00,0xff,0x66,0xf6,0x38,
0xb5,0x00,0x00,0x00,0xff,0x66,0xf8,0x38,0xb6,0x00,0x00,0x00,0xff,0x66,0xfa,0x38,
0xb7,0x00,0x00,0x00,0xff,0x00,0x61,0xd7,0x55,0x3c,0x01,0x00,0x01,0x00,0x87,0xbf,
0x0c,0x00,0x60,0xd7,0xff,0x1d,0x01,0x00,0xd0,0xb2,0x02,0x4a,0x55,0xb1,0x74,0x4a,
0x0d,0x00,0x60,0xd7,0xff,0x1f,0x01,0x00,0x0e,0x00,0x60,0xd7,0xff,0x21,0x01,0x00,
0x0f,0x00,0x60,0xd7,0xff,0x23,0x01,0x00,0x02,0x02,0x88,0x7c,0x01,0x00,0x85,0xbf,
0x7c,0xc0,0x05,0xc4,0x01,0x18,0x80,0x40,0x3a,0x00,0x00,0x00,0x7c,0xc0,0x05,0xc4,
0x05,0x18,0x80,0x40,0x3a,0x10,0x00,0x00,0x01,0x68,0x1a,0x4a,0x55,0xad,0x6c,0x4a,
0x55,0xaf,0x02,0x4b,0xc8,0xb2,0x2a,0x4a,0xc0,0xb4,0x0a,0x4f,0x05,0x00,0x44,0xd4,
0x66,0x1a,0x02,0x00,0x81,0x1a,0x12,0x4a,0x82,0x1a,0x1a,0x4a,0xa0,0xb4,0x12,0x4f,
0x05,0x6a,0x06,0x8b,0x01,0x00,0xc0,0xbf,0xfe,0xff,0x88,0xbf,0x04,0x00,0x01,0xd5,
0x80,0x08,0x1a,0x00,0x03,0x00,0x01,0xd5,0x80,0x06,0x1a,0x00,0x02,0x00,0x01,0xd5,
0x80,0x04,0x1a,0x00,0x01,0x00,0x01,0xd5,0x80,0x02,0x1a,0x00,0x06,0x00,0x44,0xd4,
0x66,0x12,0x02,0x00,0x7c,0xc0,0x05,0xc4,0x09,0x18,0x80,0x40,0x36,0x00,0x00,0x00,
0x06,0x6a,0x07,0x8b,0x00,0x00,0xc0,0xbf,0xfe,0xff,0x88,0xbf,0x0c,0x00,0x01,0xd5,
0x80,0x18,0x1e,0x00,0x0b,0x00,0x01,0xd5,0x80,0x16,0x1e,0x00,0x0a,0x00,0x01,0xd5,
0x80,0x14,0x1e,0x00,0x09,0x00,0x01,0xd5,0x80,0x12,0x1e,0x00,0x07,0x00,0x44,0xd4,
0x66,0x1a,0x02,0x00,0x01,0x00,0x85,0xbf,0x7c,0xc0,0x05,0xc4,0x0d,0x18,0x80,0x40,
0x81,0x00,0x00,0x00,0x7c,0xc0,0x05,0xc4,0x11,0x18,0x80,0x40,0x81,0x10,0x00,0x00,
0x07,0x6a,0x6a,0x8b,0x01,0x00,0xc0,0xbf,0xfe,0xff,0x88,0xbf,0x80,0x20,0x52,0xca,
0x80,0x1e,0x0e,0x10,0x80,0x1c,0x52,0xca,0x80,0x1a,0x0c,0x0e,0x02,0x2a,0x88,0x7c,
0x03,0x00,0x85,0xbf,0x7c,0xc0,0x05,0xc4,0x15,0x18,0x80,0x40,0x36,0x10,0x00,0x00,
0x7c,0xc0,0x05,0xc4,0x36,0x18,0x80,0x40,0x36,0x20,0x00,0x00,0x7c,0xc0,0x05,0xc4,
0x3a,0x18,0x80,0x40,0x3a,0x20,0x00,0x00,0x7c,0xc0,0x05,0xc4,0x81,0x18,0x80,0x40,
0x81,0x20,0x00,0x00,0x05,0x6a,0x08,0x8b,0xfe,0xff,0x88,0xbf,0x08,0x00,0x01,0xd5,
0x80,0x10,0x22,0x00,0x07,0x00,0x01,0xd5,0x80,0x0e,0x22,0x00,0x06,0x00,0x01,0xd5,
0x80,0x0c,0x22,0x00,0x05,0x00,0x01,0xd5,0x80,0x0a,0x22,0x00,0x06,0x6a,0x08,0x8b,
0x07,0x6a,0x6a,0x8b,0x04,0x00,0xc0,0xbf,0xfe,0xff,0x88,0xbf,0x80,0x28,0x28,0x02,
0x80,0x24,0x24,0x02,0x03,0x00,0xc0,0xbf,0x18,0x00,0x01,0xd5,0x80,0x30,0x22,0x00,
0x17,0x00,0x01,0xd5,0x80,0x2e,0x22,0x00,0x16,0x00,0x01,0xd5,0x80,0x2c,0x22,0x00,
0x15,0x00,0x01,0xd5,0x80,0x2a,0x22,0x00,0x08,0x00,0x60,0xd7,0xff,0x25,0x01,0x00,
0x09,0x00,0x60,0xd7,0xff,0x27,0x01,0x00,0x0a,0x00,0x60,0xd7,0xff,0x29,0x01,0x00,
0x0b,0x00,0x60,0xd7,0xff,0x2b,0x01,0x00,0x01,0x00,0x85,0xbf,0x7c,0xc0,0x05,0xc4,
0x85,0x10,0x80,0x40,0x85,0x00,0x00,0x00,0x7c,0xc0,0x05,0xc4,0x89,0x10,0x80,0x40,
0x89,0x00,0x00,0x00,0x80,0x26,0x26,0x02,0x80,0x22,0x22,0x02,0x02,0xb2,0x88,0x7c,
0x05,0x6a,0x05,0x8b,0x03,0x00,0xc0,0xbf,0xfe,0xff,0x88,0xbf,0x3d,0x00,0x01,0xd5,
0x80,0x7a,0x16,0x00,0x3c,0x00,0x01,0xd5,0x80,0x78,0x16,0x00,0x3b,0x00,0x01,0xd5,
0x80,0x76,0x16,0x00,0x3a,0x00,0x01,0xd5,0x80,0x74,0x16,0x00,0x06,0x6a,0x05,0x8b,
0x07,0x6a,0x6a,0x8b,0xfe,0xff,0x88,0xbf,0x39,0x00,0x01,0xd5,0x80,0x72,0x16,0x00,
0x38,0x00,0x01,0xd5,0x80,0x70,0x16,0x00,0x37,0x00,0x01,0xd5,0x80,0x6e,0x16,0x00,
0x36,0x00,0x01,0xd5,0x80,0x6c,0x16,0x00,0x02,0x00,0xc0,0xbf,0x80,0x08,0x53,0xca,
0x80,0x06,0x83,0x84,0x80,0x04,0x53,0xca,0x80,0x02,0x81,0x82,0x02,0xfc,0x88,0x7c,
0x05,0x00,0x60,0xd7,0xff,0x2f,0x01,0x00,0x05,0x6a,0x6a,0x8b,0x01,0x00,0xc0,0xbf,
0xfe,0xff,0x88,0xbf,0x80,0x0a,0x1b,0x03,0x80,0x10,0x61,0xca,0x90,0xfc,0x84,0x90,
0x80,0x0e,0x53,0xca,0x80,0x0c,0x8f,0x8f,0x02,0x00,0x87,0xbf,0x02,0x0a,0x89,0x7c,
0x05,0x6a,0x6a,0x8b,0x00,0x00,0xc0,0xbf,0xfe,0xff,0x88,0xbf,0x80,0x18,0x19,0x03,
0x80,0x14,0x15,0x03,0x00,0x00,0x7c,0xdb,0x5b,0x01,0x00,0x00,0x10,0x00,0x7c,0xdb,
0x5b,0x09,0x00,0x00,0x30,0x0c,0x7c,0xdb,0x5b,0x11,0x00,0x00,0x20,0x0c,0x7c,0xdb,
0x5b,0x15,0x00,0x00,0x20,0x00,0x7c,0xdb,0x5b,0x0d,0x00,0x00,0x10,0x0c,0x7c,0xdb,
0x5b,0x05,0x00,0x00,0x20,0x18,0x7c,0xdb,0x5b,0x3a,0x00,0x00,0x30,0x18,0x7c,0xdb,
0x5b,0x36,0x00,0x00,0x40,0x18,0x7c,0xdb,0x5b,0x81,0x00,0x00,0x7c,0xc0,0x05,0xc4,
0x09,0x10,0x80,0x40,0x5a,0x00,0x00,0x00,0x00,0x00,0xc6,0xbf,0xc1,0x4e,0x80,0xbe,
0xff,0xff,0x94,0xbf,0x00,0x00,0xfc,0xdb,0x35,0x00,0x00,0x0d,0x20,0x18,0xfc,0xdb,
0x35,0x00,0x00,0x11,0x00,0x01,0xfc,0xdb,0x35,0x00,0x00,0x15,0x20,0x19,0xfc,0xdb,
0x35,0x00,0x00,0x36,0x80,0x16,0x17,0x03,0x80,0x12,0x13,0x03,0x03,0x00,0xc6,0xbf,
0x01,0x40,0x40,0xcc,0x0d,0x1b,0x03,0x1a,0x01,0x00,0xc6,0xbf,0x81,0x40,0x40,0xcc,
0x15,0x1b,0x03,0x1a,0x22,0x01,0x87,0xbf,0x01,0x40,0x40,0xcc,0x11,0x13,0x07,0x1c,
0x00,0x00,0xc6,0xbf,0x81,0x40,0x40,0xcc,0x36,0x13,0x07,0x1e,0x00,0x02,0xfc,0xdb,
0x35,0x00,0x00,0x0d,0x20,0x1a,0xfc,0xdb,0x35,0x00,0x00,0x11,0x00,0x03,0xfc,0xdb,
0x35,0x00,0x00,0x15,0x20,0x1b,0xfc,0xdb,0x35,0x00,0x00,0x36,0x03,0x00,0xc6,0xbf,
0x9d,0x40,0x40,0xcc,0x0d,0x1b,0x03,0x1a,0x01,0x00,0xc6,0xbf,0xa5,0x40,0x40,0xcc,
0x15,0x1b,0x03,0x1a,0x22,0x01,0x87,0xbf,0x9d,0x40,0x40,0xcc,0x11,0x13,0x77,0x1e,
0x00,0x00,0xc6,0xbf,0xa5,0x40,0x40,0xcc,0x36,0x13,0x97,0x1e,0x00,0x04,0xfc,0xdb,
0x35,0x00,0x00,0x0d,0x20,0x1c,0xfc,0xdb,0x35,0x00,0x00,0x11,0x00,0x05,0xfc,0xdb,
0x35,0x00,0x00,0x15,0x20,0x1d,0xfc,0xdb,0x35,0x00,0x00,0x36,0x03,0x00,0xc6,0xbf,
0xad,0x40,0x40,0xcc,0x0d,0x1b,0x03,0x1a,0x01,0x00,0xc6,0xbf,0xc9,0x40,0x40,0xcc,
0x15,0x1b,0x03,0x1a,0x22,0x01,0x87,0xbf,0xad,0x40,0x40,0xcc,0x11,0x13,0xb7,0x1e,
0x00,0x00,0xc6,0xbf,0xc9,0x40,0x40,0xcc,0x36,0x13,0x27,0x1f,0x00,0x06,0xfc,0xdb,
0x35,0x00,0x00,0x0d,0x20,0x1e,0xfc,0xdb,0x35,0x00,0x00,0x11,0x00,0x07,0xfc,0xdb,
0x35,0x00,0x00,0x15,0x20,0x1f,0xfc,0xdb,0x35,0x00,0x00,0x36,0x03,0x00,0xc6,0xbf,
0xd1,0x40,0x40,0xcc,0x0d,0x1b,0x03,0x1a,0x01,0x00,0xc6,0xbf,0xd9,0x40,0x40,0xcc,
0x15,0x1b,0x03,0x1a,0x22,0x01,0x87,0xbf,0xd1,0x40,0x40,0xcc,0x11,0x13,0x47,0x1f,
0x00,0x00,0xc6,0xbf,0xd9,0x40,0x40,0xcc,0x36,0x13,0x67,0x1f,0x00,0x08,0xfc,0xdb,
0x35,0x00,0x00,0x0d,0x20,0x20,0xfc,0xdb,0x35,0x00,0x00,0x11,0x00,0x09,0xfc,0xdb,
0x35,0x00,0x00,0x15,0x20,0x21,0xfc,0xdb,0x35,0x00,0x00,0x36,0x03,0x00,0xc6,0xbf,
0xe1,0x40,0x40,0xcc,0x0d,0x1b,0x03,0x1a,0x01,0x00,0xc6,0xbf,0xe9,0x40,0x40,0xcc,
0x15,0x1b,0x03,0x1a,0x02,0x00,0x87,0xbf,0xe1,0x40,0x40,0xcc,0x11,0x13,0x87,0x1f,
0x00,0x0a,0xfc,0xdb,0x35,0x00,0x00,0x0d,0x20,0x22,0xfc,0xdb,0x35,0x00,0x00,0x11,
0x00,0x0b,0xfc,0xdb,0x35,0x00,0x00,0x15,0x20,0x23,0xfc,0xdb,0x35,0x00,0x00,0x91,
0x03,0x00,0xc6,0xbf,0xf1,0x40,0x40,0xcc,0x0d,0x1b,0x03,0x1a,0xa0,0xfc,0x1a,0x4a,
0x02,0x00,0xc6,0xbf,0x12,0x01,0x87,0xbf,0xf1,0x40,0x40,0xcc,0x11,0x13,0xc7,0x1f,
0x02,0x1a,0x88,0x7c,0x40,0x30,0xfc,0xdb,0x35,0x00,0x00,0x0d,0x40,0x31,0xfc,0xdb,
0x35,0x00,0x00,0x11,0x05,0x6a,0x6a,0x8b,0x00,0x00,0xc0,0xbf,0xfe,0xff,0x88,0xbf,
0x80,0x18,0x52,0xca,0x80,0x16,0x0a,0x0c,0x80,0x14,0x52,0xca,0x80,0x12,0x08,0x0a,
0x01,0x00,0xc6,0xbf,0x91,0x00,0x87,0xbf,0x01,0x40,0x40,0xcc,0x0d,0x13,0x06,0x1c,
0x03,0x06,0x90,0x11,0xd2,0x01,0x87,0xbf,0x03,0x0a,0x88,0x11,0xe9,0x40,0x40,0xcc,
0x36,0x13,0xa7,0x1f,0x36,0x40,0x40,0xcc,0x15,0x1b,0x03,0x1a,0x03,0x0e,0x38,0x11,
0x03,0x02,0x8c,0x11,0x36,0x40,0x40,0xcc,0x91,0x13,0xdb,0x1c,0x03,0x0c,0x14,0x11,
0x00,0x00,0xc6,0xbf,0x81,0x40,0x40,0xcc,0x11,0x13,0x06,0x1e,0x40,0x32,0xfc,0xdb,
0x35,0x00,0x00,0x0d,0x40,0x33,0xfc,0xdb,0x35,0x00,0x00,0x11,0x03,0x04,0x8e,0x11,
0x03,0x08,0xc6,0xc8,0x03,0x06,0x19,0xc5,0x03,0x10,0x29,0x11,0x01,0x00,0xc6,0xbf,
0x9d,0x40,0x40,0xcc,0x0d,0x13,0x76,0x1e,0x00,0x00,0xc6,0xbf,0xa5,0x40,0x40,0xcc,
0x11,0x13,0x96,0x1e,0x40,0x34,0xfc,0xdb,0x35,0x00,0x00,0x0d,0x40,0x35,0xfc,0xdb,
0x35,0x00,0x00,0x11,0x03,0x0a,0x2f,0x10,0x03,0x08,0xc7,0xc8,0x03,0x42,0x97,0x15,
0x03,0x0c,0xc7,0xc8,0x03,0x3e,0x8f,0x84,0x03,0x3a,0x11,0x11,0x03,0x40,0xc7,0xc8,
0x03,0x0e,0x87,0x92,0x03,0x44,0x31,0x11,0x03,0x3c,0xc7,0xc8,0x03,0x4a,0xc3,0x8d,
0x03,0x50,0xc7,0xc8,0x03,0x46,0x9b,0x9e,0x03,0x58,0x45,0x11,0x03,0x48,0xc7,0xc8,
0x03,0x4e,0xa1,0xc3,0x03,0x4c,0xc7,0xc8,0x03,0x56,0xa5,0x9d,0x01,0x00,0xc6,0xbf,
0xad,0x40,0x40,0xcc,0x0d,0x13,0xb6,0x1e,0x00,0x00,0xc6,0xbf,0xc9,0x40,0x40,0xcc,
0x11,0x13,0x26,0x1f,0x40,0x36,0xfc,0xdb,0x35,0x00,0x00,0x0d,0x40,0x37,0xfc,0xdb,
0x35,0x00,0x00,0x11,0x03,0x52,0x3f,0x11,0x03,0x54,0xc7,0xc8,0x03,0x62,0xad,0xa1,
0x03,0x94,0xc7,0xc8,0x03,0xa0,0xc1,0xb7,0x03,0x66,0xc7,0xc8,0x03,0x98,0xbb,0xb5,
0x03,0x60,0xc7,0xc8,0x03,0x9a,0xbd,0xa9,0x03,0x5c,0xc7,0xc8,0x03,0x5a,0xa3,0xa6,
0x03,0x64,0xc7,0xc8,0x03,0x5e,0xad,0xae,0x01,0x00,0xc6,0xbf,0xd1,0x40,0x40,0xcc,
0x0d,0x13,0x46,0x1f,0x00,0x00,0xc6,0xbf,0xd9,0x40,0x40,0xcc,0x11,0x13,0x66,0x1f,
0x40,0x38,0xfc,0xdb,0x35,0x00,0x00,0x0d,0x40,0x39,0xfc,0xdb,0x35,0x00,0x00,0x11,
0x03,0x9e,0x83,0x11,0x03,0x9c,0xc7,0xc8,0x03,0xaa,0xb7,0xbf,0x03,0x96,0xc7,0xc8,
0x03,0xa8,0xb9,0xbd,0x03,0x68,0xc7,0xc8,0x03,0xa2,0xbf,0xb1,0x03,0x92,0x69,0x11,
0x03,0xb0,0xc7,0xc8,0x03,0xa4,0xbb,0xb0,0x03,0xae,0x65,0x11,0x03,0xa6,0xc7,0xc8,
0x03,0xb8,0xa9,0xb9,0x03,0xac,0xc7,0xc8,0x03,0xb6,0xab,0xb3,0x03,0xb2,0xc7,0xc8,
0x03,0xbe,0x9b,0xaf,0x01,0x00,0xc6,0xbf,0xe1,0x40,0x40,0xcc,0x0d,0x13,0x86,0x1f,
0x00,0x00,0xc6,0xbf,0xe9,0x40,0x40,0xcc,0x11,0x13,0xa6,0x1f,0x40,0x3a,0xfc,0xdb,
0x35,0x00,0x00,0x0d,0x40,0x3b,0xfc,0xdb,0x35,0x00,0x00,0x11,0x03,0xb4,0x57,0x11,
0x03,0xba,0xc7,0xc8,0x03,0xcc,0x8f,0xa7,0x03,0xca,0xc7,0xc8,0x03,0xbc,0xa5,0x90,
0x03,0xce,0xc7,0xc8,0x03,0xc0,0x99,0x8c,0x03,0xd4,0xc7,0xc8,0x03,0xc2,0x97,0x86,
0x03,0xde,0xc7,0xc8,0x03,0xc4,0x95,0x16,0x03,0xc6,0x27,0x11,0x00,0x00,0xc6,0xbf,
0xc1,0x4e,0x80,0xbe,0xff,0xff,0x94,0xbf,0x00,0x00,0xc6,0xbf,0xc1,0x4e,0x80,0xbe,
0xff,0xff,0x94,0xbf,0xf1,0x40,0x40,0xcc,0x0d,0x13,0xc6,0x1f,0x36,0x40,0x40,0xcc,
0x11,0x13,0xda,0x1c,0x03,0xe0,0x29,0x10,0x03,0x10,0x16,0x10,0x03,0xd6,0xc7,0xc8,
0x03,0x02,0x0f,0x85,0x54,0x02,0x87,0xbf,0x03,0x6c,0x10,0x10,0xa1,0x66,0x6c,0x38,
0x03,0xe8,0x1f,0x10,0x03,0xdc,0xc7,0xc8,0x03,0x70,0x06,0x81,0x01,0x66,0x70,0x4a,
0x01,0x6c,0x6c,0x4a,0x03,0x04,0xc7,0xc8,0x03,0xda,0x83,0x11,0x03,0xc8,0xc7,0xc8,
0x03,0xe4,0x13,0x91,0x03,0x00,0x87,0xbf,0x4d,0x00,0x44,0xd4,0x66,0x6c,0x02,0x00,
0xa2,0x66,0x6c,0x38,0x03,0xf0,0x13,0x10,0x54,0x00,0x44,0xd4,0x66,0x70,0x02,0x00,
0x86,0x66,0x70,0x38,0xff,0xf1,0x88,0xbf,0x8d,0x00,0x01,0xd5,0xff,0x1a,0x37,0x01,
0x00,0x00,0x80,0xff,0x03,0xd0,0xe1,0xc8,0x01,0x6c,0x36,0x8b,0x03,0xe6,0x21,0x10,
0xd0,0x00,0x01,0xd5,0xff,0x8c,0x53,0x01,0x00,0x00,0x80,0xff,0x01,0x70,0x70,0x4a,
0x54,0x02,0x87,0xbf,0x4e,0x00,0x44,0xd4,0x66,0x6c,0x02,0x00,0xa3,0x66,0x6c,0x38,
0x03,0x6e,0x0e,0x10,0x82,0x66,0x6e,0x38,0x03,0xd2,0xc7,0xc8,0x03,0xec,0x0d,0x89,
0x03,0xd8,0xe1,0xc8,0x01,0x6c,0x36,0x83,0x03,0xee,0x15,0x10,0x24,0x02,0x87,0xbf,
0x01,0x6e,0x6e,0x4a,0x03,0xe2,0xc7,0xc8,0x03,0x74,0x04,0x13,0x4f,0x00,0x44,0xd4,
0x66,0x6c,0x02,0x00,0xa4,0x66,0x6c,0x38,0x03,0x72,0x0a,0x10,0x03,0xea,0xc7,0xc8,
0x03,0x78,0x02,0x0d,0x93,0x00,0x87,0xbf,0x01,0x6c,0x6c,0x4a,0x50,0x00,0x44,0xd4,
0x66,0x6c,0x02,0x00,0xa5,0x66,0x6c,0x38,0x91,0x00,0x87,0xbf,0x03,0x76,0xe0,0xc8,
0x01,0x6c,0x36,0x03,0x51,0x00,0x44,0xd4,0x66,0x6c,0x02,0x00,0xa6,0x66,0x6c,0x38,
0x91,0x00,0x87,0xbf,0x03,0x7a,0xe0,0xc8,0x01,0x6c,0x36,0x01,0x52,0x00,0x44,0xd4,
0x66,0x6c,0x02,0x00,0xa7,0x66,0x6c,0x38,0x91,0x00,0x87,0xbf,0x01,0x6c,0x6c,0x4a,
0x53,0x00,0x44,0xd4,0x66,0x6c,0x02,0x00,0xb0,0x66,0x6c,0x38,0x91,0x00,0x87,0xbf,
0x01,0x6c,0x6c,0x4a,0x4c,0x00,0x44,0xd4,0x66,0x6c,0x02,0x00,0xb1,0x66,0x6c,0x38,
0x91,0x00,0x87,0xbf,0x01,0x6c,0x6c,0x4a,0x4b,0x00,0x44,0xd4,0x66,0x6c,0x02,0x00,
0xb2,0x66,0x6c,0x38,0xff,0xf1,0x88,0xbf,0x9d,0x00,0x01,0xd5,0xff,0x3a,0x2f,0x01,
0x00,0x00,0x80,0xff,0x92,0x00,0x87,0xbf,0x01,0x6c,0x6c,0x4a,0x4a,0x00,0x44,0xd4,
0x66,0x6c,0x02,0x00,0xb3,0x66,0x6c,0x38,0xff,0xf1,0x88,0xbf,0xa0,0x00,0x01,0xd5,
0xff,0x40,0x2b,0x01,0x00,0x00,0x80,0xff,0x92,0x00,0x87,0xbf,0x01,0x6c,0x6c,0x4a,
0x49,0x00,0x44,0xd4,0x66,0x6c,0x02,0x00,0xb4,0x66,0x6c,0x38,0xff,0xf1,0x88,0xbf,
0x9e,0x00,0x01,0xd5,0xff,0x3c,0x27,0x01,0x00,0x00,0x80,0xff,0x92,0x00,0x87,0xbf,
0x01,0x6c,0x6c,0x4a,0x48,0x00,0x44,0xd4,0x66,0x6c,0x02,0x00,0xb5,0x66,0x6c,0x38,
0xff,0xf1,0x88,0xbf,0x9f,0x00,0x01,0xd5,0xff,0x3e,0x23,0x01,0x00,0x00,0x80,0xff,
0x92,0x00,0x87,0xbf,0x01,0x6c,0x6c,0x4a,0x47,0x00,0x44,0xd4,0x66,0x6c,0x02,0x00,
0xb6,0x66,0x6c,0x38,0xff,0xf1,0x88,0xbf,0xa1,0x00,0x01,0xd5,0xff,0x42,0x1f,0x01,
0x00,0x00,0x80,0xff,0x92,0x00,0x87,0xbf,0x01,0x6c,0x6c,0x4a,0x46,0x00,0x44,0xd4,
0x66,0x6c,0x02,0x00,0xb7,0x66,0x6c,0x38,0xff,0xf1,0x88,0xbf,0xa4,0x00,0x01,0xd5,
0xff,0x48,0x1b,0x01,0x00,0x00,0x80,0xff,0x92,0x00,0x87,0xbf,0x01,0x6c,0x6c,0x4a,
0x45,0x00,0x44,0xd4,0x66,0x6c,0x02,0x00,0xc0,0x66,0x6c,0x38,0xff,0xf1,0x88,0xbf,
0xa2,0x00,0x01,0xd5,0xff,0x44,0x17,0x01,0x00,0x00,0x80,0xff,0x92,0x00,0x87,0xbf,
0x01,0x6c,0x6c,0x4a,0x44,0x00,0x44,0xd4,0x66,0x6c,0x02,0x00,0xff,0x66,0x6c,0x38,
0x41,0x00,0x00,0x00,0xff,0xf1,0x88,0xbf,0xa3,0x00,0x01,0xd5,0xff,0x46,0x13,0x01,
0x00,0x00,0x80,0xff,0x92,0x00,0x87,0xbf,0x01,0x6c,0x6c,0x4a,0x43,0x00,0x44,0xd4,
0x66,0x6c,0x02,0x00,0xff,0x66,0x6c,0x38,0x42,0x00,0x00,0x00,0xff,0xf1,0x88,0xbf,
0xa6,0x00,0x01,0xd5,0xff,0x4c,0x0f,0x01,0x00,0x00,0x80,0xff,0x92,0x00,0x87,0xbf,
0x01,0x6c,0x6c,0x4a,0x42,0x00,0x44,0xd4,0x66,0x6c,0x02,0x00,0xff,0x66,0x6c,0x38,
0x43,0x00,0x00,0x00,0xff,0xf1,0x88,0xbf,0xad,0x00,0x01,0xd5,0xff,0x5a,0x0b,0x01,
0x00,0x00,0x80,0xff,0x92,0x00,0x87,0xbf,0x01,0x6c,0x6c,0x4a,0x41,0x00,0x44,0xd4,
0x66,0x6c,0x02,0x00,0xff,0x66,0x6c,0x38,0x44,0x00,0x00,0x00,0xff,0xf1,0x88,0xbf,
0xa9,0x00,0x01,0xd5,0xff,0x52,0x07,0x01,0x00,0x00,0x80,0xff,0x92,0x00,0x87,0xbf,
0x01,0x6c,0x6c,0x4a,0x40,0x00,0x44,0xd4,0x66,0x6c,0x02,0x00,0xff,0x66,0x6c,0x38,
0x45,0x00,0x00,0x00,0xff,0xf1,0x88,0xbf,0xac,0x00,0x01,0xd5,0xff,0x58,0x03,0x01,
0x00,0x00,0x80,0xff,0x92,0x00,0x87,0xbf,0x01,0x6c,0x6c,0x4a,0x37,0x00,0x44,0xd4,
0x66,0x6c,0x02,0x00,0xff,0x66,0x6c,0x38,0x46,0x00,0x00,0x00,0xff,0xf1,0x88,0xbf,
0xae,0x00,0x01,0xd5,0xff,0x5c,0xdf,0x00,0x00,0x00,0x80,0xff,0x92,0x00,0x87,0xbf,
0x01,0x6c,0x6c,0x4a,0x36,0x00,0x44,0xd4,0x66,0x6c,0x02,0x00,0xff,0x66,0x6c,0x38,
0x47,0x00,0x00,0x00,0xff,0xf1,0x88,0xbf,0xb5,0x00,0x01,0xd5,0xff,0x6a,0xdb,0x00,
0x00,0x00,0x80,0xff,0x92,0x00,0x87,0xbf,0x01,0x6c,0x6c,0x4a,0x35,0x00,0x44,0xd4,
0x66,0x6c,0x02,0x00,0xff,0x66,0x6c,0x38,0x50,0x00,0x00,0x00,0xff,0xf1,0x88,0xbf,
0xb1,0x00,0x01,0xd5,0xff,0x62,0xd7,0x00,0x00,0x00,0x80,0xff,0x92,0x00,0x87,0xbf,
0x01,0x6c,0x6c,0x4a,0x34,0x00,0x44,0xd4,0x66,0x6c,0x02,0x00,0xff,0x66,0x6c,0x38,
0x51,0x00,0x00,0x00,0xff,0xf1,0x88,0xbf,0xb4,0x00,0x01,0xd5,0xff,0x68,0xd3,0x00,
0x00,0x00,0x80,0xff,0x92,0x00,0x87,0xbf,0x01,0x6c,0x6c,0x4a,0x33,0x00,0x44,0xd4,
0x66,0x6c,0x02,0x00,0xff,0x66,0x6c,0x38,0x52,0x00,0x00,0x00,0xff,0xf1,0x88,0xbf,
0xb7,0x00,0x01,0xd5,0xff,0x6e,0xcf,0x00,0x00,0x00,0x80,0xff,0x92,0x00,0x87,0xbf,
0x01,0x6c,0x6c,0x4a,0x32,0x00,0x44,0xd4,0x66,0x6c,0x02,0x00,0xff,0x66,0x6c,0x38,
0x53,0x00,0x00,0x00,0xff,0xf1,0x88,0xbf,0xbd,0x00,0x01,0xd5,0xff,0x7a,0xcb,0x00,
0x00,0x00,0x80,0xff,0x92,0x00,0x87,0xbf,0x01,0x6c,0x6c,0x4a,0x31,0x00,0x44,0xd4,
0x66,0x6c,0x02,0x00,0xff,0x66,0x6c,0x38,0x54,0x00,0x00,0x00,0xff,0xf1,0x88,0xbf,
0xba,0x00,0x01,0xd5,0xff,0x74,0xc7,0x00,0x00,0x00,0x80,0xff,0x92,0x00,0x87,0xbf,
0x01,0x6c,0x6c,0x4a,0x30,0x00,0x44,0xd4,0x66,0x6c,0x02,0x00,0xff,0x66,0x6c,0x38,
0x55,0x00,0x00,0x00,0xff,0xf1,0x88,0xbf,0xbc,0x00,0x01,0xd5,0xff,0x78,0xc3,0x00,
0x00,0x00,0x80,0xff,0x92,0x00,0x87,0xbf,0x01,0x6c,0x6c,0x4a,0x2f,0x00,0x44,0xd4,
0x66,0x6c,0x02,0x00,0xff,0x66,0x6c,0x38,0x56,0x00,0x00,0x00,0xff,0xf1,0x88,0xbf,
0xbf,0x00,0x01,0xd5,0xff,0x7e,0xbf,0x00,0x00,0x00,0x80,0xff,0x92,0x00,0x87,0xbf,
0x01,0x6c,0x6c,0x4a,0x2e,0x00,0x44,0xd4,0x66,0x6c,0x02,0x00,0xff,0x66,0x6c,0x38,
0x57,0x00,0x00,0x00,0x91,0x00,0x87,0xbf,0x01,0x6c,0x6c,0x4a,0x2d,0x00,0x44,0xd4,
0x66,0x6c,0x02,0x00,0xff,0x66,0x6c,0x38,0x60,0x00,0x00,0x00,0x91,0x00,0x87,0xbf,
0x01,0x6c,0x6c,0x4a,0x2c,0x00,0x44,0xd4,0x66,0x6c,0x02,0x00,0x01,0xf2,0x6d,0x4a,
0xa1,0x00,0x87,0xbf,0x2b,0x00,0x44,0xd4,0x66,0x6c,0x02,0x00,0x01,0xf4,0x6d,0x4a,
0x2a,0x00,0x44,0xd4,0x66,0x6c,0x02,0x00,0x01,0xf6,0x6d,0x4a,0xff,0xf1,0x88,0xbf,
0xc9,0x00,0x01,0xd5,0xff,0x72,0xab,0x00,0x00,0x00,0x80,0xff,0xa2,0x00,0x87,0xbf,
0x29,0x00,0x44,0xd4,0x66,0x6c,0x02,0x00,0x01,0xf8,0x6d,0x4a,0x28,0x00,0x44,0xd4,
0x66,0x6c,0x02,0x00,0x01,0xfa,0x6d,0x4a,0xff,0xf1,0x88,0xbf,0xc6,0x00,0x01,0xd5,
0xff,0x6c,0xa3,0x00,0x00,0x00,0x80,0xff,0xa2,0x00,0x87,0xbf,0x27,0x00,0x44,0xd4,
0x66,0x6c,0x02,0x00,0x01,0xfc,0x6d,0x4a,0x26,0x00,0x44,0xd4,0x66,0x6c,0x02,0x00,
0x01,0x62,0x6c,0x4a,0xa1,0x00,0x87,0xbf,0x25,0x00,0x44,0xd4,0x66,0x6c,0x02,0x00,
0x01,0x64,0x6c,0x4a,0x24,0x00,0x44,0xd4,0x66,0x6c,0x02,0x00,0x01,0x7c,0x6c,0x4a,
0xa1,0x00,0x87,0xbf,0x23,0x00,0x44,0xd4,0x66,0x6c,0x02,0x00,0x01,0x7e,0x6c,0x4a,
0x22,0x00,0x44,0xd4,0x66,0x6c,0x02,0x00,0x01,0x80,0x6c,0x4a,0xff,0xf1,0x88,0xbf,
0xb9,0x00,0x01,0xd5,0xff,0x54,0x8b,0x00,0x00,0x00,0x80,0xff,0xa2,0x00,0x87,0xbf,
0x21,0x00,0x44,0xd4,0x66,0x6c,0x02,0x00,0x01,0x82,0x6c,0x4a,0x1f,0x00,0x44,0xd4,
0x66,0x6c,0x02,0x00,0x01,0x86,0x6c,0x4a,0xff,0xf1,0x88,0xbf,0xb6,0x00,0x01,0xd5,
0xff,0x4e,0x7f,0x00,0x00,0x00,0x80,0xff,0xa2,0x00,0x87,0xbf,0x1e,0x00,0x44,0xd4,
0x66,0x6c,0x02,0x00,0x01,0xb8,0x6c,0x4a,0x1d,0x00,0x44,0xd4,0x66,0x6c,0x02,0x00,
0x01,0xba,0x6c,0x4a,0xa1,0x00,0x87,0xbf,0x1c,0x00,0x44,0xd4,0x66,0x6c,0x02,0x00,
0x01,0xbc,0x6c,0x4a,0x1b,0x00,0x44,0xd4,0x66,0x6c,0x02,0x00,0x01,0xbe,0x6c,0x4a,
0xa1,0x00,0x87,0xbf,0x1a,0x00,0x44,0xd4,0x66,0x6c,0x02,0x00,0x01,0xc0,0x6c,0x4a,
0x19,0x00,0x44,0xd4,0x66,0x6c,0x02,0x00,0x01,0xc2,0x6c,0x4a,0xff,0xf1,0x88,0xbf,
0xaa,0x00,0x01,0xd5,0xff,0x26,0x67,0x00,0x00,0x00,0x80,0xff,0xa2,0x00,0x87,0xbf,
0x18,0x00,0x44,0xd4,0x66,0x6c,0x02,0x00,0x01,0xc4,0x6c,0x4a,0x17,0x00,0x44,0xd4,
0x66,0x6c,0x02,0x00,0x01,0xc6,0x6c,0x4a,0xff,0xf1,0x88,0xbf,0xa7,0x00,0x01,0xd5,
0xff,0x20,0x5f,0x00,0x00,0x00,0x80,0xff,0xa2,0x00,0x87,0xbf,0x16,0x00,0x44,0xd4,
0x66,0x6c,0x02,0x00,0x01,0xc8,0x6c,0x4a,0x15,0x00,0x44,0xd4,0x66,0x6c,0x02,0x00,
0x01,0xca,0x6c,0x4a,0xa1,0x00,0x87,0xbf,0x14,0x00,0x44,0xd4,0x66,0x6c,0x02,0x00,
0x01,0xcc,0x6c,0x4a,0x13,0x00,0x44,0xd4,0x66,0x6c,0x02,0x00,0x01,0xce,0x6c,0x4a,
0xa1,0x00,0x87,0xbf,0x12,0x00,0x44,0xd4,0x66,0x6c,0x02,0x00,0x01,0xd0,0x6c,0x4a,
0x11,0x00,0x44,0xd4,0x66,0x6c,0x02,0x00,0x01,0xd2,0x6c,0x4a,0xff,0xf1,0x88,0xbf,
0x93,0x00,0x01,0xd5,0xff,0x0a,0x47,0x00,0x00,0x00,0x80,0xff,0xa2,0x00,0x87,0xbf,
0x10,0x00,0x44,0xd4,0x66,0x6c,0x02,0x00,0x01,0xd4,0x6c,0x4a,0x0f,0x00,0x44,0xd4,
0x66,0x6c,0x02,0x00,0x01,0xd6,0x6c,0x4a,0xff,0xf1,0x88,0xbf,0x90,0x00,0x01,0xd5,
0xff,0x04,0x3f,0x00,0x00,0x00,0x80,0xff,0xa2,0x00,0x87,0xbf,0x0e,0x00,0x44,0xd4,
0x66,0x6c,0x02,0x00,0x01,0xd8,0x6c,0x4a,0x0d,0x00,0x44,0xd4,0x66,0x6c,0x02,0x00,
0x01,0xda,0x6c,0x4a,0xa1,0x00,0x87,0xbf,0x0c,0x00,0x44,0xd4,0x66,0x6c,0x02,0x00,
0x01,0xdc,0x6c,0x4a,0x0b,0x00,0x44,0xd4,0x66,0x6c,0x02,0x00,0x01,0xde,0x6c,0x4a,
0xa1,0x00,0x87,0xbf,0x0a,0x00,0x44,0xd4,0x66,0x6c,0x02,0x00,0x01,0xe0,0x6c,0x4a,
0x09,0x00,0x44,0xd4,0x66,0x6c,0x02,0x00,0x01,0xe2,0x6c,0x4a,0xff,0xf1,0x88,0xbf,
0x85,0x00,0x01,0xd5,0xff,0x20,0x26,0x00,0x00,0x00,0x80,0xff,0xa2,0x00,0x87,0xbf,
0x08,0x00,0x44,0xd4,0x66,0x6c,0x02,0x00,0x01,0xe4,0x6c,0x4a,0x07,0x00,0x44,0xd4,
0x66,0x6c,0x02,0x00,0x01,0xe6,0x6c,0x4a,0xff,0xf1,0x88,0xbf,0x82,0x00,0x01,0xd5,
0xff,0x1a,0x1e,0x00,0x00,0x00,0x80,0xff,0xa2,0x00,0x87,0xbf,0x06,0x00,0x44,0xd4,
0x66,0x6c,0x02,0x00,0x01,0xe8,0x6c,0x4a,0x05,0x00,0x44,0xd4,0x66,0x6c,0x02,0x00,
0x01,0xea,0x6c,0x4a,0xa1,0x00,0x87,0xbf,0x66,0x6c,0x88,0x7c,0x01,0xec,0x6c,0x4a,
0x38,0x00,0x44,0xd4,0x66,0x6c,0x02,0x00,0x01,0xee,0x6c,0x4a,0xa1,0x00,0x87,0xbf,
0x39,0x00,0x44,0xd4,0x66,0x6c,0x02,0x00,0x01,0xf0,0x6c,0x4a,0x3a,0x00,0x44,0xd4,
0x66,0x6c,0x02,0x00,0x01,0xf2,0x6c,0x4a,0xa1,0x00,0x87,0xbf,0x3b,0x00,0x44,0xd4,
0x66,0x6c,0x02,0x00,0x01,0xf4,0x6c,0x4a,0x3c,0x00,0x44,0xd4,0x66,0x6c,0x02,0x00,
0x01,0xf6,0x6c,0x4a,0xa1,0x00,0x87,0xbf,0x3d,0x00,0x44,0xd4,0x66,0x6c,0x02,0x00,
0x01,0xf8,0x6c,0x4a,0x3e,0x00,0x44,0xd4,0x66,0x6c,0x02,0x00,0x01,0xfa,0x6c,0x4a,
0xa1,0x00,0x87,0xbf,0x3f,0x00,0x44,0xd4,0x66,0x6c,0x02,0x00,0x81,0x66,0x6c,0x38,
0x01,0x6c,0x6c,0x4a,0xd1,0x01,0x87,0xbf,0x54,0x00,0x44,0xd4,0x66,0x6c,0x02,0x00,
0x83,0x66,0x6c,0x38,0xff,0xf1,0x88,0xbf,0xcf,0x00,0x01,0xd5,0xff,0x8e,0x53,0x01,
0x00,0x00,0x80,0xff,0x54,0x00,0x44,0xd4,0x66,0x6e,0x02,0x00,0xff,0xa0,0xa1,0xca,
0x01,0x6c,0x36,0x37,0xff,0xff,0x7f,0xff,0xc7,0x00,0x01,0xd5,0xff,0x76,0xaf,0x00,
0x00,0x00,0x80,0xff,0xbb,0x00,0x01,0xd5,0xff,0x56,0x8f,0x00,0x00,0x00,0x80,0xff,
0xff,0xf1,0x88,0xbf,0xcc,0x00,0x01,0xd5,0xff,0x90,0x53,0x01,0x00,0x00,0x80,0xff,
0x54,0x00,0x11,0xd4,0x37,0x9f,0x03,0x00,0xc8,0x00,0x01,0xd5,0xff,0x70,0xa7,0x00,
0x00,0x00,0x80,0xff,0xb8,0x00,0x01,0xd5,0xff,0x50,0x87,0x00,0x00,0x00,0x80,0xff,
0xab,0x00,0x01,0xd5,0xff,0x2a,0x6b,0x00,0x00,0x00,0x80,0xff,0xa8,0x00,0x01,0xd5,
0xff,0x22,0x63,0x00,0x00,0x00,0x80,0xff,0xff,0xf1,0x88,0xbf,0x37,0x00,0x01,0xd5,
0x37,0x9f,0x53,0x01,0x54,0x00,0x44,0xd4,0x66,0x6c,0x02,0x00,0x84,0x66,0x6c,0x38,
0x95,0x00,0x01,0xd5,0xff,0x0c,0x4b,0x00,0x00,0x00,0x80,0xff,0x91,0x00,0x01,0xd5,
0xff,0x06,0x43,0x00,0x00,0x00,0x80,0xff,0x86,0x00,0x01,0xd5,0xff,0x24,0x2a,0x00,
0x00,0x00,0x80,0xff,0xff,0xf1,0x88,0xbf,0xcd,0x00,0x01,0xd5,0xff,0x8a,0x53,0x01,
0x00,0x00,0x80,0xff,0x01,0x6c,0x6c,0x4a,0x54,0x00,0x11,0xd4,0x37,0x99,0x03,0x00,
0xc5,0x00,0x01,0xd5,0xff,0x82,0xbb,0x00,0x00,0x00,0x80,0xff,0xc1,0x00,0x01,0xd5,
0xff,0x64,0x9b,0x00,0x00,0x00,0x80,0xff,0xb2,0x00,0x01,0xd5,0xff,0x34,0x77,0x00,
0x00,0x00,0x80,0xff,0x9a,0x00,0x01,0xd5,0xff,0x18,0x57,0x00,0x00,0x00,0x80,0xff,
0xff,0xf1,0x88,0xbf,0x37,0x00,0x01,0xd5,0x37,0x99,0x53,0x01,0x54,0x00,0x44,0xd4,
0x66,0x6c,0x02,0x00,0x8c,0x00,0x01,0xd5,0xff,0x2c,0x36,0x00,0x00,0x00,0x80,0xff,
0x83,0x00,0x01,0xd5,0xff,0x1e,0x22,0x00,0x00,0x00,0x80,0xff,0xff,0xf1,0x88,0xbf,
0xce,0x00,0x01,0xd5,0xff,0x88,0x53,0x01,0x00,0x00,0x80,0xff,0x54,0x00,0x11,0xd4,
0x37,0x9b,0x03,0x00,0xc4,0x00,0x01,0xd5,0xff,0x7c,0xb3,0x00,0x00,0x00,0x80,0xff,
0xbe,0x00,0x01,0xd5,0xff,0x5e,0x93,0x00,0x00,0x00,0x80,0xff,0xaf,0x00,0x01,0xd5,
0xff,0x2e,0x6f,0x00,0x00,0x00,0x80,0xff,0x97,0x00,0x01,0xd5,0xff,0x12,0x4f,0x00,
0x00,0x00,0x80,0xff,0xff,0xf1,0x88,0xbf,0x36,0x00,0x01,0xd5,0x37,0x9b,0x53,0x01,
0x85,0x66,0x6e,0x38,0x89,0x00,0x01,0xd5,0xff,0x26,0x2e,0x00,0x00,0x00,0x80,0xff,
0x92,0x00,0x87,0xbf,0x01,0x6e,0x6e,0x4a,0x54,0x00,0x44,0xd4,0x66,0x6e,0x02,0x00,
0x87,0x66,0x6e,0x38,0xff,0xf1,0x88,0xbf,0xcb,0x00,0x01,0xd5,0xff,0x14,0x53,0x01,
0x00,0x00,0x80,0xff,0x54,0x00,0x11,0xd4,0x36,0x9d,0x03,0x00,0x03,0x00,0x87,0xbf,
0x01,0x6e,0x6e,0x4a,0xff,0xf1,0x88,0xbf,0x36,0x00,0x01,0xd5,0x36,0x9d,0x53,0x01,
0x54,0x00,0x44,0xd4,0x66,0x70,0x02,0x00,0x91,0x66,0x70,0x38,0xff,0xf1,0x88,0xbf,
0xca,0x00,0x01,0xd5,0xff,0x38,0x53,0x01,0x00,0x00,0x80,0xff,0x54,0x00,0x11,0xd4,
0x36,0x97,0x03,0x00,0x03,0x00,0x87,0xbf,0x01,0x70,0x70,0x4a,0x9c,0x00,0x01,0xd5,
0xff,0x36,0x4b,0x01,0x00,0x00,0x80,0xff,0x9b,0x00,0x01,0xd5,0xff,0x84,0x33,0x01,
0x00,0x00,0x80,0xff,0xc2,0x00,0x01,0xd5,0xff,0x80,0xb7,0x00,0x00,0x00,0x80,0xff,
0xff,0xf1,0x88,0xbf,0x36,0x00,0x01,0xd5,0x36,0x97,0x53,0x01,0x54,0x00,0x44,0xd4,
0x66,0x6e,0x02,0x00,0x90,0x66,0x6e,0x38,0xc0,0x00,0x01,0xd5,0xff,0x60,0x97,0x00,
0x00,0x00,0x80,0xff,0xb0,0x00,0x01,0xd5,0xff,0x32,0x73,0x00,0x00,0x00,0x80,0xff,
0x99,0x00,0x01,0xd5,0xff,0x16,0x53,0x00,0x00,0x00,0x80,0xff,0xff,0xf1,0x88,0xbf,
0x0b,0x00,0x01,0xd5,0xff,0x16,0x52,0x01,0x00,0x00,0x80,0xff,0x54,0x00,0x11,0xd4,
0x36,0x95,0x03,0x00,0x01,0x6e,0x6e,0x4a,0x8b,0x00,0x01,0xd5,0xff,0x28,0x32,0x00,
0x00,0x00,0x80,0xff,0xff,0xf1,0x88,0xbf,0x36,0x00,0x01,0xd5,0x36,0x95,0x53,0x01,
0xd3,0x01,0x87,0xbf,0x54,0x00,0x44,0xd4,0x66,0x6e,0x02,0x00,0x92,0x66,0x6e,0x38,
0xff,0xf1,0x88,0xbf,0x0e,0x00,0x01,0xd5,0xff,0x1c,0x52,0x01,0x00,0x00,0x80,0xff,
0x54,0x00,0x11,0xd4,0x36,0x17,0x02,0x00,0x01,0x6e,0x6e,0x4a,0xff,0xf1,0x88,0xbf,
0x36,0x00,0x01,0xd5,0x36,0x17,0x52,0x01,0x54,0x00,0x44,0xd4,0x66,0x70,0x02,0x00,
0x94,0x66,0x70,0x38,0xff,0xf1,0x88,0xbf,0x11,0x00,0x01,0xd5,0xff,0x22,0x52,0x01,
0x00,0x00,0x80,0xff,0x54,0x00,0x11,0xd4,0x36,0x1d,0x02,0x00,0x03,0x00,0x87,0xbf,
0x01,0x70,0x70,0x4a,0xff,0xf1,0x88,0xbf,0x36,0x00,0x01,0xd5,0x36,0x1d,0x52,0x01,
0x54,0x00,0x44,0xd4,0x66,0x6e,0x02,0x00,0x93,0x66,0x6e,0x38,0xff,0xf1,0x88,0xbf,
0x18,0x00,0x01,0xd5,0xff,0x30,0x52,0x01,0x00,0x00,0x80,0xff,0x54,0x00,0x11,0xd4,
0x36,0x23,0x02,0x00,0x33,0x01,0x87,0xbf,0x01,0x6e,0x6e,0x4a,0xff,0xf1,0x88,0xbf,
0x36,0x00,0x01,0xd5,0x36,0x23,0x52,0x01,0x54,0x00,0x44,0xd4,0x66,0x6e,0x02,0x00,
0x95,0x66,0x6e,0x38,0xff,0xf1,0x88,0xbf,0x15,0x00,0x01,0xd5,0xff,0x2a,0x52,0x01,
0x00,0x00,0x80,0xff,0x54,0x00,0x11,0xd4,0x36,0x31,0x02,0x00,0x03,0x00,0x87,0xbf,
0x01,0x6e,0x6e,0x4a,0xff,0xf1,0x88,0xbf,0x36,0x00,0x01,0xd5,0x36,0x31,0x52,0x01,
0x54,0x00,0x44,0xd4,0x66,0x70,0x02,0x00,0x97,0x66,0x70,0x38,0xff,0xf1,0x88,0xbf,
0x17,0x00,0x01,0xd5,0xff,0x2e,0x52,0x01,0x00,0x00,0x80,0xff,0x54,0x00,0x11,0xd4,
0x36,0x2b,0x02,0x00,0x03,0x00,0x87,0xbf,0x01,0x70,0x70,0x4a,0xff,0xf1,0x88,0xbf,
0x36,0x00,0x01,0xd5,0x36,0x2b,0x52,0x01,0x54,0x00,0x44,0xd4,0x66,0x6e,0x02,0x00,
0x96,0x66,0x6e,0x38,0xff,0xf1,0x88,0xbf,0x84,0x00,0x01,0xd5,0xff,0x08,0x53,0x01,
0x00,0x00,0x80,0xff,0x54,0x00,0x11,0xd4,0x36,0x2f,0x02,0x00,0x33,0x01,0x87,0xbf,
0x01,0x6e,0x6e,0x4a,0xff,0xf1,0x88,0xbf,0x36,0x00,0x01,0xd5,0x36,0x2f,0x52,0x01,
0x54,0x00,0x44,0xd4,0x66,0x6e,0x02,0x00,0xa0,0x66,0x6e,0x38,0xff,0xf1,0x88,0xbf,
0x8a,0x00,0x01,0xd5,0xff,0x0e,0x53,0x01,0x00,0x00,0x80,0xff,0x54,0x00,0x11,0xd4,
0x36,0x09,0x03,0x00,0x03,0x00,0x87,0xbf,0x01,0x6e,0x6e,0x4a,0xff,0xf1,0x88,0xbf,
0x36,0x00,0x01,0xd5,0x36,0x09,0x53,0x01,0x54,0x00,0x44,0xd4,0x66,0x70,0x02,0x00,
0xff,0xf1,0x88,0xbf,0x87,0x00,0x01,0xd5,0xff,0x28,0x53,0x01,0x00,0x00,0x80,0xff,
0x54,0x00,0x11,0xd4,0x36,0x15,0x03,0x00,0x94,0x00,0x01,0xd5,0xff,0x1e,0x3b,0x01,
0x00,0x00,0x80,0xff,0x8f,0x00,0x01,0xd5,0xff,0x24,0x3f,0x01,0x00,0x00,0x80,0xff,
0x92,0x00,0x01,0xd5,0xff,0x2c,0x43,0x01,0x00,0x00,0x80,0xff,0x96,0x00,0x01,0xd5,
0xff,0x30,0x47,0x01,0x00,0x00,0x80,0xff,0xff,0xf1,0x88,0xbf,0x36,0x00,0x01,0xd5,
0x36,0x15,0x53,0x01,0x54,0x00,0x44,0xd4,0x66,0x6e,0x02,0x00,0x98,0x00,0x01,0xd5,
0xff,0x86,0x4f,0x01,0x00,0x00,0x80,0xff,0xc3,0x00,0x01,0xd5,0xff,0x66,0x9f,0x00,
0x00,0x00,0x80,0xff,0xb3,0x00,0x01,0xd5,0xff,0x4a,0x7b,0x00,0x00,0x00,0x80,0xff,
0xa5,0x00,0x01,0xd5,0xff,0x1c,0x5b,0x00,0x00,0x00,0x80,0xff,0xff,0xf1,0x88,0xbf,
0x88,0x00,0x01,0xd5,0xff,0x10,0x53,0x01,0x00,0x00,0x80,0xff,0x54,0x00,0x11,0xd4,
0x36,0x0f,0x03,0x00,0x8e,0x00,0x01,0xd5,0xff,0x02,0x3b,0x00,0x00,0x00,0x80,0xff,
0xff,0xf1,0x88,0xbf,0x36,0x00,0x01,0xd5,0x36,0x0f,0x53,0x01,0xb1,0x00,0x87,0xbf,
0x4d,0x00,0x11,0xd4,0x36,0x11,0x03,0x00,0xff,0xf1,0x88,0xbf,0x36,0x00,0x01,0xd5,
0x36,0x11,0x37,0x01,0x4d,0x00,0x11,0xd4,0x36,0x1b,0x03,0x00,0xff,0xf1,0x88,0xbf,
0x36,0x00,0x01,0xd5,0x36,0x1b,0x37,0x01,0xb1,0x00,0x87,0xbf,0x4d,0x00,0x11,0xd4,
0x36,0x29,0x03,0x00,0xff,0xf1,0x88,0xbf,0x36,0x00,0x01,0xd5,0x36,0x29,0x37,0x01,
0x4d,0x00,0x11,0xd4,0x36,0x1f,0x03,0x00,0xff,0xf1,0x88,0xbf,0x36,0x00,0x01,0xd5,
0x36,0x1f,0x37,0x01,0xb1,0x00,0x87,0xbf,0x4d,0x00,0x11,0xd4,0x36,0x25,0x03,0x00,
0xff,0xf1,0x88,0xbf,0x36,0x00,0x01,0xd5,0x36,0x25,0x37,0x01,0x4d,0x00,0x11,0xd4,
0x36,0x2d,0x03,0x00,0xff,0xf1,0x88,0xbf,0x36,0x00,0x01,0xd5,0x36,0x2d,0x37,0x01,
0xb1,0x00,0x87,0xbf,0x4d,0x00,0x11,0xd4,0x36,0x39,0x03,0x00,0xff,0xf1,0x88,0xbf,
0x36,0x00,0x01,0xd5,0x36,0x39,0x37,0x01,0x4c,0x00,0x11,0xd4,0x36,0x31,0x03,0x00,
0xff,0xf1,0x88,0xbf,0x36,0x00,0x01,0xd5,0x36,0x31,0x33,0x01,0xb1,0x00,0x87,0xbf,
0x4b,0x00,0x11,0xd4,0x36,0x37,0x03,0x00,0xff,0xf1,0x88,0xbf,0x36,0x00,0x01,0xd5,
0x36,0x37,0x2f,0x01,0x4a,0x00,0x11,0xd4,0x36,0x3b,0x03,0x00,0xff,0xf1,0x88,0xbf,
0x36,0x00,0x01,0xd5,0x36,0x3b,0x2b,0x01,0xb1,0x00,0x87,0xbf,0x49,0x00,0x11,0xd4,
0x36,0x41,0x03,0x00,0xff,0xf1,0x88,0xbf,0x36,0x00,0x01,0xd5,0x36,0x41,0x27,0x01,
0x48,0x00,0x11,0xd4,0x36,0x3d,0x03,0x00,0xff,0xf1,0x88,0xbf,0x36,0x00,0x01,0xd5,
0x36,0x3d,0x23,0x01,0xb1,0x00,0x87,0xbf,0x47,0x00,0x11,0xd4,0x36,0x3f,0x03,0x00,
0xff,0xf1,0x88,0xbf,0x36,0x00,0x01,0xd5,0x36,0x3f,0x1f,0x01,0x46,0x00,0x11,0xd4,
0x36,0x43,0x03,0x00,0xff,0xf1,0x88,0xbf,0x36,0x00,0x01,0xd5,0x36,0x43,0x1b,0x01,
0xb1,0x00,0x87,0xbf,0x45,0x00,0x11,0xd4,0x36,0x49,0x03,0x00,0xff,0xf1,0x88,0xbf,
0x36,0x00,0x01,0xd5,0x36,0x49,0x17,0x01,0x44,0x00,0x11,0xd4,0x36,0x45,0x03,0x00,
0xff,0xf1,0x88,0xbf,0x36,0x00,0x01,0xd5,0x36,0x45,0x13,0x01,0xb1,0x00,0x87,0xbf,
0x43,0x00,0x11,0xd4,0x36,0x47,0x03,0x00,0xff,0xf1,0x88,0xbf,0x36,0x00,0x01,0xd5,
0x36,0x47,0x0f,0x01,0x42,0x00,0x11,0xd4,0x36,0x4d,0x03,0x00,0xff,0xf1,0x88,0xbf,
0x36,0x00,0x01,0xd5,0x36,0x4d,0x0b,0x01,0xb1,0x00,0x87,0xbf,0x41,0x00,0x11,0xd4,
0x36,0x5b,0x03,0x00,0xff,0xf1,0x88,0xbf,0x36,0x00,0x01,0xd5,0x36,0x5b,0x07,0x01,
0x40,0x00,0x11,0xd4,0x36,0x53,0x03,0x00,0xff,0xf1,0x88,0xbf,0x36,0x00,0x01,0xd5,
0x36,0x53,0x03,0x01,0xb1,0x00,0x87,0xbf,0x37,0x00,0x11,0xd4,0x36,0x59,0x03,0x00,
0xff,0xf1,0x88,0xbf,0x36,0x00,0x01,0xd5,0x36,0x59,0xdf,0x00,0x36,0x00,0x11,0xd4,
0x36,0x5d,0x03,0x00,0xff,0xf1,0x88,0xbf,0x36,0x00,0x01,0xd5,0x36,0x5d,0xdb,0x00,
0xb1,0x00,0x87,0xbf,0x35,0x00,0x11,0xd4,0x36,0x6b,0x03,0x00,0xff,0xf1,0x88,0xbf,
0x36,0x00,0x01,0xd5,0x36,0x6b,0xd7,0x00,0x34,0x00,0x11,0xd4,0x36,0x63,0x03,0x00,
0xff,0xf1,0x88,0xbf,0x36,0x00,0x01,0xd5,0x36,0x63,0xd3,0x00,0xb1,0x00,0x87,0xbf,
0x33,0x00,0x11,0xd4,0x36,0x69,0x03,0x00,0xff,0xf1,0x88,0xbf,0x36,0x00,0x01,0xd5,
0x36,0x69,0xcf,0x00,0x32,0x00,0x11,0xd4,0x36,0x6f,0x03,0x00,0xff,0xf1,0x88,0xbf,
0x36,0x00,0x01,0xd5,0x36,0x6f,0xcb,0x00,0xb1,0x00,0x87,0xbf,0x31,0x00,0x11,0xd4,
0x36,0x7b,0x03,0x00,0xff,0xf1,0x88,0xbf,0x36,0x00,0x01,0xd5,0x36,0x7b,0xc7,0x00,
0x30,0x00,0x11,0xd4,0x36,0x75,0x03,0x00,0xff,0xf1,0x88,0xbf,0x36,0x00,0x01,0xd5,
0x36,0x75,0xc3,0x00,0xb1,0x00,0x87,0xbf,0x2f,0x00,0x11,0xd4,0x36,0x79,0x03,0x00,
0xff,0xf1,0x88,0xbf,0x36,0x00,0x01,0xd5,0x36,0x79,0xbf,0x00,0x2e,0x00,0x11,0xd4,
0x36,0x7f,0x03,0x00,0xff,0xf1,0x88,0xbf,0x36,0x00,0x01,0xd5,0x36,0x7f,0xbb,0x00,
0xb1,0x00,0x87,0xbf,0x2d,0x00,0x11,0xd4,0x36,0x8b,0x03,0x00,0xff,0xf1,0x88,0xbf,
0x36,0x00,0x01,0xd5,0x36,0x8b,0xb7,0x00,0x2c,0x00,0x11,0xd4,0x36,0x85,0x03,0x00,
0xff,0xf1,0x88,0xbf,0x36,0x00,0x01,0xd5,0x36,0x85,0xb3,0x00,0xb1,0x00,0x87,0xbf,
0x2b,0x00,0x11,0xd4,0x36,0x89,0x03,0x00,0xff,0xf1,0x88,0xbf,0x36,0x00,0x01,0xd5,
0x36,0x89,0xaf,0x00,0x2a,0x00,0x11,0xd4,0x36,0x8f,0x03,0x00,0xff,0xf1,0x88,0xbf,
0x36,0x00,0x01,0xd5,0x36,0x8f,0xab,0x00,0xb1,0x00,0x87,0xbf,0x29,0x00,0x11,0xd4,
0x36,0x93,0x03,0x00,0xff,0xf1,0x88,0xbf,0x36,0x00,0x01,0xd5,0x36,0x93,0xa7,0x00,
0x28,0x00,0x11,0xd4,0x36,0x91,0x03,0x00,0xff,0xf1,0x88,0xbf,0x36,0x00,0x01,0xd5,
0x36,0x91,0xa3,0x00,0xb1,0x00,0x87,0xbf,0x27,0x00,0x11,0xd4,0x36,0x8d,0x03,0x00,
0xff,0xf1,0x88,0xbf,0x36,0x00,0x01,0xd5,0x36,0x8d,0x9f,0x00,0x26,0x00,0x11,0xd4,
0x36,0x87,0x03,0x00,0xff,0xf1,0x88,0xbf,0x36,0x00,0x01,0xd5,0x36,0x87,0x9b,0x00,
0xb1,0x00,0x87,0xbf,0x25,0x00,0x11,0xd4,0x36,0x83,0x03,0x00,0xff,0xf1,0x88,0xbf,
0x36,0x00,0x01,0xd5,0x36,0x83,0x97,0x00,0x24,0x00,0x11,0xd4,0x36,0x81,0x03,0x00,
0xff,0xf1,0x88,0xbf,0x36,0x00,0x01,0xd5,0x36,0x81,0x93,0x00,0xb1,0x00,0x87,0xbf,
0x23,0x00,0x11,0xd4,0x36,0x7d,0x03,0x00,0xff,0xf1,0x88,0xbf,0x36,0x00,0x01,0xd5,
0x36,0x7d,0x8f,0x00,0x22,0x00,0x11,0xd4,0x36,0x77,0x03,0x00,0xff,0xf1,0x88,0xbf,
0x36,0x00,0x01,0xd5,0x36,0x77,0x8b,0x00,0xb1,0x00,0x87,0xbf,0x21,0x00,0x11,0xd4,
0x36,0x73,0x03,0x00,0xff,0xf1,0x88,0xbf,0x36,0x00,0x01,0xd5,0x36,0x73,0x87,0x00,
0x1f,0x00,0x11,0xd4,0x36,0x71,0x03,0x00,0xff,0xf1,0x88,0xbf,0x36,0x00,0x01,0xd5,
0x36,0x71,0x7f,0x00,0xb1,0x00,0x87,0xbf,0x1e,0x00,0x11,0xd4,0x36,0x6d,0x03,0x00,
0xff,0xf1,0x88,0xbf,0x36,0x00,0x01,0xd5,0x36,0x6d,0x7b,0x00,0x1d,0x00,0x11,0xd4,
0x36,0x67,0x03,0x00,0xff,0xf1,0x88,0xbf,0x36,0x00,0x01,0xd5,0x36,0x67,0x77,0x00,
0xb1,0x00,0x87,0xbf,0x1c,0x00,0x11,0xd4,0x36,0x65,0x03,0x00,0xff,0xf1,0x88,0xbf,
0x36,0x00,0x01,0xd5,0x36,0x65,0x73,0x00,0x1b,0x00,0x11,0xd4,0x36,0x61,0x03,0x00,
0xff,0xf1,0x88,0xbf,0x36,0x00,0x01,0xd5,0x36,0x61,0x6f,0x00,0xb1,0x00,0x87,0xbf,
0x1a,0x00,0x11,0xd4,0x36,0x5f,0x03,0x00,0xff,0xf1,0x88,0xbf,0x36,0x00,0x01,0xd5,
0x36,0x5f,0x6b,0x00,0x19,0x00,0x11,0xd4,0x36,0x57,0x03,0x00,0xff,0xf1,0x88,0xbf,
0x36,0x00,0x01,0xd5,0x36,0x57,0x67,0x00,0xb1,0x00,0x87,0xbf,0x18,0x00,0x11,0xd4,
0x36,0x55,0x03,0x00,0xff,0xf1,0x88,0xbf,0x36,0x00,0x01,0xd5,0x36,0x55,0x63,0x00,
0x17,0x00,0x11,0xd4,0x36,0x51,0x03,0x00,0xff,0xf1,0x88,0xbf,0x36,0x00,0x01,0xd5,
0x36,0x51,0x5f,0x00,0xb1,0x00,0x87,0xbf,0x16,0x00,0x11,0xd4,0x36,0x4f,0x03,0x00,
0xff,0xf1,0x88,0xbf,0x36,0x00,0x01,0xd5,0x36,0x4f,0x5b,0x00,0x15,0x00,0x11,0xd4,
0x36,0x4b,0x03,0x00,0xff,0xf1,0x88,0xbf,0x36,0x00,0x01,0xd5,0x36,0x4b,0x57,0x00,
0xb1,0x00,0x87,0xbf,0x14,0x00,0x11,0xd4,0x36,0x35,0x03,0x00,0xff,0xf1,0x88,0xbf,
0x36,0x00,0x01,0xd5,0x36,0x35,0x53,0x00,0x13,0x00,0x11,0xd4,0x36,0x33,0x03,0x00,
0xff,0xf1,0x88,0xbf,0x36,0x00,0x01,0xd5,0x36,0x33,0x4f,0x00,0xb1,0x00,0x87,0xbf,
0x12,0x00,0x11,0xd4,0x36,0x2f,0x03,0x00,0xff,0xf1,0x88,0xbf,0x36,0x00,0x01,0xd5,
0x36,0x2f,0x4b,0x00,0x11,0x00,0x11,0xd4,0x36,0x2b,0x03,0x00,0xff,0xf1,0x88,0xbf,
0x36,0x00,0x01,0xd5,0x36,0x2b,0x47,0x00,0xb1,0x00,0x87,0xbf,0x10,0x00,0x11,0xd4,
0x36,0x27,0x03,0x00,0xff,0xf1,0x88,0xbf,0x36,0x00,0x01,0xd5,0x36,0x27,0x43,0x00,
0x0f,0x00,0x11,0xd4,0x36,0x23,0x03,0x00,0xff,0xf1,0x88,0xbf,0x36,0x00,0x01,0xd5,
0x36,0x23,0x3f,0x00,0xb1,0x00,0x87,0xbf,0x0e,0x00,0x11,0xd4,0x36,0x21,0x03,0x00,
0xff,0xf1,0x88,0xbf,0x36,0x00,0x01,0xd5,0x36,0x21,0x3b,0x00,0x0d,0x00,0x11,0xd4,
0x36,0x1d,0x03,0x00,0xff,0xf1,0x88,0xbf,0x16,0x00,0x01,0xd5,0x36,0x1d,0x37,0x00,
0x41,0x01,0x87,0xbf,0x0c,0x00,0x11,0xd4,0x16,0x19,0x03,0x00,0xff,0xf1,0x88,0xbf,
0x14,0x00,0x01,0xd5,0x16,0x19,0x33,0x00,0x16,0x00,0x01,0xd5,0xff,0x18,0x1a,0x00,
0x00,0x00,0x80,0xff,0x0b,0x00,0x11,0xd4,0x14,0x17,0x03,0x00,0xff,0xf1,0x88,0xbf,
0x13,0x00,0x01,0xd5,0x14,0x17,0x2f,0x00,0x14,0x00,0x01,0xd5,0xff,0x14,0x16,0x00,
0x00,0x00,0x80,0xff,0x52,0x01,0x87,0xbf,0x0a,0x00,0x11,0xd4,0x13,0x13,0x03,0x00,
0xff,0xf1,0x88,0xbf,0x12,0x00,0x01,0xd5,0x13,0x13,0x2b,0x00,0xfd,0xff,0x88,0xbf,
0xff,0x12,0x26,0x02,0x00,0x00,0x80,0xff,0x09,0x00,0x11,0xd4,0x12,0x0d,0x03,0x00,
0xff,0xf1,0x88,0xbf,0x10,0x00,0x01,0xd5,0x12,0x0d,0x27,0x00,0x12,0x00,0x01,0xd5,
0xff,0x10,0xe2,0x00,0x00,0x00,0x80,0xff,0x42,0x01,0x87,0xbf,0x08,0x00,0x11,0xd4,
0x10,0x0b,0x03,0x00,0xff,0xf1,0x88,0xbf,0x0f,0x00,0x01,0xd5,0x10,0x0b,0x23,0x00,
0x10,0x00,0x01,0xd5,0xff,0x0e,0xe6,0x00,0x00,0x00,0x80,0xff,0x07,0x00,0x11,0xd4,
0x0f,0x07,0x03,0x00,0xff,0xf1,0x88,0xbf,0x0d,0x00,0x01,0xd5,0x0f,0x07,0x1f,0x00,
0x41,0x01,0x87,0xbf,0x06,0x00,0x11,0xd4,0x0d,0x05,0x03,0x00,0xff,0xf1,0x88,0xbf,
0x0c,0x00,0x01,0xd5,0x0d,0x05,0x1b,0x00,0x0d,0x00,0x01,0xd5,0xff,0x0c,0xea,0x00,
0x00,0x00,0x80,0xff,0x05,0x00,0x11,0xd4,0x0c,0x2d,0x02,0x00,0xff,0xf1,0x88,0xbf,
0x0a,0x00,0x01,0xd5,0x0c,0x2d,0x16,0x00,0x0c,0x00,0x01,0xd5,0xff,0x0a,0xee,0x00,
0x00,0x00,0x80,0xff,0x42,0x01,0x87,0xbf,0x0a,0x29,0x22,0x7c,0xfd,0xff,0x88,0xbf,
0x0a,0x29,0x12,0x02,0x0a,0x00,0x01,0xd5,0xff,0x08,0xf2,0x00,0x00,0x00,0x80,0xff,
0x09,0x27,0x22,0x7c,0xfd,0xff,0x88,0xbf,0x09,0x27,0x10,0x02,0x41,0x01,0x87,0xbf,
0x08,0x25,0x22,0x7c,0xfd,0xff,0x88,0xbf,0x08,0x25,0x0e,0x02,0x08,0x00,0x01,0xd5,
0xff,0x06,0xf6,0x00,0x00,0x00,0x80,0xff,0x07,0x21,0x22,0x7c,0xfd,0xff,0x88,0xbf,
0x07,0x21,0x0c,0x02,0x07,0x00,0x01,0xd5,0xff,0x04,0xfa,0x00,0x00,0x00,0x80,0xff,
0xb2,0x00,0x87,0xbf,0x06,0x1b,0x22,0x7c,0xfd,0xff,0x88,0xbf,0x06,0x1b,0x0a,0x02,
0x05,0x19,0x22,0x7c,0xfd,0xff,0x88,0xbf,0x05,0x19,0x08,0x02,0x05,0x00,0x01,0xd5,
0xff,0x02,0xfe,0x00,0x00,0x00,0x80,0xff,0xb2,0x00,0x87,0xbf,0x04,0x15,0x22,0x7c,
0xfd,0xff,0x88,0xbf,0x04,0x15,0x06,0x02,0x03,0x11,0x22,0x7c,0xfd,0xff,0x88,0xbf,
0x03,0x11,0x04,0x02,0xb1,0x00,0x87,0xbf,0x02,0x0f,0x22,0x7c,0xfd,0xff,0x88,0xbf,
0x02,0x0f,0x02,0x02,0x01,0x0b,0x22,0x7c,0xfd,0xff,0x88,0xbf,0x01,0x0b,0x02,0x02,
0x00,0x00,0x34,0xd8,0x44,0x01,0x00,0x00,0x00,0x00,0xc6,0xbf,0xc1,0x4e,0x80,0xbe,
0xff,0xff,0x94,0xbf,0x55,0x20,0x85,0xbe,0x0a,0x00,0xa5,0xbf,0x00,0x00,0xd8,0xd8,
0x44,0x00,0x00,0x01,0x04,0x00,0xd8,0xd8,0x42,0x00,0x00,0x02,0x00,0x00,0xc6,0xbf,
0x01,0x05,0x22,0x7c,0xfd,0xff,0x88,0xbf,0x01,0x05,0x02,0x02,0x00,0x00,0x34,0xd8,
0x44,0x01,0x00,0x00,0xfe,0xff,0x88,0xbf,0x7e,0x05,0x7e,0x8c,0x00,0x00,0xc6,0xbf,
0xc1,0x4e,0x80,0xbe,0xff,0xff,0x94,0xbf,0x00,0x00,0xd8,0xd8,0x42,0x00,0x00,0x81,
0x00,0x00,0xc6,0xbf,0xc1,0x4e,0x80,0xbe,0xff,0xff,0x94,0xbf,0xd0,0x03,0x03,0x08,
0xcf,0x03,0x0d,0x08,0x18,0x03,0x31,0x08,0x13,0x03,0x27,0x08,0x07,0x03,0x0f,0x08,
0xff,0x02,0x04,0x10,0x3b,0xaa,0xb8,0x3f,0x05,0x03,0x0b,0x08,0x08,0x03,0x11,0x08,
0x5b,0x00,0x1b,0xd4,0xff,0x26,0x02,0x00,0xd0,0x8e,0xce,0xc2,0x62,0x00,0x1b,0xd4,
0xff,0x0e,0x02,0x00,0xd0,0x8e,0xce,0xc2,0x03,0x00,0x13,0xd6,0xff,0x02,0x0a,0x84,
0x3b,0xaa,0xb8,0x3f,0x02,0x47,0x08,0x7e,0x63,0x00,0x1e,0xd4,0xff,0x0e,0x02,0x00,
0x18,0x72,0xb1,0x42,0x61,0x00,0x1b,0xd4,0xff,0x10,0x02,0x00,0xd0,0x8e,0xce,0xc2,
0xb3,0x01,0x87,0xbf,0x02,0x09,0x40,0xc9,0xff,0x02,0x02,0x02,0x5f,0x70,0xa5,0x32,
0x04,0x11,0x08,0x7e,0x64,0x00,0x1b,0xd4,0xff,0x02,0x02,0x00,0xd0,0x8e,0xce,0xc2,
0x02,0x07,0x06,0xc9,0xff,0x0c,0x02,0x02,0x3b,0xaa,0xb8,0x3f,0x21,0x01,0x87,0xbf,
0x09,0x00,0x13,0xd6,0xff,0x0c,0x0e,0x84,0x3b,0xaa,0xb8,0x3f,0x03,0x47,0x1e,0x7e,
0xff,0x0c,0x12,0x56,0x5f,0x70,0xa5,0x32,0xa2,0x00,0x87,0xbf,0x03,0x1f,0x06,0x08,
0x02,0x4b,0x04,0x7e,0x03,0x13,0x06,0x06,0xcc,0x03,0x13,0x08,0x91,0x02,0x87,0xbf,
0xff,0x12,0x6c,0x10,0x3b,0xaa,0xb8,0x3f,0x02,0x00,0x1c,0xd7,0x02,0x09,0x02,0x00,
0x0f,0x11,0x08,0x7e,0xd3,0x01,0x87,0xbf,0x37,0x00,0x13,0xd6,0xff,0x12,0xda,0x84,
0x3b,0xaa,0xb8,0x3f,0x36,0x47,0x70,0x7e,0xff,0xf1,0x88,0xbf,0x02,0x00,0x01,0xd5,
0x80,0x04,0x92,0x01,0x64,0x00,0x1e,0xd4,0xff,0x02,0x02,0x00,0x18,0x72,0xb1,0x42,
0xff,0x12,0x0a,0xc8,0x36,0x71,0x36,0x37,0x5f,0x70,0xa5,0x32,0x38,0x11,0x1e,0x7e,
0xa2,0x00,0x87,0xbf,0x36,0x6f,0x0a,0xc9,0xcd,0x03,0x37,0x36,0x03,0x4b,0x06,0x7e,
0xff,0x6e,0x72,0x10,0x3b,0xaa,0xb8,0x3f,0xff,0x0c,0x36,0x7c,0xd0,0x8e,0xce,0xc2,
0xa2,0x02,0x87,0xbf,0x3a,0x00,0x13,0xd6,0xff,0x6e,0xe6,0x84,0x3b,0xaa,0xb8,0x3f,
0x39,0x47,0x76,0x7e,0x03,0x00,0x1c,0xd7,0x03,0x09,0x02,0x00,0x36,0x4b,0x08,0x7e,
0x93,0x01,0x87,0xbf,0xff,0x6e,0x74,0x56,0x5f,0x70,0xa5,0x32,0x39,0x77,0x72,0x08,
0x3b,0x11,0x6c,0x7e,0x05,0x00,0x1b,0xd4,0xff,0x12,0x02,0x00,0xd0,0x8e,0xce,0xc2,
0xfd,0xff,0x88,0xbf,0x80,0x06,0x06,0x02,0xff,0x0c,0x3c,0x7c,0x18,0x72,0xb1,0x42,
0x39,0x75,0x0a,0xc9,0xce,0x03,0x3b,0x39,0x15,0x01,0x87,0xbf,0x04,0x00,0x1c,0xd7,
0x04,0x1f,0x02,0x00,0xff,0x74,0x78,0x10,0x3b,0xaa,0xb8,0x3f,0xff,0xf1,0x88,0xbf,
0x02,0x00,0x87,0xbf,0x04,0x00,0x01,0xd5,0x80,0x08,0x16,0x00,0x05,0x00,0x1e,0xd4,
0xff,0x12,0x02,0x00,0x18,0x72,0xb1,0x42,0x06,0x00,0x1b,0xd4,0xff,0x6e,0x02,0x00,
0xd0,0x8e,0xce,0xc2,0x07,0x00,0x1b,0xd4,0xff,0x74,0x02,0x00,0xd0,0x8e,0xce,0xc2,
0x3d,0x00,0x13,0xd6,0xff,0x74,0xf2,0x84,0x3b,0xaa,0xb8,0x3f,0x3c,0x47,0x98,0x7f,
0x91,0x00,0x87,0xbf,0xff,0x74,0x0a,0xc8,0x3c,0x99,0x3d,0x3d,0x5f,0x70,0xa5,0x32,
0x3c,0x7b,0x78,0x06,0x39,0x4b,0x1e,0x7e,0x11,0x03,0x87,0xbf,0x3c,0x4b,0x12,0x7e,
0x0f,0x00,0x1c,0xd7,0x0f,0x6d,0x02,0x00,0xff,0xf1,0x88,0xbf,0x01,0x00,0x87,0xbf,
0x06,0x00,0x01,0xd5,0x80,0x1e,0x1a,0x00,0xcc,0x11,0x1e,0x7e,0x06,0x00,0x1e,0xd4,
0xff,0x6e,0x02,0x00,0x18,0x72,0xb1,0x42,0x05,0x01,0x87,0xbf,0x09,0x00,0x1c,0xd7,
0x09,0x1f,0x02,0x00,0xcb,0x03,0x1f,0x08,0xff,0xf1,0x88,0xbf,0x06,0x00,0x01,0xd5,
0xff,0x0c,0x1a,0x00,0x00,0x00,0x80,0x7f,0x93,0x01,0x87,0xbf,0x09,0x00,0x01,0xd5,
0x80,0x12,0x1e,0x00,0xff,0x1e,0x6c,0x10,0x3b,0xaa,0xb8,0x3f,0x07,0x00,0x1e,0xd4,
0xff,0x74,0x02,0x00,0x18,0x72,0xb1,0x42,0x42,0x01,0x87,0xbf,0x37,0x00,0x13,0xd6,
0xff,0x1e,0xda,0x84,0x3b,0xaa,0xb8,0x3f,0x36,0x47,0x70,0x7e,0xff,0xf1,0x88,0xbf,
0xe5,0x00,0x01,0xd5,0xff,0x12,0x1e,0x00,0x00,0x00,0x80,0x7f,0xff,0x1e,0x0a,0xc8,
0x36,0x71,0x36,0x37,0x5f,0x70,0xa5,0x32,0x38,0x11,0x70,0x7e,0xb2,0x01,0x87,0xbf,
0x36,0x6f,0x6c,0x06,0xca,0x03,0x6f,0x08,0x08,0x00,0x1b,0xd4,0xff,0x1e,0x02,0x00,
0xd0,0x8e,0xce,0xc2,0x36,0x4b,0x6c,0x7e,0x22,0x01,0x87,0xbf,0xff,0x6e,0x72,0x10,
0x3b,0xaa,0xb8,0x3f,0x09,0x00,0x1b,0xd4,0xff,0x6e,0x02,0x00,0xd0,0x8e,0xce,0xc2,
0x3a,0x00,0x13,0xd6,0xff,0x6e,0xe6,0x84,0x3b,0xaa,0xb8,0x3f,0x39,0x47,0x76,0x7e,
0x15,0x01,0x87,0xbf,0x36,0x00,0x1c,0xd7,0x36,0x71,0x02,0x00,0x0b,0x03,0x4b,0xc9,
0x39,0x77,0x38,0x38,0xfd,0xff,0x88,0xbf,0xff,0x06,0x06,0x02,0x00,0x00,0x80,0x7f,
0x22,0x01,0x87,0xbf,0xff,0x70,0x16,0x10,0x3b,0xaa,0xb8,0x3f,0x0a,0x00,0x1b,0xd4,
0xff,0x70,0x02,0x00,0xd0,0x8e,0xce,0xc2,0x0b,0x47,0x78,0x7e,0xff,0x6e,0x74,0x56,
0x5f,0x70,0xa5,0x32,0x21,0x02,0x87,0xbf,0x39,0x75,0x72,0x06,0x3a,0x00,0x13,0xd6,
0xff,0x70,0x2e,0x84,0x3b,0xaa,0xb8,0x3f,0x0b,0x79,0x16,0x08,0x92,0x00,0x87,0xbf,
0xff,0x70,0x74,0x56,0x5f,0x70,0xa5,0x32,0x0b,0x75,0x74,0x06,0xff,0xf1,0x88,0xbf,
0x0b,0x00,0x01,0xd5,0x80,0x6c,0x22,0x00,0x08,0x00,0x1e,0xd4,0xff,0x1e,0x02,0x00,
0x18,0x72,0xb1,0x42,0x39,0x4b,0x1e,0x7e,0x3b,0x11,0x6c,0x7e,0xff,0xf1,0x88,0xbf,
0x0b,0x00,0x01,0xd5,0xff,0x16,0x22,0x00,0x00,0x00,0x80,0x7f,0x05,0x01,0x87,0xbf,
0x0f,0x00,0x1c,0xd7,0x0f,0x6d,0x02,0x00,0x0e,0x03,0x6d,0x08,0x21,0x01,0x87,0xbf,
0xff,0x6c,0x1c,0x10,0x3b,0xaa,0xb8,0x3f,0x0b,0x00,0x1b,0xd4,0xff,0x6c,0x02,0x00,
0xd0,0x8e,0xce,0xc2,0x39,0x00,0x13,0xd6,0xff,0x6c,0x3a,0x84,0x3b,0xaa,0xb8,0x3f,
0x0e,0x47,0x76,0x7e,0x91,0x00,0x87,0xbf,0xff,0x6c,0x0a,0xc8,0x0e,0x77,0x0e,0x39,
0x5f,0x70,0xa5,0x32,0x0e,0x73,0x72,0x06,0x3a,0x4b,0x1c,0x7e,0x3c,0x11,0x74,0x7e,
0x85,0x00,0x87,0xbf,0x3a,0x00,0x1c,0xd7,0x0e,0x75,0x02,0x00,0x0e,0x00,0x01,0xd5,
0x80,0x1e,0x26,0x00,0x09,0x00,0x1e,0xd4,0xff,0x6e,0x02,0x00,0x18,0x72,0xb1,0x42,
0x39,0x4b,0x6e,0x7e,0x03,0x00,0x87,0xbf,0x0f,0x00,0x01,0xd5,0x80,0x74,0x2a,0x00,
0x0a,0x00,0x1e,0xd4,0xff,0x70,0x02,0x00,0x18,0x72,0xb1,0x42,0x3b,0x11,0x70,0x7e,
0xff,0xf1,0x88,0xbf,0xe6,0x00,0x01,0xd5,0xff,0x1c,0x26,0x00,0x00,0x00,0x80,0x7f,
0xe7,0x00,0x01,0xd5,0xff,0x1e,0x2a,0x00,0x00,0x00,0x80,0x7f,0x85,0x01,0x87,0xbf,
0x37,0x00,0x1c,0xd7,0x37,0x71,0x02,0x00,0x11,0x03,0x71,0x08,0x21,0x01,0x87,0xbf,
0xff,0x70,0x22,0x10,0x3b,0xaa,0xb8,0x3f,0x0c,0x00,0x1b,0xd4,0xff,0x70,0x02,0x00,
0xd0,0x8e,0xce,0xc2,0x39,0x00,0x13,0xd6,0xff,0x70,0x46,0x84,0x3b,0xaa,0xb8,0x3f,
0x11,0x47,0x74,0x7e,0x12,0x01,0x87,0xbf,0xff,0x70,0x72,0x56,0x5f,0x70,0xa5,0x32,
0x11,0x75,0x22,0x08,0xc1,0x00,0x87,0xbf,0x11,0x73,0x72,0x06,0x11,0x00,0x01,0xd5,
0x80,0x6e,0x2e,0x00,0x0b,0x00,0x1e,0xd4,0xff,0x6c,0x02,0x00,0x18,0x72,0xb1,0x42,
0xff,0x30,0x6c,0x10,0x3b,0xaa,0xb8,0x3f,0x37,0x00,0x13,0xd6,0xff,0x30,0xda,0x84,
0x3b,0xaa,0xb8,0x3f,0x36,0x47,0x76,0x7e,0x91,0x00,0x87,0xbf,0xff,0x30,0x0a,0xc8,
0x36,0x77,0x36,0x37,0x5f,0x70,0xa5,0x32,0x36,0x6f,0x6c,0x06,0x39,0x4b,0x6e,0x7e,
0x3a,0x11,0x72,0x7e,0x02,0x00,0x87,0xbf,0x36,0x4b,0x6c,0x7e,0x86,0x00,0x87,0xbf,
0x37,0x00,0x1c,0xd7,0x37,0x73,0x02,0x00,0x15,0x03,0x73,0x08,0x91,0x00,0x87,0xbf,
0xff,0x72,0x2a,0x10,0x3b,0xaa,0xb8,0x3f,0x3a,0x00,0x13,0xd6,0xff,0x72,0x56,0x84,
0x3b,0xaa,0xb8,0x3f,0x15,0x47,0x78,0x7e,0x21,0x01,0x87,0xbf,0xff,0x72,0x0a,0xc8,
0x15,0x79,0x14,0x3a,0x5f,0x70,0xa5,0x32,0x0d,0x00,0x1b,0xd4,0xff,0x30,0x02,0x00,
0xd0,0x8e,0xce,0xc2,0x15,0x75,0x74,0x06,0xff,0xf1,0x88,0xbf,0x15,0x00,0x01,0xd5,
0x80,0x6e,0x32,0x00,0x3b,0x11,0x6e,0x7e,0x0c,0x00,0x1e,0xd4,0xff,0x70,0x02,0x00,
0x18,0x72,0xb1,0x42,0xa2,0x00,0x87,0xbf,0x36,0x00,0x1c,0xd7,0x36,0x6f,0x02,0x00,
0x17,0x03,0x6f,0x08,0xff,0x6e,0x2e,0x10,0x3b,0xaa,0xb8,0x3f,0x21,0x01,0x87,0xbf,
0x38,0x00,0x13,0xd6,0xff,0x6e,0x5e,0x84,0x3b,0xaa,0xb8,0x3f,0x17,0x47,0x76,0x7e,
0xff,0x6e,0x70,0x56,0x5f,0x70,0xa5,0x32,0x92,0x00,0x87,0xbf,0x17,0x77,0x2e,0x08,
0x17,0x71,0x70,0x06,0x3a,0x4b,0x2e,0x7e,0x3c,0x11,0x74,0x7e,0x0e,0x00,0x1b,0xd4,
0xff,0x72,0x02,0x00,0xd0,0x8e,0xce,0xc2,0x05,0x01,0x87,0xbf,0x3a,0x00,0x1c,0xd7,
0x17,0x75,0x02,0x00,0x17,0x00,0x01,0xd5,0x80,0x6c,0x36,0x00,0x38,0x4b,0x6c,0x7e,
0x3b,0x11,0x70,0x7e,0x0d,0x00,0x1e,0xd4,0xff,0x30,0x02,0x00,0x18,0x72,0xb1,0x42,
0xff,0xf1,0x88,0xbf,0x18,0x00,0x01,0xd5,0x80,0x74,0x3a,0x00,0x0e,0x00,0x1e,0xd4,
0xff,0x72,0x02,0x00,0x18,0x72,0xb1,0x42,0xa5,0x00,0x87,0xbf,0x36,0x00,0x1c,0xd7,
0x36,0x71,0x02,0x00,0x84,0x03,0x71,0x08,0xff,0x70,0x72,0x10,0x3b,0xaa,0xb8,0x3f,
0x10,0x00,0x1b,0xd4,0xff,0x70,0x02,0x00,0xd0,0x8e,0xce,0xc2,0x22,0x01,0x87,0xbf,
0x3a,0x00,0x13,0xd6,0xff,0x70,0xe6,0x84,0x3b,0xaa,0xb8,0x3f,0x39,0x47,0x76,0x7e,
0xff,0x70,0x74,0x56,0x5f,0x70,0xa5,0x32,0x0f,0x00,0x1b,0xd4,0xff,0x6e,0x02,0x00,
0xd0,0x8e,0xce,0xc2,0xff,0xf1,0x88,0xbf,0x84,0x00,0x01,0xd5,0x80,0x6c,0x3e,0x00,
0x8a,0x03,0x4b,0xc9,0x39,0x77,0x38,0x36,0x0f,0x00,0x1e,0xd4,0xff,0x6e,0x02,0x00,
0x18,0x72,0xb1,0x42,0x92,0x01,0x87,0xbf,0xff,0x6c,0x6e,0x10,0x3b,0xaa,0xb8,0x3f,
0x39,0x75,0x72,0x06,0x11,0x00,0x1b,0xd4,0xff,0x6c,0x02,0x00,0xd0,0x8e,0xce,0xc2,
0xff,0xf1,0x88,0xbf,0x0e,0x00,0x01,0xd5,0xff,0x08,0x3f,0x00,0x00,0x00,0x80,0x7f,
0x3a,0x00,0x13,0xd6,0xff,0x6c,0xde,0x84,0x3b,0xaa,0xb8,0x3f,0x37,0x47,0x78,0x7e,
0x39,0x4b,0x72,0x7e,0x91,0x00,0x87,0xbf,0xff,0x6c,0x0a,0xc8,0x37,0x79,0x36,0x3a,
0x5f,0x70,0xa5,0x32,0x37,0x75,0x6e,0x06,0x3b,0x11,0x74,0x7e,0x02,0x00,0x87,0xbf,
0x37,0x4b,0x6e,0x7e,0x86,0x00,0x87,0xbf,0x39,0x00,0x1c,0xd7,0x39,0x75,0x02,0x00,
0x87,0x03,0x75,0x08,0x12,0x01,0x87,0xbf,0x87,0x00,0x01,0xd5,0x80,0x72,0x42,0x00,
0xff,0x74,0x76,0x10,0x3b,0xaa,0xb8,0x3f,0x10,0x00,0x1e,0xd4,0xff,0x70,0x02,0x00,
0x18,0x72,0xb1,0x42,0x3c,0x11,0x70,0x7e,0x12,0x00,0x1b,0xd4,0xff,0x74,0x02,0x00,
0xd0,0x8e,0xce,0xc2,0x24,0x02,0x87,0xbf,0x3d,0x00,0x13,0xd6,0xff,0x74,0xee,0x84,
0x3b,0xaa,0xb8,0x3f,0x3b,0x47,0x14,0x7f,0x37,0x00,0x1c,0xd7,0x37,0x71,0x02,0x00,
0x93,0x01,0x87,0xbf,0x88,0x03,0x41,0xc9,0xff,0x74,0x3c,0x38,0x5f,0x70,0xa5,0x32,
0x3b,0x15,0x77,0x08,0x93,0x01,0x87,0xbf,0x88,0x00,0x01,0xd5,0x80,0x6e,0x46,0x00,
0xff,0x70,0x72,0x10,0x3b,0xaa,0xb8,0x3f,0x11,0x00,0x1e,0xd4,0xff,0x6c,0x02,0x00,
0x18,0x72,0xb1,0x42,0x13,0x00,0x1b,0xd4,0xff,0x70,0x02,0x00,0xd0,0x8e,0xce,0xc2,
0x3b,0x7b,0x76,0x06,0xa4,0x01,0x87,0xbf,0x3c,0x00,0x13,0xd6,0xff,0x70,0xe6,0x84,
0x3b,0xaa,0xb8,0x3f,0x39,0x47,0x7a,0x7e,0x3b,0x4b,0x76,0x7e,0x21,0x01,0x87,0xbf,
0xff,0x70,0x0a,0xc8,0x39,0x7b,0x38,0x3c,0x5f,0x70,0xa5,0x32,0x3d,0x11,0x6e,0x7e,
0x39,0x79,0x72,0x06,0x8a,0x11,0x78,0x7e,0x02,0x00,0x87,0xbf,0x39,0x4b,0x6c,0x7e,
0x86,0x00,0x87,0xbf,0x3b,0x00,0x1c,0xd7,0x3b,0x79,0x02,0x00,0xff,0xf1,0x88,0xbf,
0xa1,0x02,0x87,0xbf,0x8a,0x00,0x01,0xd5,0x80,0x76,0x4a,0x00,0x12,0x00,0x1e,0xd4,
0xff,0x74,0x02,0x00,0x18,0x72,0xb1,0x42,0x36,0x00,0x1c,0xd7,0x36,0x6f,0x02,0x00,
0x8d,0x03,0x6f,0x08,0x12,0x01,0x87,0xbf,0x8d,0x00,0x01,0xd5,0x80,0x6c,0x4e,0x00,
0xff,0x6e,0xca,0xc8,0x94,0x03,0x37,0x39,0x3b,0xaa,0xb8,0x3f,0x13,0x00,0x1e,0xd4,
0xff,0x70,0x02,0x00,0x18,0x72,0xb1,0x42,0x14,0x00,0x1b,0xd4,0xff,0x6e,0x02,0x00,
0xd0,0x8e,0xce,0xc2,0x03,0x00,0x87,0xbf,0x3a,0x00,0x13,0xd6,0xff,0x6e,0xe6,0x84,
0x3b,0xaa,0xb8,0x3f,0x39,0x47,0x76,0x7e,0xff,0x6c,0x70,0x10,0x3b,0xaa,0xb8,0x3f,
0x15,0x00,0x1b,0xd4,0xff,0x6c,0x02,0x00,0xd0,0x8e,0xce,0xc2,0xff,0xf1,0x88,0xbf,
0xda,0x00,0x01,0xd5,0xff,0x1a,0x4f,0x00,0x00,0x00,0x80,0x7f,0xff,0x6e,0x74,0x56,
0x5f,0x70,0xa5,0x32,0x39,0x77,0x72,0x08,0x38,0x47,0x78,0x7e,0xa2,0x01,0x87,0xbf,
0x39,0x75,0x72,0x06,0x3a,0x00,0x13,0xd6,0xff,0x6c,0xe2,0x84,0x3b,0xaa,0xb8,0x3f,
0x38,0x79,0x70,0x08,0x13,0x01,0x87,0xbf,0x39,0x4b,0x72,0x7e,0xff,0x6c,0x74,0x56,
0x5f,0x70,0xa5,0x32,0x01,0x00,0x87,0xbf,0x38,0x75,0x70,0x06,0x3b,0x11,0x74,0x7e,
0x85,0x00,0x87,0xbf,0x39,0x00,0x1c,0xd7,0x39,0x75,0x02,0x00,0x8f,0x03,0x75,0x08,
0xb2,0x01,0x87,0xbf,0x8f,0x00,0x01,0xd5,0x80,0x72,0x52,0x00,0x14,0x00,0x1e,0xd4,
0xff,0x6e,0x02,0x00,0x18,0x72,0xb1,0x42,0x38,0x4b,0x6e,0x7e,0xff,0x74,0x76,0x10,
0x3b,0xaa,0xb8,0x3f,0x3c,0x11,0x70,0x7e,0x16,0x00,0x1b,0xd4,0xff,0x74,0x02,0x00,
0xd0,0x8e,0xce,0xc2,0xff,0xf1,0x88,0xbf,0xdc,0x00,0x01,0xd5,0xff,0x1e,0x53,0x00,
0x00,0x00,0x80,0x7f,0x3d,0x00,0x13,0xd6,0xff,0x74,0xee,0x84,0x3b,0xaa,0xb8,0x3f,
0x3b,0x47,0x28,0x7f,0x95,0x01,0x87,0xbf,0x37,0x00,0x1c,0xd7,0x37,0x71,0x02,0x00,
0x92,0x03,0x41,0xc9,0xff,0x74,0x3c,0x38,0x5f,0x70,0xa5,0x32,0x93,0x01,0x87,0xbf,
0x3b,0x29,0x77,0x08,0x92,0x00,0x01,0xd5,0x80,0x6e,0x56,0x00,0x23,0x02,0x87,0xbf,
0xff,0x70,0x72,0x10,0x3b,0xaa,0xb8,0x3f,0x15,0x00,0x1e,0xd4,0xff,0x6c,0x02,0x00,
0x18,0x72,0xb1,0x42,0x3b,0x7b,0x76,0x06,0x17,0x00,0x1b,0xd4,0xff,0x70,0x02,0x00,
0xd0,0x8e,0xce,0xc2,0x24,0x02,0x87,0xbf,0x3c,0x00,0x13,0xd6,0xff,0x70,0xe6,0x84,
0x3b,0xaa,0xb8,0x3f,0x39,0x47,0x7a,0x7e,0x3b,0x4b,0x76,0x7e,0xff,0xf1,0x88,0xbf,
0xdf,0x00,0x01,0xd5,0xff,0x24,0x57,0x00,0x00,0x00,0x80,0x7f,0x22,0x01,0x87,0xbf,
0xff,0x70,0x0a,0xc8,0x39,0x7b,0x38,0x3c,0x5f,0x70,0xa5,0x32,0x3d,0x11,0x6e,0x7e,
0x39,0x79,0x72,0x06,0x94,0x11,0x78,0x7e,0x02,0x00,0x87,0xbf,0x39,0x4b,0x6c,0x7e,
0x86,0x00,0x87,0xbf,0x3b,0x00,0x1c,0xd7,0x3b,0x79,0x02,0x00,0xa1,0x02,0x87,0xbf,
0x94,0x00,0x01,0xd5,0x80,0x76,0x5a,0x00,0x16,0x00,0x1e,0xd4,0xff,0x74,0x02,0x00,
0x18,0x72,0xb1,0x42,0x36,0x00,0x1c,0xd7,0x36,0x6f,0x02,0x00,0x96,0x03,0x6f,0x08,
0xff,0xf1,0x88,0xbf,0xe0,0x00,0x01,0xd5,0xff,0x28,0x5b,0x00,0x00,0x00,0x80,0x7f,
0x93,0x01,0x87,0xbf,0x96,0x00,0x01,0xd5,0x80,0x6c,0x5e,0x00,0xff,0x6e,0xca,0xc8,
0x9c,0x03,0x37,0x39,0x3b,0xaa,0xb8,0x3f,0x17,0x00,0x1e,0xd4,0xff,0x70,0x02,0x00,
0x18,0x72,0xb1,0x42,0x18,0x00,0x1b,0xd4,0xff,0x6e,0x02,0x00,0xd0,0x8e,0xce,0xc2,
0x03,0x00,0x87,0xbf,0x3a,0x00,0x13,0xd6,0xff,0x6e,0xe6,0x84,0x3b,0xaa,0xb8,0x3f,
0x39,0x47,0x76,0x7e,0xff,0x6c,0x70,0x10,0x3b,0xaa,0xb8,0x3f,0x19,0x00,0x1b,0xd4,
0xff,0x6c,0x02,0x00,0xd0,0x8e,0xce,0xc2,0xff,0xf1,0x88,0xbf,0xe2,0x00,0x01,0xd5,
0xff,0x2c,0x5f,0x00,0x00,0x00,0x80,0x7f,0xff,0x6e,0x74,0x56,0x5f,0x70,0xa5,0x32,
0x39,0x77,0x72,0x08,0x38,0x47,0x78,0x7e,0xa2,0x01,0x87,0xbf,0x39,0x75,0x72,0x06,
0x3a,0x00,0x13,0xd6,0xff,0x6c,0xe2,0x84,0x3b,0xaa,0xb8,0x3f,0x38,0x79,0x70,0x08,
0x13,0x01,0x87,0xbf,0x39,0x4b,0x72,0x7e,0xff,0x6c,0x74,0x56,0x5f,0x70,0xa5,0x32,
0x01,0x00,0x87,0xbf,0x38,0x75,0x70,0x06,0x3b,0x11,0x74,0x7e,0x85,0x00,0x87,0xbf,
0x39,0x00,0x1c,0xd7,0x39,0x75,0x02,0x00,0x98,0x03,0x75,0x08,0xb2,0x01,0x87,0xbf,
0x98,0x00,0x01,0xd5,0x80,0x72,0x62,0x00,0x18,0x00,0x1e,0xd4,0xff,0x6e,0x02,0x00,
0x18,0x72,0xb1,0x42,0x38,0x4b,0x6e,0x7e,0xff,0x74,0x76,0x10,0x3b,0xaa,0xb8,0x3f,
0x3c,0x11,0x70,0x7e,0x1a,0x00,0x1b,0xd4,0xff,0x74,0x02,0x00,0xd0,0x8e,0xce,0xc2,
0xff,0xf1,0x88,0xbf,0xe1,0x00,0x01,0xd5,0xff,0x30,0x63,0x00,0x00,0x00,0x80,0x7f,
0x3d,0x00,0x13,0xd6,0xff,0x74,0xee,0x84,0x3b,0xaa,0xb8,0x3f,0x3b,0x47,0x38,0x7f,
0x95,0x01,0x87,0xbf,0x37,0x00,0x1c,0xd7,0x37,0x71,0x02,0x00,0x9b,0x03,0x41,0xc9,
0xff,0x74,0x3c,0x38,0x5f,0x70,0xa5,0x32,0x93,0x01,0x87,0xbf,0x3b,0x39,0x77,0x08,
0x9b,0x00,0x01,0xd5,0x80,0x6e,0x66,0x00,0x23,0x02,0x87,0xbf,0xff,0x70,0x72,0x10,
0x3b,0xaa,0xb8,0x3f,0x19,0x00,0x1e,0xd4,0xff,0x6c,0x02,0x00,0x18,0x72,0xb1,0x42,
0x3b,0x7b,0x76,0x06,0x1b,0x00,0x1b,0xd4,0xff,0x70,0x02,0x00,0xd0,0x8e,0xce,0xc2,
0x24,0x02,0x87,0xbf,0x3c,0x00,0x13,0xd6,0xff,0x70,0xe6,0x84,0x3b,0xaa,0xb8,0x3f,
0x39,0x47,0x7a,0x7e,0x3b,0x4b,0x76,0x7e,0xff,0xf1,0x88,0xbf,0xe3,0x00,0x01,0xd5,
0xff,0x36,0x67,0x00,0x00,0x00,0x80,0x7f,0x22,0x01,0x87,0xbf,0xff,0x70,0x0a,0xc8,
0x39,0x7b,0x38,0x3c,0x5f,0x70,0xa5,0x32,0x3d,0x11,0x6e,0x7e,0x39,0x79,0x72,0x06,
0x9c,0x11,0x78,0x7e,0x02,0x00,0x87,0xbf,0x39,0x4b,0x6c,0x7e,0x86,0x00,0x87,0xbf,
0x3b,0x00,0x1c,0xd7,0x3b,0x79,0x02,0x00,0xa1,0x02,0x87,0xbf,0x9c,0x00,0x01,0xd5,
0x80,0x76,0x6a,0x00,0x1a,0x00,0x1e,0xd4,0xff,0x74,0x02,0x00,0x18,0x72,0xb1,0x42,
0x36,0x00,0x1c,0xd7,0x36,0x6f,0x02,0x00,0x9d,0x03,0x6f,0x08,0xff,0xf1,0x88,0xbf,
0xe4,0x00,0x01,0xd5,0xff,0x38,0x6b,0x00,0x00,0x00,0x80,0x7f,0x93,0x01,0x87,0xbf,
0x9d,0x00,0x01,0xd5,0x80,0x6c,0x6e,0x00,0xff,0x6e,0xca,0xc8,0xa0,0x03,0x37,0x39,
0x3b,0xaa,0xb8,0x3f,0x1b,0x00,0x1e,0xd4,0xff,0x70,0x02,0x00,0x18,0x72,0xb1,0x42,
0x1c,0x00,0x1b,0xd4,0xff,0x6e,0x02,0x00,0xd0,0x8e,0xce,0xc2,0x03,0x00,0x87,0xbf,
0x3a,0x00,0x13,0xd6,0xff,0x6e,0xe6,0x84,0x3b,0xaa,0xb8,0x3f,0x39,0x47,0x76,0x7e,
0xff,0x6c,0x70,0x10,0x3b,0xaa,0xb8,0x3f,0x1d,0x00,0x1b,0xd4,0xff,0x6c,0x02,0x00,
0xd0,0x8e,0xce,0xc2,0xff,0xf1,0x88,0xbf,0xd5,0x00,0x01,0xd5,0xff,0x3a,0x6f,0x00,
0x00,0x00,0x80,0x7f,0xff,0x6e,0x74,0x56,0x5f,0x70,0xa5,0x32,0x39,0x77,0x72,0x08,
0x38,0x47,0x78,0x7e,0xa2,0x01,0x87,0xbf,0x39,0x75,0x72,0x06,0x3a,0x00,0x13,0xd6,
0xff,0x6c,0xe2,0x84,0x3b,0xaa,0xb8,0x3f,0x38,0x79,0x70,0x08,0x13,0x01,0x87,0xbf,
0x39,0x4b,0x72,0x7e,0xff,0x6c,0x74,0x56,0x5f,0x70,0xa5,0x32,0x01,0x00,0x87,0xbf,
0x38,0x75,0x70,0x06,0x3b,0x11,0x74,0x7e,0x85,0x00,0x87,0xbf,0x39,0x00,0x1c,0xd7,
0x39,0x75,0x02,0x00,0x9e,0x03,0x75,0x08,0xb2,0x01,0x87,0xbf,0x9e,0x00,0x01,0xd5,
0x80,0x72,0x72,0x00,0x1c,0x00,0x1e,0xd4,0xff,0x6e,0x02,0x00,0x18,0x72,0xb1,0x42,
0x38,0x4b,0x6e,0x7e,0xff,0x74,0x76,0x10,0x3b,0xaa,0xb8,0x3f,0x3c,0x11,0x70,0x7e,
0x1e,0x00,0x1b,0xd4,0xff,0x74,0x02,0x00,0xd0,0x8e,0xce,0xc2,0xff,0xf1,0x88,0xbf,
0xd6,0x00,0x01,0xd5,0xff,0x3c,0x73,0x00,0x00,0x00,0x80,0x7f,0x3d,0x00,0x13,0xd6,
0xff,0x74,0xee,0x84,0x3b,0xaa,0xb8,0x3f,0x3b,0x47,0x40,0x7f,0x95,0x01,0x87,0xbf,
0x37,0x00,0x1c,0xd7,0x37,0x71,0x02,0x00,0x9f,0x03,0x41,0xc9,0xff,0x74,0x3c,0x38,
0x5f,0x70,0xa5,0x32,0x93,0x01,0x87,0xbf,0x3b,0x41,0x77,0x08,0x9f,0x00,0x01,0xd5,
0x80,0x6e,0x76,0x00,0x23,0x02,0x87,0xbf,0xff,0x70,0x72,0x10,0x3b,0xaa,0xb8,0x3f,
0x1d,0x00,0x1e,0xd4,0xff,0x6c,0x02,0x00,0x18,0x72,0xb1,0x42,0x3b,0x7b,0x76,0x06,
0x1f,0x00,0x1b,0xd4,0xff,0x70,0x02,0x00,0xd0,0x8e,0xce,0xc2,0x24,0x02,0x87,0xbf,
0x3c,0x00,0x13,0xd6,0xff,0x70,0xe6,0x84,0x3b,0xaa,0xb8,0x3f,0x39,0x47,0x7a,0x7e,
0x3b,0x4b,0x76,0x7e,0xff,0xf1,0x88,0xbf,0xd7,0x00,0x01,0xd5,0xff,0x3e,0x77,0x00,
0x00,0x00,0x80,0x7f,0x22,0x01,0x87,0xbf,0xff,0x70,0x0a,0xc8,0x39,0x7b,0x38,0x3c,
0x5f,0x70,0xa5,0x32,0x3d,0x11,0x6e,0x7e,0x39,0x79,0x72,0x06,0xa0,0x11,0x78,0x7e,
0x02,0x00,0x87,0xbf,0x39,0x4b,0x6c,0x7e,0x86,0x00,0x87,0xbf,0x3b,0x00,0x1c,0xd7,
0x3b,0x79,0x02,0x00,0xa1,0x02,0x87,0xbf,0xa0,0x00,0x01,0xd5,0x80,0x76,0x7a,0x00,
0x1e,0x00,0x1e,0xd4,0xff,0x74,0x02,0x00,0x18,0x72,0xb1,0x42,0x36,0x00,0x1c,0xd7,
0x36,0x6f,0x02,0x00,0xa1,0x03,0x6f,0x08,0xff,0xf1,0x88,0xbf,0xd8,0x00,0x01,0xd5,
0xff,0x40,0x7b,0x00,0x00,0x00,0x80,0x7f,0x93,0x01,0x87,0xbf,0xa1,0x00,0x01,0xd5,
0x80,0x6c,0x7e,0x00,0xff,0x6e,0xca,0xc8,0xa4,0x03,0x37,0x39,0x3b,0xaa,0xb8,0x3f,
0x1f,0x00,0x1e,0xd4,0xff,0x70,0x02,0x00,0x18,0x72,0xb1,0x42,0x21,0x00,0x1b,0xd4,
0xff,0x6e,0x02,0x00,0xd0,0x8e,0xce,0xc2,0x03,0x00,0x87,0xbf,0x3a,0x00,0x13,0xd6,
0xff,0x6e,0xe6,0x84,0x3b,0xaa,0xb8,0x3f,0x39,0x47,0x76,0x7e,0xff,0x6c,0x70,0x10,
0x3b,0xaa,0xb8,0x3f,0x22,0x00,0x1b,0xd4,0xff,0x6c,0x02,0x00,0xd0,0x8e,0xce,0xc2,
0xff,0xf1,0x88,0xbf,0xdb,0x00,0x01,0xd5,0xff,0x42,0x7f,0x00,0x00,0x00,0x80,0x7f,
0xff,0x6e,0x74,0x56,0x5f,0x70,0xa5,0x32,0x39,0x77,0x72,0x08,0x38,0x47,0x78,0x7e,
0xa2,0x01,0x87,0xbf,0x39,0x75,0x72,0x06,0x3a,0x00,0x13,0xd6,0xff,0x6c,0xe2,0x84,
0x3b,0xaa,0xb8,0x3f,0x38,0x79,0x70,0x08,0x13,0x01,0x87,0xbf,0x39,0x4b,0x72,0x7e,
0xff,0x6c,0x74,0x56,0x5f,0x70,0xa5,0x32,0x01,0x00,0x87,0xbf,0x38,0x75,0x70,0x06,
0x3b,0x11,0x74,0x7e,0x85,0x00,0x87,0xbf,0x39,0x00,0x1c,0xd7,0x39,0x75,0x02,0x00,
0xa2,0x03,0x75,0x08,0xb2,0x01,0x87,0xbf,0xa2,0x00,0x01,0xd5,0x80,0x72,0x86,0x00,
0x21,0x00,0x1e,0xd4,0xff,0x6e,0x02,0x00,0x18,0x72,0xb1,0x42,0x38,0x4b,0x6e,0x7e,
0xff,0x74,0x76,0x10,0x3b,0xaa,0xb8,0x3f,0x3c,0x11,0x70,0x7e,0x23,0x00,0x1b,0xd4,
0xff,0x74,0x02,0x00,0xd0,0x8e,0xce,0xc2,0xff,0xf1,0x88,0xbf,0xd9,0x00,0x01,0xd5,
0xff,0x44,0x87,0x00,0x00,0x00,0x80,0x7f,0x3d,0x00,0x13,0xd6,0xff,0x74,0xee,0x84,
0x3b,0xaa,0xb8,0x3f,0x3b,0x47,0x48,0x7f,0x95,0x01,0x87,0xbf,0x37,0x00,0x1c,0xd7,
0x37,0x71,0x02,0x00,0xa3,0x03,0x41,0xc9,0xff,0x74,0x3c,0x38,0x5f,0x70,0xa5,0x32,
0x93,0x01,0x87,0xbf,0x3b,0x49,0x77,0x08,0xa3,0x00,0x01,0xd5,0x80,0x6e,0x8a,0x00,
0x23,0x02,0x87,0xbf,0xff,0x70,0x72,0x10,0x3b,0xaa,0xb8,0x3f,0x22,0x00,0x1e,0xd4,
0xff,0x6c,0x02,0x00,0x18,0x72,0xb1,0x42,0x3b,0x7b,0x76,0x06,0x24,0x00,0x1b,0xd4,
0xff,0x70,0x02,0x00,0xd0,0x8e,0xce,0xc2,0x24,0x02,0x87,0xbf,0x3c,0x00,0x13,0xd6,
0xff,0x70,0xe6,0x84,0x3b,0xaa,0xb8,0x3f,0x39,0x47,0x7a,0x7e,0x3b,0x4b,0x76,0x7e,
0xff,0xf1,0x88,0xbf,0xdd,0x00,0x01,0xd5,0xff,0x46,0x8b,0x00,0x00,0x00,0x80,0x7f,
0x22,0x01,0x87,0xbf,0xff,0x70,0x0a,0xc8,0x39,0x7b,0x38,0x3c,0x5f,0x70,0xa5,0x32,
0x3d,0x11,0x6e,0x7e,0x39,0x79,0x72,0x06,0xa4,0x11,0x78,0x7e,0x02,0x00,0x87,0xbf,
0x39,0x4b,0x6c,0x7e,0x86,0x00,0x87,0xbf,0x3b,0x00,0x1c,0xd7,0x3b,0x79,0x02,0x00,
0xa1,0x02,0x87,0xbf,0xa4,0x00,0x01,0xd5,0x80,0x76,0x8e,0x00,0x23,0x00,0x1e,0xd4,
0xff,0x74,0x02,0x00,0x18,0x72,0xb1,0x42,0x36,0x00,0x1c,0xd7,0x36,0x6f,0x02,0x00,
0xa6,0x03,0x6f,0x08,0xff,0xf1,0x88,0xbf,0xde,0x00,0x01,0xd5,0xff,0x48,0x8f,0x00,
0x00,0x00,0x80,0x7f,0x93,0x01,0x87,0xbf,0xa6,0x00,0x01,0xd5,0x80,0x6c,0x92,0x00,
0xff,0x6e,0xca,0xc8,0xad,0x03,0x37,0x39,0x3b,0xaa,0xb8,0x3f,0x24,0x00,0x1e,0xd4,
0xff,0x70,0x02,0x00,0x18,0x72,0xb1,0x42,0x25,0x00,0x1b,0xd4,0xff,0x6e,0x02,0x00,
0xd0,0x8e,0xce,0xc2,0x03,0x00,0x87,0xbf,0x3a,0x00,0x13,0xd6,0xff,0x6e,0xe6,0x84,
0x3b,0xaa,0xb8,0x3f,0x39,0x47,0x76,0x7e,0xff,0x6c,0x70,0x10,0x3b,0xaa,0xb8,0x3f,
0x26,0x00,0x1b,0xd4,0xff,0x6c,0x02,0x00,0xd0,0x8e,0xce,0xc2,0xff,0xf1,0x88,0xbf,
0xcd,0x00,0x01,0xd5,0xff,0x4c,0x93,0x00,0x00,0x00,0x80,0x7f,0xff,0x6e,0x74,0x56,
0x5f,0x70,0xa5,0x32,0x39,0x77,0x72,0x08,0x38,0x47,0x78,0x7e,0xa2,0x01,0x87,0xbf,
0x39,0x75,0x72,0x06,0x3a,0x00,0x13,0xd6,0xff,0x6c,0xe2,0x84,0x3b,0xaa,0xb8,0x3f,
0x38,0x79,0x70,0x08,0x13,0x01,0x87,0xbf,0x39,0x4b,0x72,0x7e,0xff,0x6c,0x74,0x56,
0x5f,0x70,0xa5,0x32,0x01,0x00,0x87,0xbf,0x38,0x75,0x70,0x06,0x3b,0x11,0x74,0x7e,
0x85,0x00,0x87,0xbf,0x39,0x00,0x1c,0xd7,0x39,0x75,0x02,0x00,0xa9,0x03,0x75,0x08,
0xb2,0x01,0x87,0xbf,0xa9,0x00,0x01,0xd5,0x80,0x72,0x96,0x00,0x25,0x00,0x1e,0xd4,
0xff,0x6e,0x02,0x00,0x18,0x72,0xb1,0x42,0x38,0x4b,0x6e,0x7e,0xff,0x74,0x76,0x10,
0x3b,0xaa,0xb8,0x3f,0x3c,0x11,0x70,0x7e,0x27,0x00,0x1b,0xd4,0xff,0x74,0x02,0x00,
0xd0,0x8e,0xce,0xc2,0xff,0xf1,0x88,0xbf,0xce,0x00,0x01,0xd5,0xff,0x52,0x97,0x00,
0x00,0x00,0x80,0x7f,0x3d,0x00,0x13,0xd6,0xff,0x74,0xee,0x84,0x3b,0xaa,0xb8,0x3f,
0x3b,0x47,0x5a,0x7f,0x95,0x01,0x87,0xbf,0x37,0x00,0x1c,0xd7,0x37,0x71,0x02,0x00,
0xac,0x03,0x41,0xc9,0xff,0x74,0x3c,0x38,0x5f,0x70,0xa5,0x32,0x93,0x01,0x87,0xbf,
0x3b,0x5b,0x77,0x08,0xac,0x00,0x01,0xd5,0x80,0x6e,0x9a,0x00,0x23,0x02,0x87,0xbf,
0xff,0x70,0x72,0x10,0x3b,0xaa,0xb8,0x3f,0x26,0x00,0x1e,0xd4,0xff,0x6c,0x02,0x00,
0x18,0x72,0xb1,0x42,0x3b,0x7b,0x76,0x06,0x28,0x00,0x1b,0xd4,0xff,0x70,0x02,0x00,
0xd0,0x8e,0xce,0xc2,0x24,0x02,0x87,0xbf,0x3c,0x00,0x13,0xd6,0xff,0x70,0xe6,0x84,
0x3b,0xaa,0xb8,0x3f,0x39,0x47,0x7a,0x7e,0x3b,0x4b,0x76,0x7e,0xff,0xf1,0x88,0xbf,
0xcf,0x00,0x01,0xd5,0xff,0x58,0x9b,0x00,0x00,0x00,0x80,0x7f,0x22,0x01,0x87,0xbf,
0xff,0x70,0x0a,0xc8,0x39,0x7b,0x38,0x3c,0x5f,0x70,0xa5,0x32,0x3d,0x11,0x6e,0x7e,
0x39,0x79,0x72,0x06,0xad,0x11,0x78,0x7e,0x02,0x00,0x87,0xbf,0x39,0x4b,0x6c,0x7e,
0x86,0x00,0x87,0xbf,0x3b,0x00,0x1c,0xd7,0x3b,0x79,0x02,0x00,0xa1,0x02,0x87,0xbf,
0xad,0x00,0x01,0xd5,0x80,0x76,0x9e,0x00,0x27,0x00,0x1e,0xd4,0xff,0x74,0x02,0x00,
0x18,0x72,0xb1,0x42,0x36,0x00,0x1c,0xd7,0x36,0x6f,0x02,0x00,0xae,0x03,0x6f,0x08,
0xff,0xf1,0x88,0xbf,0xd0,0x00,0x01,0xd5,0xff,0x5a,0x9f,0x00,0x00,0x00,0x80,0x7f,
0x93,0x01,0x87,0xbf,0xae,0x00,0x01,0xd5,0x80,0x6c,0xa2,0x00,0xff,0x6e,0xca,0xc8,
0xb5,0x03,0x37,0x39,0x3b,0xaa,0xb8,0x3f,0x28,0x00,0x1e,0xd4,0xff,0x70,0x02,0x00,
0x18,0x72,0xb1,0x42,0x29,0x00,0x1b,0xd4,0xff,0x6e,0x02,0x00,0xd0,0x8e,0xce,0xc2,
0x03,0x00,0x87,0xbf,0x3a,0x00,0x13,0xd6,0xff,0x6e,0xe6,0x84,0x3b,0xaa,0xb8,0x3f,
0x39,0x47,0x76,0x7e,0xff,0x6c,0x70,0x10,0x3b,0xaa,0xb8,0x3f,0x2a,0x00,0x1b,0xd4,
0xff,0x6c,0x02,0x00,0xd0,0x8e,0xce,0xc2,0xff,0xf1,0x88,0xbf,0xd2,0x00,0x01,0xd5,
0xff,0x5c,0xa3,0x00,0x00,0x00,0x80,0x7f,0xff,0x6e,0x74,0x56,0x5f,0x70,0xa5,0x32,
0x39,0x77,0x72,0x08,0x38,0x47,0x78,0x7e,0xa2,0x01,0x87,0xbf,0x39,0x75,0x72,0x06,
0x3a,0x00,0x13,0xd6,0xff,0x6c,0xe2,0x84,0x3b,0xaa,0xb8,0x3f,0x38,0x79,0x70,0x08,
0x13,0x01,0x87,0xbf,0x39,0x4b,0x72,0x7e,0xff,0x6c,0x74,0x56,0x5f,0x70,0xa5,0x32,
0x01,0x00,0x87,0xbf,0x38,0x75,0x70,0x06,0x3b,0x11,0x74,0x7e,0x85,0x00,0x87,0xbf,
0x39,0x00,0x1c,0xd7,0x39,0x75,0x02,0x00,0xb1,0x03,0x75,0x08,0xb2,0x01,0x87,0xbf,
0xb1,0x00,0x01,0xd5,0x80,0x72,0xa6,0x00,0x29,0x00,0x1e,0xd4,0xff,0x6e,0x02,0x00,
0x18,0x72,0xb1,0x42,0x38,0x4b,0x6e,0x7e,0xff,0x74,0x76,0x10,0x3b,0xaa,0xb8,0x3f,
0x3c,0x11,0x70,0x7e,0x2b,0x00,0x1b,0xd4,0xff,0x74,0x02,0x00,0xd0,0x8e,0xce,0xc2,
0xff,0xf1,0x88,0xbf,0xd1,0x00,0x01,0xd5,0xff,0x62,0xa7,0x00,0x00,0x00,0x80,0x7f,
0x3d,0x00,0x13,0xd6,0xff,0x74,0xee,0x84,0x3b,0xaa,0xb8,0x3f,0x3b,0x47,0x6a,0x7f,
0x95,0x01,0x87,0xbf,0x37,0x00,0x1c,0xd7,0x37,0x71,0x02,0x00,0xb4,0x03,0x41,0xc9,
0xff,0x74,0x3c,0x38,0x5f,0x70,0xa5,0x32,0x93,0x01,0x87,0xbf,0x3b,0x6b,0x77,0x08,
0xb4,0x00,0x01,0xd5,0x80,0x6e,0xaa,0x00,0x23,0x02,0x87,0xbf,0xff,0x70,0x72,0x10,
0x3b,0xaa,0xb8,0x3f,0x2a,0x00,0x1e,0xd4,0xff,0x6c,0x02,0x00,0x18,0x72,0xb1,0x42,
0x3b,0x7b,0x76,0x06,0x2c,0x00,0x1b,0xd4,0xff,0x70,0x02,0x00,0xd0,0x8e,0xce,0xc2,
0x24,0x02,0x87,0xbf,0x3c,0x00,0x13,0xd6,0xff,0x70,0xe6,0x84,0x3b,0xaa,0xb8,0x3f,
0x39,0x47,0x7a,0x7e,0x3b,0x4b,0x76,0x7e,0xff,0xf1,0x88,0xbf,0xd3,0x00,0x01,0xd5,
0xff,0x68,0xab,0x00,0x00,0x00,0x80,0x7f,0x22,0x01,0x87,0xbf,0xff,0x70,0x0a,0xc8,
0x39,0x7b,0x38,0x3c,0x5f,0x70,0xa5,0x32,0x3d,0x11,0x6e,0x7e,0x39,0x79,0x72,0x06,
0xb5,0x11,0x78,0x7e,0x02,0x00,0x87,0xbf,0x39,0x4b,0x6c,0x7e,0x86,0x00,0x87,0xbf,
0x3b,0x00,0x1c,0xd7,0x3b,0x79,0x02,0x00,0xa1,0x02,0x87,0xbf,0xb5,0x00,0x01,0xd5,
0x80,0x76,0xae,0x00,0x2b,0x00,0x1e,0xd4,0xff,0x74,0x02,0x00,0x18,0x72,0xb1,0x42,
0x36,0x00,0x1c,0xd7,0x36,0x6f,0x02,0x00,0xb7,0x03,0x6f,0x08,0xff,0xf1,0x88,0xbf,
0xd4,0x00,0x01,0xd5,0xff,0x6a,0xaf,0x00,0x00,0x00,0x80,0x7f,0x93,0x01,0x87,0xbf,
0xb7,0x00,0x01,0xd5,0x80,0x6c,0xb2,0x00,0xff,0x6e,0xca,0xc8,0xbd,0x03,0x37,0x39,
0x3b,0xaa,0xb8,0x3f,0x2c,0x00,0x1e,0xd4,0xff,0x70,0x02,0x00,0x18,0x72,0xb1,0x42,
0x2d,0x00,0x1b,0xd4,0xff,0x6e,0x02,0x00,0xd0,0x8e,0xce,0xc2,0x03,0x00,0x87,0xbf,
0x3a,0x00,0x13,0xd6,0xff,0x6e,0xe6,0x84,0x3b,0xaa,0xb8,0x3f,0x39,0x47,0x76,0x7e,
0xff,0x6c,0x70,0x10,0x3b,0xaa,0xb8,0x3f,0x2e,0x00,0x1b,0xd4,0xff,0x6c,0x02,0x00,
0xd0,0x8e,0xce,0xc2,0xff,0xf1,0x88,0xbf,0xb4,0x00,0x01,0xd5,0xff,0x6e,0xb3,0x00,
0x00,0x00,0x80,0x7f,0xff,0x6e,0x74,0x56,0x5f,0x70,0xa5,0x32,0x39,0x77,0x72,0x08,
0x38,0x47,0x78,0x7e,0xa2,0x01,0x87,0xbf,0x39,0x75,0x72,0x06,0x3a,0x00,0x13,0xd6,
0xff,0x6c,0xe2,0x84,0x3b,0xaa,0xb8,0x3f,0x38,0x79,0x70,0x08,0x13,0x01,0x87,0xbf,
0x39,0x4b,0x72,0x7e,0xff,0x6c,0x74,0x56,0x5f,0x70,0xa5,0x32,0x01,0x00,0x87,0xbf,
0x38,0x75,0x70,0x06,0x3b,0x11,0x74,0x7e,0x85,0x00,0x87,0xbf,0x39,0x00,0x1c,0xd7,
0x39,0x75,0x02,0x00,0xba,0x03,0x75,0x08,0xb2,0x01,0x87,0xbf,0xba,0x00,0x01,0xd5,
0x80,0x72,0xb6,0x00,0x2d,0x00,0x1e,0xd4,0xff,0x6e,0x02,0x00,0x18,0x72,0xb1,0x42,
0x38,0x4b,0x6e,0x7e,0xff,0x74,0x76,0x10,0x3b,0xaa,0xb8,0x3f,0x3c,0x11,0x70,0x7e,
0x2f,0x00,0x1b,0xd4,0xff,0x74,0x02,0x00,0xd0,0x8e,0xce,0xc2,0xff,0xf1,0x88,0xbf,
0xb5,0x00,0x01,0xd5,0xff,0x74,0xb7,0x00,0x00,0x00,0x80,0x7f,0x3d,0x00,0x13,0xd6,
0xff,0x74,0xee,0x84,0x3b,0xaa,0xb8,0x3f,0x3b,0x47,0x7a,0x7f,0x95,0x01,0x87,0xbf,
0x37,0x00,0x1c,0xd7,0x37,0x71,0x02,0x00,0xbc,0x03,0x41,0xc9,0xff,0x74,0x3c,0x38,
0x5f,0x70,0xa5,0x32,0x93,0x01,0x87,0xbf,0x3b,0x7b,0x77,0x08,0xbc,0x00,0x01,0xd5,
0x80,0x6e,0xba,0x00,0x23,0x02,0x87,0xbf,0xff,0x70,0x72,0x10,0x3b,0xaa,0xb8,0x3f,
0x2e,0x00,0x1e,0xd4,0xff,0x6c,0x02,0x00,0x18,0x72,0xb1,0x42,0x3b,0x7b,0x76,0x06,
0x30,0x00,0x1b,0xd4,0xff,0x70,0x02,0x00,0xd0,0x8e,0xce,0xc2,0x24,0x02,0x87,0xbf,
0x3c,0x00,0x13,0xd6,0xff,0x70,0xe6,0x84,0x3b,0xaa,0xb8,0x3f,0x39,0x47,0x7a,0x7e,
0x3b,0x4b,0x76,0x7e,0xff,0xf1,0x88,0xbf,0xbc,0x00,0x01,0xd5,0xff,0x78,0xbb,0x00,
0x00,0x00,0x80,0x7f,0x22,0x01,0x87,0xbf,0xff,0x70,0x0a,0xc8,0x39,0x7b,0x38,0x3c,
0x5f,0x70,0xa5,0x32,0x3d,0x11,0x6e,0x7e,0x39,0x79,0x72,0x06,0xbd,0x11,0x78,0x7e,
0x02,0x00,0x87,0xbf,0x39,0x4b,0x6c,0x7e,0x86,0x00,0x87,0xbf,0x3b,0x00,0x1c,0xd7,
0x3b,0x79,0x02,0x00,0xa1,0x02,0x87,0xbf,0xbd,0x00,0x01,0xd5,0x80,0x76,0xbe,0x00,
0x2f,0x00,0x1e,0xd4,0xff,0x74,0x02,0x00,0x18,0x72,0xb1,0x42,0x36,0x00,0x1c,0xd7,
0x36,0x6f,0x02,0x00,0xbf,0x03,0x6f,0x08,0xff,0xf1,0x88,0xbf,0xbd,0x00,0x01,0xd5,
0xff,0x7a,0xbf,0x00,0x00,0x00,0x80,0x7f,0x93,0x01,0x87,0xbf,0xbf,0x00,0x01,0xd5,
0x80,0x6c,0xc2,0x00,0xff,0x6e,0xca,0xc8,0xc5,0x03,0x37,0x39,0x3b,0xaa,0xb8,0x3f,
0x30,0x00,0x1e,0xd4,0xff,0x70,0x02,0x00,0x18,0x72,0xb1,0x42,0x31,0x00,0x1b,0xd4,
0xff,0x6e,0x02,0x00,0xd0,0x8e,0xce,0xc2,0x03,0x00,0x87,0xbf,0x3a,0x00,0x13,0xd6,
0xff,0x6e,0xe6,0x84,0x3b,0xaa,0xb8,0x3f,0x39,0x47,0x76,0x7e,0xff,0x6c,0x70,0x10,
0x3b,0xaa,0xb8,0x3f,0x32,0x00,0x1b,0xd4,0xff,0x6c,0x02,0x00,0xd0,0x8e,0xce,0xc2,
0xff,0xf1,0x88,0xbf,0xcb,0x00,0x01,0xd5,0xff,0x7e,0xc3,0x00,0x00,0x00,0x80,0x7f,
0xff,0x6e,0x74,0x56,0x5f,0x70,0xa5,0x32,0x39,0x77,0x72,0x08,0x38,0x47,0x78,0x7e,
0xa2,0x01,0x87,0xbf,0x39,0x75,0x72,0x06,0x3a,0x00,0x13,0xd6,0xff,0x6c,0xe2,0x84,
0x3b,0xaa,0xb8,0x3f,0x38,0x79,0x70,0x08,0x13,0x01,0x87,0xbf,0x39,0x4b,0x72,0x7e,
0xff,0x6c,0x74,0x56,0x5f,0x70,0xa5,0x32,0x01,0x00,0x87,0xbf,0x38,0x75,0x70,0x06,
0x3b,0x11,0x74,0x7e,0x85,0x00,0x87,0xbf,0x39,0x00,0x1c,0xd7,0x39,0x75,0x02,0x00,
0xc2,0x03,0x75,0x08,0xb2,0x01,0x87,0xbf,0xc2,0x00,0x01,0xd5,0x80,0x72,0xc6,0x00,
0x31,0x00,0x1e,0xd4,0xff,0x6e,0x02,0x00,0x18,0x72,0xb1,0x42,0x38,0x4b,0x6e,0x7e,
0xff,0x74,0x76,0x10,0x3b,0xaa,0xb8,0x3f,0x3c,0x11,0x70,0x7e,0x33,0x00,0x1b,0xd4,
0xff,0x74,0x02,0x00,0xd0,0x8e,0xce,0xc2,0xff,0xf1,0x88,0xbf,0xca,0x00,0x01,0xd5,
0xff,0x84,0xc7,0x00,0x00,0x00,0x80,0x7f,0x3d,0x00,0x13,0xd6,0xff,0x74,0xee,0x84,
0x3b,0xaa,0xb8,0x3f,0x3b,0x47,0x8a,0x7f,0x95,0x01,0x87,0xbf,0x37,0x00,0x1c,0xd7,
0x37,0x71,0x02,0x00,0xc4,0x03,0x41,0xc9,0xff,0x74,0x3c,0x38,0x5f,0x70,0xa5,0x32,
0x93,0x01,0x87,0xbf,0x3b,0x8b,0x77,0x08,0xc4,0x00,0x01,0xd5,0x80,0x6e,0xca,0x00,
0x23,0x02,0x87,0xbf,0xff,0x70,0x72,0x10,0x3b,0xaa,0xb8,0x3f,0x32,0x00,0x1e,0xd4,
0xff,0x6c,0x02,0x00,0x18,0x72,0xb1,0x42,0x3b,0x7b,0x76,0x06,0x34,0x00,0x1b,0xd4,
0xff,0x70,0x02,0x00,0xd0,0x8e,0xce,0xc2,0x24,0x02,0x87,0xbf,0x3c,0x00,0x13,0xd6,
0xff,0x70,0xe6,0x84,0x3b,0xaa,0xb8,0x3f,0x39,0x47,0x7a,0x7e,0x3b,0x4b,0x76,0x7e,
0xff,0xf1,0x88,0xbf,0xc4,0x00,0x01,0xd5,0xff,0x88,0xcb,0x00,0x00,0x00,0x80,0x7f,
0x22,0x01,0x87,0xbf,0xff,0x70,0x0a,0xc8,0x39,0x7b,0x38,0x3c,0x5f,0x70,0xa5,0x32,
0x3d,0x11,0x6e,0x7e,0x39,0x79,0x72,0x06,0xc5,0x11,0x78,0x7e,0x02,0x00,0x87,0xbf,
0x39,0x4b,0x6c,0x7e,0x86,0x00,0x87,0xbf,0x3b,0x00,0x1c,0xd7,0x3b,0x79,0x02,0x00,
0xa1,0x02,0x87,0xbf,0xc5,0x00,0x01,0xd5,0x80,0x76,0xce,0x00,0x33,0x00,0x1e,0xd4,
0xff,0x74,0x02,0x00,0x18,0x72,0xb1,0x42,0x36,0x00,0x1c,0xd7,0x36,0x6f,0x02,0x00,
0xc7,0x03,0x6f,0x08,0xff,0xf1,0x88,0xbf,0xc5,0x00,0x01,0xd5,0xff,0x8a,0xcf,0x00,
0x00,0x00,0x80,0x7f,0x93,0x01,0x87,0xbf,0xc7,0x00,0x01,0xd5,0x80,0x6c,0xd2,0x00,
0xff,0x6e,0xca,0xc8,0xc9,0x03,0x37,0x39,0x3b,0xaa,0xb8,0x3f,0x34,0x00,0x1e,0xd4,
0xff,0x70,0x02,0x00,0x18,0x72,0xb1,0x42,0x35,0x00,0x1b,0xd4,0xff,0x6e,0x02,0x00,
0xd0,0x8e,0xce,0xc2,0x03,0x00,0x87,0xbf,0x3a,0x00,0x13,0xd6,0xff,0x6e,0xe6,0x84,
0x3b,0xaa,0xb8,0x3f,0x39,0x47,0x76,0x7e,0xff,0x6c,0x70,0x10,0x3b,0xaa,0xb8,0x3f,
0x36,0x00,0x1b,0xd4,0xff,0x6c,0x02,0x00,0xd0,0x8e,0xce,0xc2,0xff,0xf1,0x88,0xbf,
0xad,0x00,0x01,0xd5,0xff,0x8e,0xd3,0x00,0x00,0x00,0x80,0x7f,0xff,0x6e,0x74,0x56,
0x5f,0x70,0xa5,0x32,0x39,0x77,0x72,0x08,0x38,0x47,0x78,0x7e,0xa2,0x01,0x87,0xbf,
0x39,0x75,0x72,0x06,0x3a,0x00,0x13,0xd6,0xff,0x6c,0xe2,0x84,0x3b,0xaa,0xb8,0x3f,
0x38,0x79,0x70,0x08,0x13,0x01,0x87,0xbf,0x39,0x4b,0x72,0x7e,0xff,0x6c,0x74,0x56,
0x5f,0x70,0xa5,0x32,0x01,0x00,0x87,0xbf,0x38,0x75,0x70,0x06,0x3b,0x11,0x74,0x7e,
0x85,0x00,0x87,0xbf,0x39,0x00,0x1c,0xd7,0x39,0x75,0x02,0x00,0xc8,0x03,0x75,0x08,
0xb2,0x01,0x87,0xbf,0xc8,0x00,0x01,0xd5,0x80,0x72,0xd6,0x00,0x35,0x00,0x1e,0xd4,
0xff,0x6e,0x02,0x00,0x18,0x72,0xb1,0x42,0x38,0x4b,0x6e,0x7e,0xff,0x74,0x76,0x10,
0x3b,0xaa,0xb8,0x3f,0x3c,0x11,0x70,0x7e,0x37,0x00,0x1b,0xd4,0xff,0x74,0x02,0x00,
0xd0,0x8e,0xce,0xc2,0xff,0xf1,0x88,0xbf,0xb1,0x00,0x01,0xd5,0xff,0x90,0xd7,0x00,
0x00,0x00,0x80,0x7f,0x3d,0x00,0x13,0xd6,0xff,0x74,0xee,0x84,0x3b,0xaa,0xb8,0x3f,
0x3b,0x47,0x92,0x7f,0x95,0x01,0x87,0xbf,0x37,0x00,0x1c,0xd7,0x37,0x71,0x02,0x00,
0xc6,0x03,0x41,0xc9,0xff,0x74,0x3c,0x38,0x5f,0x70,0xa5,0x32,0x93,0x01,0x87,0xbf,
0x3b,0x93,0x77,0x08,0xc6,0x00,0x01,0xd5,0x80,0x6e,0xda,0x00,0x23,0x02,0x87,0xbf,
0xff,0x70,0x72,0x10,0x3b,0xaa,0xb8,0x3f,0x36,0x00,0x1e,0xd4,0xff,0x6c,0x02,0x00,
0x18,0x72,0xb1,0x42,0x3b,0x7b,0x76,0x06,0x38,0x00,0x1b,0xd4,0xff,0x70,0x02,0x00,
0xd0,0x8e,0xce,0xc2,0x24,0x02,0x87,0xbf,0x3c,0x00,0x13,0xd6,0xff,0x70,0xe6,0x84,
0x3b,0xaa,0xb8,0x3f,0x39,0x47,0x7a,0x7e,0x3b,0x4b,0x76,0x7e,0xff,0xf1,0x88,0xbf,
0xb7,0x00,0x01,0xd5,0xff,0x8c,0xdb,0x00,0x00,0x00,0x80,0x7f,0x22,0x01,0x87,0xbf,
0xff,0x70,0x0a,0xc8,0x39,0x7b,0x38,0x3c,0x5f,0x70,0xa5,0x32,0x3d,0x11,0x6e,0x7e,
0x39,0x79,0x72,0x06,0xc9,0x11,0x78,0x7e,0x02,0x00,0x87,0xbf,0x39,0x4b,0x6c,0x7e,
0x86,0x00,0x87,0xbf,0x3b,0x00,0x1c,0xd7,0x3b,0x79,0x02,0x00,0xa1,0x02,0x87,0xbf,
0xc9,0x00,0x01,0xd5,0x80,0x76,0xde,0x00,0x37,0x00,0x1e,0xd4,0xff,0x74,0x02,0x00,
0x18,0x72,0xb1,0x42,0x36,0x00,0x1c,0xd7,0x36,0x6f,0x02,0x00,0xc3,0x03,0x6f,0x08,
0xff,0xf1,0x88,0xbf,0xba,0x00,0x01,0xd5,0xff,0x92,0xdf,0x00,0x00,0x00,0x80,0x7f,
0x93,0x01,0x87,0xbf,0xc3,0x00,0x01,0xd5,0x80,0x6c,0xe2,0x00,0xff,0x6e,0xca,0xc8,
0xc1,0x03,0x37,0x39,0x3b,0xaa,0xb8,0x3f,0x38,0x00,0x1e,0xd4,0xff,0x70,0x02,0x00,
0x18,0x72,0xb1,0x42,0x39,0x00,0x1b,0xd4,0xff,0x6e,0x02,0x00,0xd0,0x8e,0xce,0xc2,
0x03,0x00,0x87,0xbf,0x3a,0x00,0x13,0xd6,0xff,0x6e,0xe6,0x84,0x3b,0xaa,0xb8,0x3f,
0x39,0x47,0x76,0x7e,0xff,0x6c,0x70,0x10,0x3b,0xaa,0xb8,0x3f,0x3a,0x00,0x1b,0xd4,
0xff,0x6c,0x02,0x00,0xd0,0x8e,0xce,0xc2,0xff,0xf1,0x88,0xbf,0xc2,0x00,0x01,0xd5,
0xff,0x86,0xe3,0x00,0x00,0x00,0x80,0x7f,0xff,0x6e,0x74,0x56,0x5f,0x70,0xa5,0x32,
0x39,0x77,0x72,0x08,0x38,0x47,0x78,0x7e,0xa2,0x01,0x87,0xbf,0x39,0x75,0x72,0x06,
0x3a,0x00,0x13,0xd6,0xff,0x6c,0xe2,0x84,0x3b,0xaa,0xb8,0x3f,0x38,0x79,0x70,0x08,
0x13,0x01,0x87,0xbf,0x39,0x4b,0x72,0x7e,0xff,0x6c,0x74,0x56,0x5f,0x70,0xa5,0x32,
0x01,0x00,0x87,0xbf,0x38,0x75,0x70,0x06,0x3b,0x11,0x74,0x7e,0x85,0x00,0x87,0xbf,
0x39,0x00,0x1c,0xd7,0x39,0x75,0x02,0x00,0xc0,0x03,0x75,0x08,0xb2,0x01,0x87,0xbf,
0xc0,0x00,0x01,0xd5,0x80,0x72,0xe6,0x00,0x39,0x00,0x1e,0xd4,0xff,0x6e,0x02,0x00,
0x18,0x72,0xb1,0x42,0x38,0x4b,0x6e,0x7e,0xff,0x74,0x76,0x10,0x3b,0xaa,0xb8,0x3f,
0x3c,0x11,0x70,0x7e,0x3b,0x00,0x1b,0xd4,0xff,0x74,0x02,0x00,0xd0,0x8e,0xce,0xc2,
0xff,0xf1,0x88,0xbf,0xbf,0x00,0x01,0xd5,0xff,0x80,0xe7,0x00,0x00,0x00,0x80,0x7f,
0x3d,0x00,0x13,0xd6,0xff,0x74,0xee,0x84,0x3b,0xaa,0xb8,0x3f,0x3b,0x47,0x82,0x7f,
0x95,0x01,0x87,0xbf,0x37,0x00,0x1c,0xd7,0x37,0x71,0x02,0x00,0xbe,0x03,0x41,0xc9,
0xff,0x74,0x3c,0x38,0x5f,0x70,0xa5,0x32,0x93,0x01,0x87,0xbf,0x3b,0x83,0x77,0x08,
0xbe,0x00,0x01,0xd5,0x80,0x6e,0xea,0x00,0x23,0x02,0x87,0xbf,0xff,0x70,0x72,0x10,
0x3b,0xaa,0xb8,0x3f,0x3a,0x00,0x1e,0xd4,0xff,0x6c,0x02,0x00,0x18,0x72,0xb1,0x42,
0x3b,0x7b,0x76,0x06,0x3c,0x00,0x1b,0xd4,0xff,0x70,0x02,0x00,0xd0,0x8e,0xce,0xc2,
0x24,0x02,0x87,0xbf,0x3c,0x00,0x13,0xd6,0xff,0x70,0xe6,0x84,0x3b,0xaa,0xb8,0x3f,
0x39,0x47,0x7a,0x7e,0x3b,0x4b,0x76,0x7e,0xff,0xf1,0x88,0xbf,0xbe,0x00,0x01,0xd5,
0xff,0x7c,0xeb,0x00,0x00,0x00,0x80,0x7f,0x22,0x01,0x87,0xbf,0xff,0x70,0x0a,0xc8,
0x39,0x7b,0x38,0x3c,0x5f,0x70,0xa5,0x32,0x3d,0x11,0x6e,0x7e,0x39,0x79,0x72,0x06,
0xc1,0x11,0x78,0x7e,0x02,0x00,0x87,0xbf,0x39,0x4b,0x6c,0x7e,0x86,0x00,0x87,0xbf,
0x3b,0x00,0x1c,0xd7,0x3b,0x79,0x02,0x00,0xa1,0x02,0x87,0xbf,0xc1,0x00,0x01,0xd5,
0x80,0x76,0xee,0x00,0x3b,0x00,0x1e,0xd4,0xff,0x74,0x02,0x00,0x18,0x72,0xb1,0x42,
0x36,0x00,0x1c,0xd7,0x36,0x6f,0x02,0x00,0xbb,0x03,0x6f,0x08,0xff,0xf1,0x88,0xbf,
0xc0,0x00,0x01,0xd5,0xff,0x82,0xef,0x00,0x00,0x00,0x80,0x7f,0x93,0x01,0x87,0xbf,
0xbb,0x00,0x01,0xd5,0x80,0x6c,0xf2,0x00,0xff,0x6e,0xca,0xc8,0xb9,0x03,0x37,0x39,
0x3b,0xaa,0xb8,0x3f,0x3c,0x00,0x1e,0xd4,0xff,0x70,0x02,0x00,0x18,0x72,0xb1,0x42,
0x3d,0x00,0x1b,0xd4,0xff,0x6e,0x02,0x00,0xd0,0x8e,0xce,0xc2,0x03,0x00,0x87,0xbf,
0x3a,0x00,0x13,0xd6,0xff,0x6e,0xe6,0x84,0x3b,0xaa,0xb8,0x3f,0x39,0x47,0x76,0x7e,
0xff,0x6c,0x70,0x10,0x3b,0xaa,0xb8,0x3f,0x3e,0x00,0x1b,0xd4,0xff,0x6c,0x02,0x00,
0xd0,0x8e,0xce,0xc2,0xff,0xf1,0x88,0xbf,0xa3,0x00,0x01,0xd5,0xff,0x76,0xf3,0x00,
0x00,0x00,0x80,0x7f,0xff,0x6e,0x74,0x56,0x5f,0x70,0xa5,0x32,0x39,0x77,0x72,0x08,
0x38,0x47,0x78,0x7e,0xa2,0x01,0x87,0xbf,0x39,0x75,0x72,0x06,0x3a,0x00,0x13,0xd6,
0xff,0x6c,0xe2,0x84,0x3b,0xaa,0xb8,0x3f,0x38,0x79,0x70,0x08,0x13,0x01,0x87,0xbf,
0x39,0x4b,0x72,0x7e,0xff,0x6c,0x74,0x56,0x5f,0x70,0xa5,0x32,0x01,0x00,0x87,0xbf,
0x38,0x75,0x70,0x06,0x3b,0x11,0x74,0x7e,0x85,0x00,0x87,0xbf,0x39,0x00,0x1c,0xd7,
0x39,0x75,0x02,0x00,0xb8,0x03,0x75,0x08,0xb2,0x01,0x87,0xbf,0xb8,0x00,0x01,0xd5,
0x80,0x72,0xf6,0x00,0x3d,0x00,0x1e,0xd4,0xff,0x6e,0x02,0x00,0x18,0x72,0xb1,0x42,
0x38,0x4b,0x6e,0x7e,0xff,0x74,0x76,0x10,0x3b,0xaa,0xb8,0x3f,0x3c,0x11,0x70,0x7e,
0x3f,0x00,0x1b,0xd4,0xff,0x74,0x02,0x00,0xd0,0x8e,0xce,0xc2,0xff,0xf1,0x88,0xbf,
0xa4,0x00,0x01,0xd5,0xff,0x70,0xf7,0x00,0x00,0x00,0x80,0x7f,0x3d,0x00,0x13,0xd6,
0xff,0x74,0xee,0x84,0x3b,0xaa,0xb8,0x3f,0x3b,0x47,0x72,0x7f,0x95,0x01,0x87,0xbf,
0x37,0x00,0x1c,0xd7,0x37,0x71,0x02,0x00,0xb6,0x03,0x41,0xc9,0xff,0x74,0x3c,0x38,
0x5f,0x70,0xa5,0x32,0x93,0x01,0x87,0xbf,0x3b,0x73,0x77,0x08,0xb6,0x00,0x01,0xd5,
0x80,0x6e,0xfa,0x00,0x23,0x02,0x87,0xbf,0xff,0x70,0x72,0x10,0x3b,0xaa,0xb8,0x3f,
0x3e,0x00,0x1e,0xd4,0xff,0x6c,0x02,0x00,0x18,0x72,0xb1,0x42,0x3b,0x7b,0x76,0x06,
0x40,0x00,0x1b,0xd4,0xff,0x70,0x02,0x00,0xd0,0x8e,0xce,0xc2,0x24,0x02,0x87,0xbf,
0x3c,0x00,0x13,0xd6,0xff,0x70,0xe6,0x84,0x3b,0xaa,0xb8,0x3f,0x39,0x47,0x7a,0x7e,
0x3b,0x4b,0x76,0x7e,0xff,0xf1,0x88,0xbf,0xa6,0x00,0x01,0xd5,0xff,0x6c,0xfb,0x00,
0x00,0x00,0x80,0x7f,0x22,0x01,0x87,0xbf,0xff,0x70,0x0a,0xc8,0x39,0x7b,0x38,0x3c,
0x5f,0x70,0xa5,0x32,0x3d,0x11,0x6e,0x7e,0x39,0x79,0x72,0x06,0xb9,0x11,0x78,0x7e,
0x02,0x00,0x87,0xbf,0x39,0x4b,0x6c,0x7e,0x86,0x00,0x87,0xbf,0x3b,0x00,0x1c,0xd7,
0x3b,0x79,0x02,0x00,0xa1,0x02,0x87,0xbf,0xb9,0x00,0x01,0xd5,0x80,0x76,0xfe,0x00,
0x3f,0x00,0x1e,0xd4,0xff,0x74,0x02,0x00,0x18,0x72,0xb1,0x42,0x36,0x00,0x1c,0xd7,
0x36,0x6f,0x02,0x00,0xb3,0x03,0x6f,0x08,0xff,0xf1,0x88,0xbf,0xa9,0x00,0x01,0xd5,
0xff,0x72,0xff,0x00,0x00,0x00,0x80,0x7f,0x93,0x01,0x87,0xbf,0xb3,0x00,0x01,0xd5,
0x80,0x6c,0x02,0x01,0xff,0x6e,0xca,0xc8,0xb2,0x03,0x37,0x39,0x3b,0xaa,0xb8,0x3f,
0x40,0x00,0x1e,0xd4,0xff,0x70,0x02,0x00,0x18,0x72,0xb1,0x42,0x41,0x00,0x1b,0xd4,
0xff,0x6e,0x02,0x00,0xd0,0x8e,0xce,0xc2,0x03,0x00,0x87,0xbf,0x3a,0x00,0x13,0xd6,
0xff,0x6e,0xe6,0x84,0x3b,0xaa,0xb8,0x3f,0x39,0x47,0x76,0x7e,0xff,0x6c,0x70,0x10,
0x3b,0xaa,0xb8,0x3f,0x42,0x00,0x1b,0xd4,0xff,0x6c,0x02,0x00,0xd0,0x8e,0xce,0xc2,
0xff,0xf1,0x88,0xbf,0xae,0x00,0x01,0xd5,0xff,0x66,0x03,0x01,0x00,0x00,0x80,0x7f,
0xff,0x6e,0x74,0x56,0x5f,0x70,0xa5,0x32,0x39,0x77,0x72,0x08,0x38,0x47,0x78,0x7e,
0xa2,0x01,0x87,0xbf,0x39,0x75,0x72,0x06,0x3a,0x00,0x13,0xd6,0xff,0x6c,0xe2,0x84,
0x3b,0xaa,0xb8,0x3f,0x38,0x79,0x70,0x08,0x13,0x01,0x87,0xbf,0x39,0x4b,0x72,0x7e,
0xff,0x6c,0x74,0x56,0x5f,0x70,0xa5,0x32,0x01,0x00,0x87,0xbf,0x38,0x75,0x70,0x06,
0x3b,0x11,0x74,0x7e,0x85,0x00,0x87,0xbf,0x39,0x00,0x1c,0xd7,0x39,0x75,0x02,0x00,
0xb0,0x03,0x75,0x08,0xb2,0x01,0x87,0xbf,0xb0,0x00,0x01,0xd5,0x80,0x72,0x06,0x01,
0x41,0x00,0x1e,0xd4,0xff,0x6e,0x02,0x00,0x18,0x72,0xb1,0x42,0x38,0x4b,0x6e,0x7e,
0xff,0x74,0x76,0x10,0x3b,0xaa,0xb8,0x3f,0x3c,0x11,0x70,0x7e,0x43,0x00,0x1b,0xd4,
0xff,0x74,0x02,0x00,0xd0,0x8e,0xce,0xc2,0xff,0xf1,0x88,0xbf,0xac,0x00,0x01,0xd5,
0xff,0x60,0x07,0x01,0x00,0x00,0x80,0x7f,0x3d,0x00,0x13,0xd6,0xff,0x74,0xee,0x84,
0x3b,0xaa,0xb8,0x3f,0x3b,0x47,0x64,0x7f,0x95,0x01,0x87,0xbf,0x37,0x00,0x1c,0xd7,
0x37,0x71,0x02,0x00,0xaf,0x03,0x41,0xc9,0xff,0x74,0x3c,0x38,0x5f,0x70,0xa5,0x32,
0x93,0x01,0x87,0xbf,0x3b,0x65,0x77,0x08,0xaf,0x00,0x01,0xd5,0x80,0x6e,0x0a,0x01,
0x23,0x02,0x87,0xbf,0xff,0x70,0x72,0x10,0x3b,0xaa,0xb8,0x3f,0x42,0x00,0x1e,0xd4,
0xff,0x6c,0x02,0x00,0x18,0x72,0xb1,0x42,0x3b,0x7b,0x76,0x06,0x44,0x00,0x1b,0xd4,
0xff,0x70,0x02,0x00,0xd0,0x8e,0xce,0xc2,0x24,0x02,0x87,0xbf,0x3c,0x00,0x13,0xd6,
0xff,0x70,0xe6,0x84,0x3b,0xaa,0xb8,0x3f,0x39,0x47,0x7a,0x7e,0x3b,0x4b,0x76,0x7e,
0xff,0xf1,0x88,0xbf,0xaf,0x00,0x01,0xd5,0xff,0x5e,0x0b,0x01,0x00,0x00,0x80,0x7f,
0x22,0x01,0x87,0xbf,0xff,0x70,0x0a,0xc8,0x39,0x7b,0x38,0x3c,0x5f,0x70,0xa5,0x32,
0x3d,0x11,0x6e,0x7e,0x39,0x79,0x72,0x06,0xb2,0x11,0x78,0x7e,0x02,0x00,0x87,0xbf,
0x39,0x4b,0x6c,0x7e,0x86,0x00,0x87,0xbf,0x3b,0x00,0x1c,0xd7,0x3b,0x79,0x02,0x00,
0xa1,0x02,0x87,0xbf,0xb2,0x00,0x01,0xd5,0x80,0x76,0x0e,0x01,0x43,0x00,0x1e,0xd4,
0xff,0x74,0x02,0x00,0x18,0x72,0xb1,0x42,0x36,0x00,0x1c,0xd7,0x36,0x6f,0x02,0x00,
0xab,0x03,0x6f,0x08,0xff,0xf1,0x88,0xbf,0xb0,0x00,0x01,0xd5,0xff,0x64,0x0f,0x01,
0x00,0x00,0x80,0x7f,0x22,0x01,0x87,0xbf,0xff,0x6e,0x72,0x10,0x3b,0xaa,0xb8,0x3f,
0x45,0x00,0x1b,0xd4,0xff,0x6e,0x02,0x00,0xd0,0x8e,0xce,0xc2,0x3a,0x00,0x13,0xd6,
0xff,0x6e,0xe6,0x84,0x3b,0xaa,0xb8,0x3f,0x39,0x47,0x76,0x7e,0x12,0x01,0x87,0xbf,
0xff,0x6e,0x74,0x56,0x5f,0x70,0xa5,0x32,0x39,0x77,0x72,0x08,0x41,0x02,0x87,0xbf,
0x39,0x75,0x0a,0xc9,0xaa,0x03,0x3b,0x39,0xaa,0x00,0x01,0xd5,0x80,0x6c,0x12,0x01,
0x44,0x00,0x1e,0xd4,0xff,0x70,0x02,0x00,0x18,0x72,0xb1,0x42,0x3b,0x11,0x70,0x7e,
0x39,0x4b,0x6c,0x7e,0xff,0x74,0x78,0x10,0x3b,0xaa,0xb8,0x3f,0x46,0x00,0x1b,0xd4,
0xff,0x74,0x02,0x00,0xd0,0x8e,0xce,0xc2,0xff,0xf1,0x88,0xbf,0x9b,0x00,0x01,0xd5,
0xff,0x54,0x13,0x01,0x00,0x00,0x80,0x7f,0x3d,0x00,0x13,0xd6,0xff,0x74,0xf2,0x84,
0x3b,0xaa,0xb8,0x3f,0x3c,0x47,0x56,0x7f,0x15,0x01,0x87,0xbf,0x36,0x00,0x1c,0xd7,
0x36,0x71,0x02,0x00,0xff,0x74,0x0a,0xc8,0x3c,0x57,0x3d,0x3d,0x5f,0x70,0xa5,0x32,
0xa8,0x03,0x71,0x08,0xa3,0x01,0x87,0xbf,0xa8,0x00,0x01,0xd5,0x80,0x6c,0x16,0x01,
0x45,0x00,0x1e,0xd4,0xff,0x6e,0x02,0x00,0x18,0x72,0xb1,0x42,0x3c,0x7b,0x06,0xc9,
0xff,0x70,0x38,0x3c,0x3b,0xaa,0xb8,0x3f,0xab,0x11,0x6e,0x7e,0x47,0x00,0x1b,0xd4,
0xff,0x70,0x02,0x00,0xd0,0x8e,0xce,0xc2,0xff,0xf1,0x88,0xbf,0x9c,0x00,0x01,0xd5,
0xff,0x50,0x17,0x01,0x00,0x00,0x80,0x7f,0x3c,0x4b,0x6c,0x7e,0x3b,0x00,0x13,0xd6,
0xff,0x70,0xe6,0x84,0x3b,0xaa,0xb8,0x3f,0x39,0x47,0x7a,0x7e,0x12,0x01,0x87,0xbf,
0xff,0x70,0x76,0x56,0x5f,0x70,0xa5,0x32,0x39,0x7b,0x72,0x08,0xa5,0x01,0x87,0xbf,
0x36,0x00,0x1c,0xd7,0x36,0x6f,0x02,0x00,0xa7,0x03,0x6f,0x08,0x39,0x77,0x72,0x06,
0x93,0x01,0x87,0xbf,0xa7,0x00,0x01,0xd5,0x80,0x6c,0x1a,0x01,0xff,0x6e,0x76,0x10,
0x3b,0xaa,0xb8,0x3f,0x46,0x00,0x1e,0xd4,0xff,0x74,0x02,0x00,0x18,0x72,0xb1,0x42,
0xa4,0x01,0x87,0xbf,0x39,0x4b,0x72,0x7e,0x48,0x00,0x1b,0xd4,0xff,0x6e,0x02,0x00,
0xd0,0x8e,0xce,0xc2,0x3c,0x00,0x13,0xd6,0xff,0x6e,0xee,0x84,0x3b,0xaa,0xb8,0x3f,
0x3b,0x47,0x56,0x7f,0xff,0xf1,0x88,0xbf,0x9d,0x00,0x01,0xd5,0xff,0x4e,0x1b,0x01,
0x00,0x00,0x80,0x7f,0x93,0x01,0x87,0xbf,0xff,0x6e,0x78,0x56,0x5f,0x70,0xa5,0x32,
0x3b,0x57,0x77,0x08,0xab,0x11,0x74,0x7e,0x22,0x01,0x87,0xbf,0x3b,0x79,0x76,0x06,
0x3d,0x11,0x78,0x7e,0x3b,0x4b,0x6c,0x7e,0x91,0x02,0x87,0xbf,0x39,0x00,0x1c,0xd7,
0x39,0x79,0x02,0x00,0x36,0x00,0x1c,0xd7,0x36,0x75,0x02,0x00,0xa5,0x03,0x75,0x08,
0x23,0x02,0x87,0xbf,0xa5,0x00,0x01,0xd5,0x80,0x72,0x1e,0x01,0x47,0x00,0x1e,0xd4,
0xff,0x70,0x02,0x00,0x18,0x72,0xb1,0x42,0xab,0x00,0x01,0xd5,0x80,0x6c,0x22,0x01,
0x04,0x00,0x87,0xbf,0xff,0x74,0x76,0x10,0x3b,0xaa,0xb8,0x3f,0x48,0x00,0x1e,0xd4,
0xff,0x6e,0x02,0x00,0x18,0x72,0xb1,0x42,0x49,0x00,0x1b,0xd4,0xff,0x74,0x02,0x00,
0xd0,0x8e,0xce,0xc2,0xff,0xf1,0x88,0xbf,0x9e,0x00,0x01,0xd5,0xff,0x4a,0x1f,0x01,
0x00,0x00,0x80,0x7f,0x3c,0x00,0x13,0xd6,0xff,0x74,0xee,0x84,0x3b,0xaa,0xb8,0x3f,
0x3b,0x47,0x7a,0x7e,0xa0,0x00,0x01,0xd5,0xff,0x56,0x23,0x01,0x00,0x00,0x80,0x7f,
0x22,0x01,0x87,0xbf,0xff,0x74,0x0a,0xc8,0x3b,0x7b,0x3a,0x3c,0x5f,0x70,0xa5,0x32,
0x3d,0x11,0x6e,0x7e,0x3b,0x79,0x76,0x06,0x91,0x02,0x87,0xbf,0x3b,0x4b,0x6c,0x7e,
0x36,0x00,0x1c,0xd7,0x36,0x6f,0x02,0x00,0x9a,0x03,0x6f,0x08,0x12,0x01,0x87,0xbf,
0x9a,0x00,0x01,0xd5,0x80,0x6c,0x26,0x01,0xff,0x6e,0x70,0x10,0x3b,0xaa,0xb8,0x3f,
0x99,0x03,0x6d,0x08,0x49,0x00,0x1e,0xd4,0xff,0x74,0x02,0x00,0x18,0x72,0xb1,0x42,
0x4a,0x00,0x1b,0xd4,0xff,0x6e,0x02,0x00,0xd0,0x8e,0xce,0xc2,0x04,0x00,0x87,0xbf,
0x39,0x00,0x13,0xd6,0xff,0x6e,0xe2,0x84,0x3b,0xaa,0xb8,0x3f,0x38,0x47,0x76,0x7e,
0x4b,0x00,0x1b,0xd4,0xff,0x6c,0x02,0x00,0xd0,0x8e,0xce,0xc2,0xff,0xf1,0x88,0xbf,
0x9f,0x00,0x01,0xd5,0xff,0x34,0x27,0x01,0x00,0x00,0x80,0x7f,0xff,0x6e,0x72,0x56,
0x5f,0x70,0xa5,0x32,0x38,0x77,0x70,0x08,0x91,0x00,0x87,0xbf,0x38,0x73,0x06,0xc9,
0xff,0x6c,0x38,0x38,0x3b,0xaa,0xb8,0x3f,0x38,0x4b,0x70,0x7e,0xa1,0x00,0x87,0xbf,
0x3a,0x00,0x13,0xd6,0xff,0x6c,0xe6,0x84,0x3b,0xaa,0xb8,0x3f,0x39,0x47,0x78,0x7e,
0xff,0x6c,0x0a,0xc8,0x39,0x79,0x38,0x3a,0x5f,0x70,0xa5,0x32,0x01,0x00,0x87,0xbf,
0x39,0x75,0x72,0x06,0x3b,0x11,0x74,0x7e,0x85,0x00,0x87,0xbf,0x38,0x00,0x1c,0xd7,
0x38,0x75,0x02,0x00,0x97,0x03,0x75,0x08,0x12,0x01,0x87,0xbf,0x97,0x00,0x01,0xd5,
0x80,0x70,0x2a,0x01,0xff,0x74,0x76,0x10,0x3b,0xaa,0xb8,0x3f,0x4a,0x00,0x1e,0xd4,
0xff,0x6e,0x02,0x00,0x18,0x72,0xb1,0x42,0x39,0x4b,0x6e,0x7e,0x3c,0x11,0x70,0x7e,
0x4c,0x00,0x1b,0xd4,0xff,0x74,0x02,0x00,0xd0,0x8e,0xce,0xc2,0x3d,0x00,0x13,0xd6,
0xff,0x74,0xee,0x84,0x3b,0xaa,0xb8,0x3f,0x3b,0x47,0x32,0x7f,0xff,0xf1,0x88,0xbf,
0xa1,0x00,0x01,0xd5,0xff,0x2e,0x2b,0x01,0x00,0x00,0x80,0x7f,0x93,0x01,0x87,0xbf,
0xff,0x74,0x7a,0x56,0x5f,0x70,0xa5,0x32,0x3b,0x33,0x77,0x08,0xa5,0x01,0x87,0xbf,
0x37,0x00,0x1c,0xd7,0x37,0x71,0x02,0x00,0x99,0x11,0x72,0x7e,0x3b,0x7b,0x76,0x06,
0x91,0x02,0x87,0xbf,0x3b,0x4b,0x70,0x7e,0x38,0x00,0x1c,0xd7,0x38,0x73,0x02,0x00,
0x95,0x03,0x73,0x08,0x95,0x00,0x01,0xd5,0x80,0x6e,0x2e,0x01,0x4b,0x00,0x1e,0xd4,
0xff,0x6c,0x02,0x00,0x18,0x72,0xb1,0x42,0x14,0x02,0x87,0xbf,0x99,0x00,0x01,0xd5,
0x80,0x70,0x32,0x01,0xff,0x72,0x76,0x10,0x3b,0xaa,0xb8,0x3f,0x4d,0x00,0x1b,0xd4,
0xff,0x72,0x02,0x00,0xd0,0x8e,0xce,0xc2,0x4c,0x00,0x1e,0xd4,0xff,0x74,0x02,0x00,
0x18,0x72,0xb1,0x42,0xff,0xf1,0x88,0xbf,0xa2,0x00,0x01,0xd5,0xff,0x2a,0x2f,0x01,
0x00,0x00,0x80,0x7f,0x3c,0x00,0x13,0xd6,0xff,0x72,0xee,0x84,0x3b,0xaa,0xb8,0x3f,
0x3b,0x47,0x7a,0x7e,0x8d,0x00,0x01,0xd5,0xff,0x32,0x33,0x01,0x00,0x00,0x80,0x7f,
0x93,0x01,0x87,0xbf,0xff,0x72,0x78,0x56,0x5f,0x70,0xa5,0x32,0x3b,0x7b,0x76,0x08,
0x3d,0x11,0x6e,0x7e,0x92,0x00,0x87,0xbf,0x3b,0x79,0x76,0x06,0x3b,0x4b,0x6c,0x7e,
0x25,0x01,0x87,0xbf,0x36,0x00,0x1c,0xd7,0x36,0x6f,0x02,0x00,0x93,0x03,0x6f,0x08,
0x93,0x00,0x01,0xd5,0x80,0x6c,0x36,0x01,0x42,0x02,0x87,0xbf,0xff,0x6e,0x70,0x10,
0x3b,0xaa,0xb8,0x3f,0x91,0x03,0x6d,0x08,0x4d,0x00,0x1e,0xd4,0xff,0x72,0x02,0x00,
0x18,0x72,0xb1,0x42,0x4e,0x00,0x1b,0xd4,0xff,0x6e,0x02,0x00,0xd0,0x8e,0xce,0xc2,
0x3a,0x00,0x13,0xd6,0xff,0x6e,0xe2,0x84,0x3b,0xaa,0xb8,0x3f,0x38,0x47,0x76,0x7e,
0xff,0x6c,0x72,0x10,0x3b,0xaa,0xb8,0x3f,0x4f,0x00,0x1b,0xd4,0xff,0x6c,0x02,0x00,
0xd0,0x8e,0xce,0xc2,0xff,0xf1,0x88,0xbf,0x8f,0x00,0x01,0xd5,0xff,0x26,0x37,0x01,
0x00,0x00,0x80,0x7f,0xff,0x6e,0x74,0x56,0x5f,0x70,0xa5,0x32,0x38,0x77,0x70,0x08,
0x39,0x47,0x78,0x7e,0xa2,0x01,0x87,0xbf,0x38,0x75,0x70,0x06,0x3a,0x00,0x13,0xd6,
0xff,0x6c,0xe6,0x84,0x3b,0xaa,0xb8,0x3f,0x39,0x79,0x72,0x08,0x13,0x01,0x87,0xbf,
0x38,0x4b,0x70,0x7e,0xff,0x6c,0x74,0x56,0x5f,0x70,0xa5,0x32,0x01,0x00,0x87,0xbf,
0x39,0x75,0x72,0x06,0x3b,0x11,0x74,0x7e,0x85,0x00,0x87,0xbf,0x38,0x00,0x1c,0xd7,
0x38,0x75,0x02,0x00,0x90,0x03,0x75,0x08,0x12,0x01,0x87,0xbf,0x90,0x00,0x01,0xd5,
0x80,0x70,0x3a,0x01,0xff,0x74,0x76,0x10,0x3b,0xaa,0xb8,0x3f,0x4e,0x00,0x1e,0xd4,
0xff,0x6e,0x02,0x00,0x18,0x72,0xb1,0x42,0x39,0x4b,0x6e,0x7e,0x3c,0x11,0x70,0x7e,
0x50,0x00,0x1b,0xd4,0xff,0x74,0x02,0x00,0xd0,0x8e,0xce,0xc2,0x3d,0x00,0x13,0xd6,
0xff,0x74,0xee,0x84,0x3b,0xaa,0xb8,0x3f,0x3b,0x47,0x22,0x7f,0xff,0xf1,0x88,0xbf,
0x90,0x00,0x01,0xd5,0xff,0x20,0x3b,0x01,0x00,0x00,0x80,0x7f,0x93,0x01,0x87,0xbf,
0xff,0x74,0x7a,0x56,0x5f,0x70,0xa5,0x32,0x3b,0x23,0x77,0x08,0xa5,0x01,0x87,0xbf,
0x37,0x00,0x1c,0xd7,0x37,0x71,0x02,0x00,0x91,0x11,0x72,0x7e,0x3b,0x7b,0x76,0x06,
0x91,0x02,0x87,0xbf,0x3b,0x4b,0x70,0x7e,0x38,0x00,0x1c,0xd7,0x38,0x73,0x02,0x00,
0x8e,0x03,0x73,0x08,0x8e,0x00,0x01,0xd5,0x80,0x6e,0x3e,0x01,0x4f,0x00,0x1e,0xd4,
0xff,0x6c,0x02,0x00,0x18,0x72,0xb1,0x42,0x14,0x02,0x87,0xbf,0xcc,0x00,0x01,0xd5,
0x80,0x70,0x42,0x01,0xff,0x72,0x76,0x10,0x3b,0xaa,0xb8,0x3f,0x51,0x00,0x1b,0xd4,
0xff,0x72,0x02,0x00,0xd0,0x8e,0xce,0xc2,0x50,0x00,0x1e,0xd4,0xff,0x74,0x02,0x00,
0x18,0x72,0xb1,0x42,0xc3,0x01,0x87,0xbf,0x3c,0x00,0x13,0xd6,0xff,0x72,0xee,0x84,
0x3b,0xaa,0xb8,0x3f,0x3b,0x47,0x7a,0x7e,0xff,0xf1,0x88,0xbf,0x97,0x00,0x01,0xd5,
0xff,0x98,0x43,0x01,0x00,0x00,0x80,0x7f,0xff,0x72,0x78,0x56,0x5f,0x70,0xa5,0x32,
0x23,0x01,0x87,0xbf,0x3b,0x7b,0x76,0x08,0x3d,0x11,0x6e,0x7e,0x3b,0x79,0x76,0x06,
0x91,0x02,0x87,0xbf,0x3b,0x4b,0x6c,0x7e,0x36,0x00,0x1c,0xd7,0x36,0x6f,0x02,0x00,
0x8c,0x03,0x6f,0x08,0x12,0x01,0x87,0xbf,0x8c,0x00,0x01,0xd5,0x80,0x6c,0x46,0x01,
0xff,0x6e,0x70,0x10,0x3b,0xaa,0xb8,0x3f,0x8b,0x03,0x6d,0x08,0x51,0x00,0x1e,0xd4,
0xff,0x72,0x02,0x00,0x18,0x72,0xb1,0x42,0x52,0x00,0x1b,0xd4,0xff,0x6e,0x02,0x00,
0xd0,0x8e,0xce,0xc2,0x04,0x00,0x87,0xbf,0x3a,0x00,0x13,0xd6,0xff,0x6e,0xe2,0x84,
0x3b,0xaa,0xb8,0x3f,0x38,0x47,0x76,0x7e,0xff,0x6c,0x72,0x10,0x3b,0xaa,0xb8,0x3f,
0x53,0x00,0x1b,0xd4,0xff,0x6c,0x02,0x00,0xd0,0x8e,0xce,0xc2,0xff,0xf1,0x88,0xbf,
0x96,0x00,0x01,0xd5,0xff,0x18,0x47,0x01,0x00,0x00,0x80,0x7f,0xff,0x6e,0x74,0x56,
0x5f,0x70,0xa5,0x32,0x38,0x77,0x70,0x08,0x39,0x47,0x78,0x7e,0xa2,0x01,0x87,0xbf,
0x38,0x75,0x70,0x06,0x3a,0x00,0x13,0xd6,0xff,0x6c,0xe6,0x84,0x3b,0xaa,0xb8,0x3f,
0x39,0x79,0x72,0x08,0x13,0x01,0x87,0xbf,0x38,0x4b,0x70,0x7e,0xff,0x6c,0x74,0x56,
0x5f,0x70,0xa5,0x32,0x01,0x00,0x87,0xbf,0x39,0x75,0x72,0x06,0x3b,0x11,0x74,0x7e,
0x85,0x00,0x87,0xbf,0x38,0x00,0x1c,0xd7,0x38,0x75,0x02,0x00,0x89,0x03,0x75,0x08,
0x12,0x01,0x87,0xbf,0x89,0x00,0x01,0xd5,0x80,0x70,0x4a,0x01,0xff,0x74,0x76,0x10,
0x3b,0xaa,0xb8,0x3f,0x52,0x00,0x1e,0xd4,0xff,0x6e,0x02,0x00,0x18,0x72,0xb1,0x42,
0x39,0x4b,0x6e,0x7e,0x3c,0x11,0x70,0x7e,0x54,0x00,0x1b,0xd4,0xff,0x74,0x02,0x00,
0xd0,0x8e,0xce,0xc2,0x3d,0x00,0x13,0xd6,0xff,0x74,0xee,0x84,0x3b,0xaa,0xb8,0x3f,
0x3b,0x47,0x16,0x7f,0xff,0xf1,0x88,0xbf,0x98,0x00,0x01,0xd5,0xff,0x12,0x4b,0x01,
0x00,0x00,0x80,0x7f,0x93,0x01,0x87,0xbf,0xff,0x74,0x7a,0x56,0x5f,0x70,0xa5,0x32,
0x3b,0x17,0x77,0x08,0xa5,0x01,0x87,0xbf,0x37,0x00,0x1c,0xd7,0x37,0x71,0x02,0x00,
0x8b,0x11,0x72,0x7e,0x3b,0x7b,0x76,0x06,0x91,0x02,0x87,0xbf,0x3b,0x4b,0x70,0x7e,
0x38,0x00,0x1c,0xd7,0x38,0x73,0x02,0x00,0x86,0x03,0x73,0x08,0x86,0x00,0x01,0xd5,
0x80,0x6e,0x4e,0x01,0x53,0x00,0x1e,0xd4,0xff,0x6c,0x02,0x00,0x18,0x72,0xb1,0x42,
0x14,0x02,0x87,0xbf,0x8b,0x00,0x01,0xd5,0x80,0x70,0x52,0x01,0xff,0x72,0x76,0x10,
0x3b,0xaa,0xb8,0x3f,0x55,0x00,0x1b,0xd4,0xff,0x72,0x02,0x00,0xd0,0x8e,0xce,0xc2,
0x54,0x00,0x1e,0xd4,0xff,0x74,0x02,0x00,0x18,0x72,0xb1,0x42,0xff,0xf1,0x88,0xbf,
0x99,0x00,0x01,0xd5,0xff,0x0c,0x4f,0x01,0x00,0x00,0x80,0x7f,0x3c,0x00,0x13,0xd6,
0xff,0x72,0xee,0x84,0x3b,0xaa,0xb8,0x3f,0x3b,0x47,0x7a,0x7e,0x12,0x01,0x87,0xbf,
0xff,0x72,0x78,0x56,0x5f,0x70,0xa5,0x32,0x3b,0x7b,0x76,0x08,0x3d,0x11,0x6e,0x7e,
0x92,0x00,0x87,0xbf,0x3b,0x79,0x76,0x06,0x3b,0x4b,0x6c,0x7e,0x25,0x01,0x87,0xbf,
0x36,0x00,0x1c,0xd7,0x36,0x6f,0x02,0x00,0x85,0x03,0x6f,0x08,0x85,0x00,0x01,0xd5,
0x80,0x6c,0x56,0x01,0x42,0x02,0x87,0xbf,0xff,0x6e,0x70,0x10,0x3b,0xaa,0xb8,0x3f,
0x83,0x03,0x6d,0x08,0x55,0x00,0x1e,0xd4,0xff,0x72,0x02,0x00,0x18,0x72,0xb1,0x42,
0x56,0x00,0x1b,0xd4,0xff,0x6e,0x02,0x00,0xd0,0x8e,0xce,0xc2,0x3a,0x00,0x13,0xd6,
0xff,0x6e,0xe2,0x84,0x3b,0xaa,0xb8,0x3f,0x38,0x47,0x76,0x7e,0xff,0x6c,0x72,0x10,
0x3b,0xaa,0xb8,0x3f,0x57,0x00,0x1b,0xd4,0xff,0x6c,0x02,0x00,0xd0,0x8e,0xce,0xc2,
0x14,0x02,0x87,0xbf,0xff,0x6e,0x74,0x56,0x5f,0x70,0xa5,0x32,0x38,0x77,0x70,0x08,
0x14,0x01,0x87,0xbf,0x39,0x47,0x78,0x7e,0x38,0x75,0x70,0x06,0x3a,0x00,0x13,0xd6,
0xff,0x6c,0xe6,0x84,0x3b,0xaa,0xb8,0x3f,0x93,0x01,0x87,0xbf,0x39,0x79,0x72,0x08,
0x38,0x4b,0x70,0x7e,0x92,0x00,0x87,0xbf,0xff,0x6c,0x74,0x56,0x5f,0x70,0xa5,0x32,
0x39,0x75,0x72,0x06,0x3b,0x11,0x74,0x7e,0x85,0x00,0x87,0xbf,0x38,0x00,0x1c,0xd7,
0x38,0x75,0x02,0x00,0x82,0x03,0x75,0x08,0xff,0xf1,0x88,0xbf,0x12,0x01,0x87,0xbf,
0x82,0x00,0x01,0xd5,0x80,0x70,0x5a,0x01,0xff,0x74,0x76,0x10,0x3b,0xaa,0xb8,0x3f,
0x56,0x00,0x1e,0xd4,0xff,0x6e,0x02,0x00,0x18,0x72,0xb1,0x42,0x39,0x4b,0x6e,0x7e,
0x3c,0x11,0x70,0x7e,0x58,0x00,0x1b,0xd4,0xff,0x74,0x02,0x00,0xd0,0x8e,0xce,0xc2,
0x3d,0x00,0x13,0xd6,0xff,0x74,0xee,0x84,0x3b,0xaa,0xb8,0x3f,0x3b,0x47,0x06,0x7f,
0xff,0xf1,0x88,0xbf,0x8c,0x00,0x01,0xd5,0xff,0x04,0x5b,0x01,0x00,0x00,0x80,0x7f,
0x93,0x01,0x87,0xbf,0xff,0x74,0x7a,0x56,0x5f,0x70,0xa5,0x32,0x3b,0x07,0x77,0x08,
0xa5,0x01,0x87,0xbf,0x37,0x00,0x1c,0xd7,0x37,0x71,0x02,0x00,0x83,0x11,0x72,0x7e,
0x3b,0x7b,0x76,0x06,0x91,0x02,0x87,0xbf,0x3b,0x4b,0x70,0x7e,0x38,0x00,0x1c,0xd7,
0x38,0x73,0x02,0x00,0x16,0x03,0x73,0x08,0x12,0x01,0x87,0xbf,0x83,0x00,0x01,0xd5,
0x80,0x70,0x62,0x01,0xff,0x72,0x2c,0x10,0x3b,0xaa,0xb8,0x3f,0x58,0x00,0x1e,0xd4,
0xff,0x74,0x02,0x00,0x18,0x72,0xb1,0x42,0x59,0x00,0x1b,0xd4,0xff,0x72,0x02,0x00,
0xd0,0x8e,0xce,0xc2,0x43,0x01,0x87,0xbf,0x3b,0x00,0x13,0xd6,0xff,0x72,0x5a,0x84,
0x3b,0xaa,0xb8,0x3f,0x16,0x47,0x78,0x7e,0xff,0xf1,0x88,0xbf,0x93,0x00,0x01,0xd5,
0xff,0x06,0x63,0x01,0x00,0x00,0x80,0x7f,0xff,0x72,0x0a,0xc8,0x16,0x79,0x16,0x3b,
0x5f,0x70,0xa5,0x32,0x41,0x02,0x87,0xbf,0x16,0x77,0x76,0x06,0x16,0x00,0x01,0xd5,
0x80,0x6e,0x5e,0x01,0x57,0x00,0x1e,0xd4,0xff,0x6c,0x02,0x00,0x18,0x72,0xb1,0x42,
0x3c,0x11,0x6e,0x7e,0x3b,0x4b,0x6c,0x7e,0xa5,0x00,0x87,0xbf,0x36,0x00,0x1c,0xd7,
0x36,0x6f,0x02,0x00,0x14,0x03,0x6f,0x08,0xff,0x6e,0x28,0x10,0x3b,0xaa,0xb8,0x3f,
0x5a,0x00,0x1b,0xd4,0xff,0x6e,0x02,0x00,0xd0,0x8e,0xce,0xc2,0x22,0x01,0x87,0xbf,
0x38,0x00,0x13,0xd6,0xff,0x6e,0x52,0x84,0x3b,0xaa,0xb8,0x3f,0x14,0x47,0x74,0x7e,
0xff,0x6e,0x70,0x56,0x5f,0x70,0xa5,0x32,0x92,0x00,0x87,0xbf,0x14,0x75,0x28,0x08,
0x14,0x71,0x70,0x06,0x14,0x00,0x01,0xd5,0x80,0x6c,0x66,0x01,0xff,0x26,0x6c,0x10,
0x3b,0xaa,0xb8,0x3f,0x59,0x00,0x1e,0xd4,0xff,0x72,0x02,0x00,0x18,0x72,0xb1,0x42,
0x14,0x01,0x87,0xbf,0x38,0x4b,0x70,0x7e,0x39,0x00,0x13,0xd6,0xff,0x26,0xda,0x84,
0x3b,0xaa,0xb8,0x3f,0x36,0x47,0x76,0x7e,0xff,0xf1,0x88,0xbf,0x92,0x00,0x01,0xd5,
0xff,0x28,0x66,0x01,0x00,0x00,0x80,0x7f,0x93,0x01,0x87,0xbf,0xff,0x26,0x72,0x56,
0x5f,0x70,0xa5,0x32,0x36,0x77,0x6c,0x08,0x21,0x01,0x87,0xbf,0x36,0x73,0x6c,0x06,
0x3a,0x11,0x72,0x7e,0x36,0x4b,0x6c,0x7e,0xa1,0x00,0x87,0xbf,0x38,0x00,0x1c,0xd7,
0x38,0x73,0x02,0x00,0x12,0x03,0x73,0x08,0xff,0x72,0x24,0x10,0x3b,0xaa,0xb8,0x3f,
0x5c,0x00,0x1b,0xd4,0xff,0x72,0x02,0x00,0xd0,0x8e,0xce,0xc2,0x22,0x01,0x87,0xbf,
0x3a,0x00,0x13,0xd6,0xff,0x72,0x4a,0x84,0x3b,0xaa,0xb8,0x3f,0x12,0x47,0x78,0x7e,
0xff,0x72,0x74,0x56,0x5f,0x70,0xa5,0x32,0x92,0x00,0x87,0xbf,0x12,0x79,0x24,0x08,
0x12,0x75,0x74,0x06,0x12,0x00,0x01,0xd5,0x80,0x70,0x6a,0x01,0x5a,0x00,0x1e,0xd4,
0xff,0x6e,0x02,0x00,0x18,0x72,0xb1,0x42,0x3b,0x11,0x6e,0x7e,0x3c,0x11,0x70,0x7e,
0xff,0xf1,0x88,0xbf,0x94,0x00,0x01,0xd5,0xff,0x24,0x6a,0x01,0x00,0x00,0x80,0x7f,
0xa3,0x02,0x87,0xbf,0x36,0x00,0x1c,0xd7,0x36,0x6f,0x02,0x00,0x3a,0x4b,0x6e,0x7e,
0x37,0x00,0x1c,0xd7,0x37,0x71,0x02,0x00,0x10,0x03,0x71,0x08,0x21,0x01,0x87,0xbf,
0xff,0x70,0x20,0x10,0x3b,0xaa,0xb8,0x3f,0x5d,0x00,0x1b,0xd4,0xff,0x70,0x02,0x00,
0xd0,0x8e,0xce,0xc2,0x3a,0x00,0x13,0xd6,0xff,0x70,0x42,0x84,0x3b,0xaa,0xb8,0x3f,
0x10,0x47,0x76,0x7e,0x12,0x01,0x87,0xbf,0xff,0x70,0x74,0x56,0x5f,0x70,0xa5,0x32,
0x10,0x77,0x20,0x08,0x01,0x00,0x87,0xbf,0x10,0x75,0x74,0x06,0x10,0x00,0x01,0xd5,
0x80,0x6c,0x6e,0x01,0x5b,0x00,0x1e,0xd4,0xff,0x26,0x02,0x00,0x18,0x72,0xb1,0x42,
0x13,0x00,0x01,0xd5,0x80,0x6e,0x72,0x01,0x3b,0x11,0x6e,0x7e,0x3a,0x4b,0x6c,0x7e,
0x5c,0x00,0x1e,0xd4,0xff,0x72,0x02,0x00,0x18,0x72,0xb1,0x42,0xff,0xf1,0x88,0xbf,
0x95,0x00,0x01,0xd5,0xff,0x20,0x6e,0x01,0x00,0x00,0x80,0x7f,0x83,0x00,0x01,0xd5,
0xff,0x26,0x72,0x01,0x00,0x00,0x80,0x7f,0xa5,0x00,0x87,0xbf,0x36,0x00,0x1c,0xd7,
0x36,0x6f,0x02,0x00,0x0d,0x03,0x6f,0x08,0xff,0x6e,0x1a,0x10,0x3b,0xaa,0xb8,0x3f,
0x5e,0x00,0x1b,0xd4,0xff,0x6e,0x02,0x00,0xd0,0x8e,0xce,0xc2,0x22,0x01,0x87,0xbf,
0x39,0x00,0x13,0xd6,0xff,0x6e,0x36,0x84,0x3b,0xaa,0xb8,0x3f,0x0d,0x47,0x74,0x7e,
0xff,0x6e,0x72,0x56,0x5f,0x70,0xa5,0x32,0x92,0x00,0x87,0xbf,0x0d,0x75,0x1a,0x08,
0x0d,0x73,0x72,0x06,0x0d,0x00,0x01,0xd5,0x80,0x6c,0x76,0x01,0x0c,0x03,0x6d,0x08,
0x5d,0x00,0x1e,0xd4,0xff,0x70,0x02,0x00,0x18,0x72,0xb1,0x42,0x02,0x00,0x87,0xbf,
0xff,0x6c,0x18,0x10,0x3b,0xaa,0xb8,0x3f,0x5f,0x00,0x1b,0xd4,0xff,0x6c,0x02,0x00,
0xd0,0x8e,0xce,0xc2,0xff,0xf1,0x88,0xbf,0x84,0x00,0x01,0xd5,0xff,0x1a,0x76,0x01,
0x00,0x00,0x80,0x7f,0x38,0x00,0x13,0xd6,0xff,0x6c,0x32,0x84,0x3b,0xaa,0xb8,0x3f,
0x0c,0x47,0x76,0x7e,0x12,0x01,0x87,0xbf,0xff,0x6c,0x70,0x56,0x5f,0x70,0xa5,0x32,
0x0c,0x77,0x18,0x08,0x01,0x00,0x87,0xbf,0x0c,0x71,0x18,0x06,0x39,0x4b,0x70,0x7e,
0x3a,0x11,0x72,0x7e,0x85,0x00,0x87,0xbf,0x38,0x00,0x1c,0xd7,0x38,0x73,0x02,0x00,
0x0a,0x03,0x73,0x08,0x21,0x01,0x87,0xbf,0xff,0x72,0x14,0x10,0x3b,0xaa,0xb8,0x3f,
0x60,0x00,0x1b,0xd4,0xff,0x72,0x02,0x00,0xd0,0x8e,0xce,0xc2,0x3a,0x00,0x13,0xd6,
0xff,0x72,0x2a,0x84,0x3b,0xaa,0xb8,0x3f,0x0a,0x47,0x78,0x7e,0x12,0x01,0x87,0xbf,
0xff,0x72,0x74,0x56,0x5f,0x70,0xa5,0x32,0x0a,0x79,0x14,0x08,0x01,0x00,0x87,0xbf,
0x0a,0x75,0x74,0x06,0x0c,0x4b,0x14,0x7e,0x3b,0x11,0x18,0x7e,0x85,0x00,0x87,0xbf,
0x0c,0x00,0x1c,0xd7,0x0a,0x19,0x02,0x00,0x0a,0x00,0x01,0xd5,0x80,0x70,0x7a,0x01,
0x5e,0x00,0x1e,0xd4,0xff,0x6e,0x02,0x00,0x18,0x72,0xb1,0x42,0x3c,0x11,0x6e,0x7e,
0xd4,0x02,0x87,0xbf,0x0c,0x00,0x01,0xd5,0x80,0x18,0x7e,0x01,0x5f,0x00,0x1e,0xd4,
0xff,0x6c,0x02,0x00,0x18,0x72,0xb1,0x42,0x3a,0x4b,0x6c,0x7e,0xff,0xf1,0x88,0xbf,
0x86,0x00,0x01,0xd5,0xff,0x18,0x7e,0x01,0x00,0x00,0x80,0x7f,0x36,0x00,0x1c,0xd7,
0x36,0x6f,0x02,0x00,0xff,0x10,0x6e,0x10,0x3b,0xaa,0xb8,0x3f,0x12,0x01,0x87,0xbf,
0x36,0x00,0x01,0xd5,0x80,0x6c,0x82,0x01,0x38,0x00,0x13,0xd6,0xff,0x10,0xde,0x84,
0x3b,0xaa,0xb8,0x3f,0x37,0x47,0x74,0x7e,0x60,0x00,0x1e,0xd4,0xff,0x72,0x02,0x00,
0x18,0x72,0xb1,0x42,0x22,0x01,0x87,0xbf,0xff,0x10,0x0a,0xc8,0x37,0x75,0x36,0x38,
0x5f,0x70,0xa5,0x32,0x3a,0x11,0x72,0x7e,0x37,0x71,0x06,0xc9,0xff,0x0e,0x38,0x37,
0x3b,0xaa,0xb8,0x3f,0x91,0x00,0x87,0xbf,0x37,0x4b,0x6e,0x7e,0x3b,0x00,0x13,0xd6,
0xff,0x0e,0xe2,0x84,0x3b,0xaa,0xb8,0x3f,0x38,0x47,0x78,0x7e,0xa1,0x02,0x87,0xbf,
0xff,0x0e,0x0a,0xc8,0x38,0x79,0x38,0x3b,0x5f,0x70,0xa5,0x32,0x07,0x00,0x01,0xd5,
0xff,0x08,0x16,0x00,0x00,0x00,0x80,0x7f,0x37,0x00,0x1c,0xd7,0x37,0x73,0x02,0x00,
0x3c,0x11,0x72,0x7e,0x94,0x01,0x87,0xbf,0x38,0x77,0x06,0xc9,0xff,0x0a,0x3a,0x38,
0x3b,0xaa,0xb8,0x3f,0x37,0x00,0x01,0xd5,0x80,0x6e,0x86,0x01,0x61,0x00,0x1e,0xd4,
0xff,0x10,0x02,0x00,0x18,0x72,0xb1,0x42,0x93,0x01,0x87,0xbf,0x38,0x4b,0x70,0x7e,
0x3d,0x00,0x13,0xd6,0xff,0x0a,0xee,0x84,0x3b,0xaa,0xb8,0x3f,0x3b,0x47,0x22,0x7f,
0x12,0x01,0x87,0xbf,0xff,0x0a,0x7a,0x56,0x5f,0x70,0xa5,0x32,0x3b,0x23,0x77,0x08,
0xa5,0x01,0x87,0xbf,0x38,0x00,0x1c,0xd7,0x38,0x73,0x02,0x00,0x91,0x11,0x72,0x7e,
0x3b,0x7b,0x76,0x06,0x91,0x00,0x01,0xd5,0xff,0x1c,0x3f,0x01,0x00,0x00,0x80,0x7f,
0x8e,0x00,0x01,0xd5,0xff,0x2c,0x5e,0x01,0x00,0x00,0x80,0x7f,0x38,0x00,0x01,0xd5,
0x80,0x70,0x8a,0x01,0x62,0x00,0x1b,0xd4,0xff,0x0a,0x02,0x00,0xd0,0x8e,0xce,0xc2,
0x3b,0x4b,0x10,0x7e,0x92,0x02,0x87,0xbf,0x89,0x00,0x01,0xd5,0xff,0x70,0x8e,0x01,
0x00,0x00,0x80,0x7f,0x08,0x00,0x1c,0xd7,0x08,0x73,0x02,0x00,0xff,0xf1,0x88,0xbf,
0x51,0x01,0x87,0xbf,0x39,0x00,0x01,0xd5,0x80,0x10,0x8a,0x01,0x62,0x00,0x1e,0xd4,
0xff,0x0a,0x02,0x00,0x18,0x72,0xb1,0x42,0x05,0x00,0x01,0xd5,0xff,0x04,0x92,0x01,
0x00,0x00,0x80,0x7f,0xff,0xf1,0x88,0xbf,0x9a,0x00,0x01,0xd5,0xff,0x72,0x8a,0x01,
0x00,0x00,0x80,0x7f,0x05,0x07,0x02,0x06,0x91,0x00,0x87,0xbf,0x07,0x03,0x02,0x06,
0x06,0x03,0x02,0x06,0x91,0x00,0x87,0xbf,0xe5,0x03,0x02,0x06,0x0b,0x03,0x02,0x06,
0x21,0x01,0x87,0xbf,0xe6,0x03,0x04,0x06,0x01,0x00,0x01,0xd5,0xff,0x22,0x2e,0x00,
0x00,0x00,0x80,0x7f,0xe7,0x05,0x08,0x06,0x02,0x00,0x01,0xd5,0xff,0x2a,0x32,0x00,
0x00,0x00,0x80,0x7f,0x22,0x01,0x87,0xbf,0x01,0x09,0x10,0x06,0x04,0x00,0x01,0xd5,
0xff,0x2e,0x36,0x00,0x00,0x00,0x80,0x7f,0x02,0x11,0x12,0x06,0x08,0x00,0x01,0xd5,
0xff,0x30,0x3a,0x00,0x00,0x00,0x80,0x7f,0x92,0x00,0x87,0xbf,0x04,0x13,0x12,0x06,
0x08,0x13,0x1e,0x06,0x09,0x00,0x01,0xd5,0xff,0x0e,0x43,0x00,0x00,0x00,0x80,0x7f,
0x87,0x00,0x01,0xd5,0xff,0x6e,0x86,0x01,0x00,0x00,0x80,0x7f,0xb3,0x01,0x87,0xbf,
0x0e,0x1f,0x22,0x06,0x0f,0x00,0x01,0xd5,0xff,0x10,0x47,0x00,0x00,0x00,0x80,0x7f,
0x88,0x00,0x01,0xd5,0xff,0x6c,0x82,0x01,0x00,0x00,0x80,0x7f,0x09,0x23,0x2a,0x06,
0x11,0x00,0x01,0xd5,0xff,0x14,0x4b,0x00,0x00,0x00,0x80,0x7f,0x8a,0x00,0x01,0xd5,
0xff,0x16,0x53,0x01,0x00,0x00,0x80,0x7f,0x8b,0x00,0x01,0xd5,0xff,0x0a,0x57,0x01,
0x00,0x00,0x80,0x7f,0x85,0x00,0x01,0xd5,0xff,0x14,0x7a,0x01,0x00,0x00,0x80,0x7f,
0x0f,0x2b,0x2a,0x06,0x55,0x00,0x60,0xd7,0xff,0x3d,0x01,0x00,0x92,0x00,0x87,0xbf,
0x11,0x2b,0x2a,0x06,0xda,0x2b,0x2a,0x06,0x91,0x00,0x87,0xbf,0xdc,0x2b,0x2a,0x06,
0xdf,0x2b,0x2a,0x06,0x91,0x00,0x87,0xbf,0xe0,0x2b,0x2a,0x06,0xe2,0x2b,0x2a,0x06,
0x91,0x00,0x87,0xbf,0xe1,0x2b,0x2a,0x06,0xe3,0x2b,0x2a,0x06,0x91,0x00,0x87,0xbf,
0xe4,0x2b,0x2a,0x06,0xd5,0x2b,0x2a,0x06,0x91,0x00,0x87,0xbf,0xd6,0x2b,0x2a,0x06,
0xd7,0x2b,0x2a,0x06,0x91,0x00,0x87,0xbf,0xd8,0x2b,0x2a,0x06,0xdb,0x2b,0x2a,0x06,
0x91,0x00,0x87,0xbf,0xd9,0x2b,0x2a,0x06,0xdd,0x2b,0x2a,0x06,0x91,0x00,0x87,0xbf,
0xde,0x2b,0x2a,0x06,0xcd,0x2b,0x2a,0x06,0x91,0x00,0x87,0xbf,0xce,0x2b,0x2a,0x06,
0xcf,0x2b,0x2a,0x06,0x91,0x00,0x87,0xbf,0xd0,0x2b,0x2a,0x06,0xd2,0x2b,0x2a,0x06,
0x91,0x00,0x87,0xbf,0xd1,0x2b,0x2a,0x06,0xd3,0x2b,0x2a,0x06,0x91,0x00,0x87,0xbf,
0xd4,0x2b,0x2a,0x06,0xb4,0x2b,0x2a,0x06,0x91,0x00,0x87,0xbf,0xb5,0x2b,0x2a,0x06,
0xbc,0x2b,0x2a,0x06,0x91,0x00,0x87,0xbf,0xbd,0x2b,0x2a,0x06,0xcb,0x2b,0x2a,0x06,
0x91,0x00,0x87,0xbf,0xca,0x2b,0x2a,0x06,0xc4,0x2b,0x2a,0x06,0x91,0x00,0x87,0xbf,
0xc5,0x2b,0x2a,0x06,0xad,0x2b,0x2a,0x06,0x91,0x00,0x87,0xbf,0xb1,0x2b,0x2a,0x06,
0xb7,0x2b,0x2a,0x06,0x91,0x00,0x87,0xbf,0xba,0x2b,0x2a,0x06,0xc2,0x2b,0x2a,0x06,
0x91,0x00,0x87,0xbf,0xbf,0x2b,0x2a,0x06,0xbe,0x2b,0x2a,0x06,0x91,0x00,0x87,0xbf,
0xc0,0x2b,0x2a,0x06,0xa3,0x2b,0x2a,0x06,0x91,0x00,0x87,0xbf,0xa4,0x2b,0x2a,0x06,
0xa6,0x2b,0x2a,0x06,0x91,0x00,0x87,0xbf,0xa9,0x2b,0x2a,0x06,0xae,0x2b,0x2a,0x06,
0x91,0x00,0x87,0xbf,0xac,0x2b,0x2a,0x06,0xaf,0x2b,0x2a,0x06,0x91,0x00,0x87,0xbf,
0xb0,0x2b,0x2a,0x06,0x9b,0x2b,0x2a,0x06,0x91,0x00,0x87,0xbf,0x9c,0x2b,0x2a,0x06,
0x9d,0x2b,0x2a,0x06,0x91,0x00,0x87,0xbf,0x9e,0x2b,0x2a,0x06,0xa0,0x2b,0x2a,0x06,
0x91,0x00,0x87,0xbf,0x9f,0x2b,0x2a,0x06,0xa1,0x2b,0x2a,0x06,0x91,0x00,0x87,0xbf,
0xa2,0x2b,0x2a,0x06,0x8d,0x2b,0x2a,0x06,0x91,0x00,0x87,0xbf,0x8f,0x2b,0x2a,0x06,
0x90,0x2b,0x2a,0x06,0x91,0x00,0x87,0xbf,0x91,0x2b,0x2a,0x06,0x97,0x2b,0x2a,0x06,
0x91,0x00,0x87,0xbf,0x96,0x2b,0x2a,0x06,0x98,0x2b,0x2a,0x06,0x91,0x00,0x87,0xbf,
0x99,0x2b,0x2a,0x06,0x8a,0x2b,0x2a,0x06,0x91,0x00,0x87,0xbf,0x8b,0x2b,0x2a,0x06,
0x8c,0x2b,0x2a,0x06,0x91,0x00,0x87,0xbf,0x8e,0x2b,0x2a,0x06,0x93,0x2b,0x28,0x06,
0x91,0x00,0x87,0xbf,0x92,0x29,0x24,0x06,0x94,0x25,0x20,0x06,0x91,0x00,0x87,0xbf,
0x95,0x21,0x20,0x06,0x83,0x21,0x1a,0x06,0x91,0x00,0x87,0xbf,0x84,0x1b,0x14,0x06,
0x85,0x15,0x14,0x06,0x91,0x00,0x87,0xbf,0x86,0x15,0x14,0x06,0x88,0x15,0x14,0x06,
0x91,0x00,0x87,0xbf,0x87,0x15,0x14,0x06,0x89,0x15,0x14,0x06,0x01,0x00,0x87,0xbf,
0x9a,0x15,0x14,0x06,0x00,0x00,0x34,0xd8,0x44,0x0a,0x00,0x00,0x00,0x00,0xc6,0xbf,
0xc1,0x4e,0x80,0xbe,0xff,0xff,0x94,0xbf,0x55,0x20,0x85,0xbe,0x08,0x00,0xa5,0xbf,
0x00,0x00,0xd8,0xd8,0x44,0x00,0x00,0x0a,0x04,0x00,0xd8,0xd8,0x42,0x00,0x00,0x0c,
0x00,0x00,0xc6,0xbf,0x0a,0x19,0x14,0x06,0x00,0x00,0x34,0xd8,0x44,0x0a,0x00,0x00,
0xfe,0xff,0x88,0xbf,0x7e,0x05,0x7e,0x8c,0x07,0x15,0x0e,0x7e,0x06,0x15,0x0c,0x7e,
0x05,0x15,0x0a,0x7e,0x03,0x15,0x06,0x7e,0x01,0x15,0x02,0x7e,0x02,0x15,0x04,0x7e,
0x37,0x00,0x11,0xd7,0x07,0x0d,0x02,0x00,0x09,0x15,0x0e,0x7e,0x36,0x00,0x11,0xd7,
0x05,0x07,0x02,0x00,0x0e,0x15,0x06,0x7e,0x0c,0x00,0x60,0xd7,0xff,0x13,0x01,0x00,
0x0d,0x00,0x60,0xd7,0xff,0x15,0x01,0x00,0x08,0x00,0x60,0xd7,0xff,0x1d,0x01,0x00,
0x0f,0x15,0x0a,0x7e,0x3c,0x00,0x11,0xd7,0x03,0x0f,0x02,0x00,0x04,0x15,0x06,0x7e,
0x08,0x15,0x08,0x7e,0x11,0x15,0x0c,0x7e,0x3a,0x00,0x11,0xd7,0x01,0x05,0x02,0x00,
0x0a,0x00,0x60,0xd7,0xff,0x21,0x01,0x00,0x0b,0x00,0x60,0xd7,0xff,0x23,0x01,0x00,
0x54,0x93,0x02,0x4a,0x3b,0x00,0x11,0xd7,0x03,0x09,0x02,0x00,0x48,0x93,0x08,0x4a,
0x09,0x00,0x60,0xd7,0xff,0x1f,0x01,0x00,0x0c,0x01,0x88,0xbe,0x3d,0x00,0x11,0xd7,
0x05,0x0d,0x02,0x00,0x00,0x00,0xc6,0xbf,0xc1,0x4e,0x80,0xbe,0xff,0xff,0x94,0xbf,
0x00,0x00,0xd8,0xd8,0x42,0x00,0x00,0x82,0x00,0x00,0xc6,0xbf,0xc1,0x4e,0x80,0xbe,
0xff,0xff,0x94,0xbf,0x01,0x00,0x85,0xbf,0x7c,0x80,0x05,0xc4,0x01,0x10,0x80,0x40,
0x01,0x00,0x00,0x00,0x7c,0x80,0x05,0xc4,0x04,0x10,0x80,0x40,0x04,0x00,0x00,0x00,
0x01,0x8e,0x4a,0x4b,0x07,0x00,0x60,0xd7,0xff,0x31,0x01,0x00,0x0a,0x00,0x8a,0xd5,
0xe5,0x01,0x00,0x00,0x0b,0x15,0x16,0x7e,0x0c,0x00,0x8a,0xd5,0xe6,0x01,0x00,0x00,
0x66,0x4a,0x89,0x7c,0x0d,0x00,0x8a,0xd5,0xe7,0x01,0x00,0x00,0x0e,0x00,0x60,0xd7,
0xff,0x17,0x01,0x00,0x38,0x00,0x11,0xd7,0x0a,0x17,0x02,0x00,0x0f,0x00,0x60,0xd7,
0xff,0x19,0x01,0x00,0x07,0x6a,0x05,0x8b,0x04,0x6a,0x06,0x8b,0x6b,0x6a,0x6a,0x8b,
0x39,0x00,0x11,0xd7,0x0c,0x1b,0x02,0x00,0xff,0x00,0x61,0xd7,0x0c,0x12,0x01,0x00,
0x67,0xc1,0x67,0x81,0xc0,0x00,0x81,0xb7,0xff,0x00,0x61,0xd7,0x0d,0x14,0x01,0x00,
0xff,0x00,0x61,0xd7,0x0e,0x16,0x01,0x00,0xff,0x00,0x61,0xd7,0x0f,0x18,0x01,0x00,
0x01,0x00,0xc0,0xbf,0xfe,0xff,0x88,0xbf,0x80,0x02,0x0e,0x02,0x88,0x4a,0x03,0x4a,
0x08,0x00,0x01,0xd5,0x80,0x04,0x16,0x00,0x09,0x00,0x01,0xd5,0x80,0x06,0x1a,0x00,
0x03,0x00,0x87,0xbf,0x66,0x02,0x88,0x7c,0x07,0x6a,0x05,0x8b,0x6b,0x6a,0x06,0x8b,
0x04,0x6a,0x6a,0x8b,0x00,0x00,0xc0,0xbf,0xfe,0xff,0x88,0xbf,0x0c,0x00,0x01,0xd5,
0x80,0x08,0x1a,0x00,0x80,0x0c,0x60,0xca,0x90,0x4a,0x01,0x0a,0x4a,0x93,0x08,0x4a,
0x0b,0x00,0x01,0xd5,0x80,0x0a,0x16,0x00,0x98,0x4a,0x1b,0x4a,0xff,0x4a,0x55,0x4b,
0x50,0x00,0x00,0x00,0x66,0x02,0x88,0x7c,0x53,0x93,0x02,0x4a,0x01,0x00,0x85,0xbf,
0x7c,0x80,0x05,0xc4,0x01,0x10,0x80,0x40,0x01,0x00,0x00,0x00,0x7c,0x80,0x05,0xc4,
0x04,0x10,0x80,0x40,0x04,0x00,0x00,0x00,0x07,0x6a,0x05,0x8b,0x04,0x6a,0x06,0x8b,
0x6b,0x6a,0x6a,0x8b,0x00,0x00,0xc6,0xbf,0xc1,0x4e,0x80,0xbe,0xff,0xff,0x94,0xbf,
0xff,0x4a,0x67,0x4b,0x58,0x00,0x00,0x00,0x01,0x00,0xc0,0xbf,0xfe,0xff,0x88,0xbf,
0x80,0x02,0x02,0x02,0x66,0x1a,0x88,0x7c,0x02,0x00,0x01,0xd5,0x80,0x04,0x16,0x00,
0x03,0x00,0x01,0xd5,0x80,0x06,0x1a,0x00,0x04,0x6a,0x05,0x8b,0x07,0x6a,0x06,0x8b,
0x00,0x00,0xc0,0xbf,0xfe,0xff,0x88,0xbf,0x06,0x00,0x01,0xd5,0x80,0x0c,0x16,0x00,
0x6b,0x6a,0x6a,0x8b,0x05,0x00,0x01,0xd5,0x80,0x0a,0x1a,0x00,0xfe,0xff,0x88,0xbf,
0x80,0x08,0x08,0x02,0x20,0x03,0x7c,0xd8,0x45,0x0b,0x00,0x00,0x30,0x03,0x84,0xda,
0x45,0x0b,0x00,0x00,0x40,0x09,0x7c,0xd8,0x45,0x06,0x00,0x00,0x50,0x09,0x84,0xda,
0x45,0x06,0x00,0x00,0x30,0x09,0x84,0xda,0x45,0x05,0x00,0x00,0x40,0x06,0x7c,0xd8,
0x45,0x03,0x00,0x00,0x20,0x09,0x7c,0xd8,0x45,0x05,0x00,0x00,0x10,0x09,0x84,0xda,
0x45,0x04,0x00,0x00,0x00,0x09,0x7c,0xd8,0x45,0x04,0x00,0x00,0x50,0x06,0x84,0xda,
0x45,0x03,0x00,0x00,0x30,0x06,0x84,0xda,0x45,0x02,0x00,0x00,0x40,0x03,0x7c,0xd8,
0x45,0x0a,0x00,0x00,0x20,0x06,0x7c,0xd8,0x45,0x02,0x00,0x00,0x10,0x06,0x84,0xda,
0x45,0x01,0x00,0x00,0x00,0x06,0x7c,0xd8,0x45,0x01,0x00,0x00,0x50,0x03,0x84,0xda,
0x45,0x0a,0x00,0x00,0x00,0x00,0x7c,0xd8,0x45,0x07,0x00,0x00,0x10,0x00,0x84,0xda,
0x45,0x07,0x00,0x00,0x20,0x00,0x7c,0xd8,0x45,0x08,0x00,0x00,0x30,0x00,0x84,0xda,
0x45,0x08,0x00,0x00,0x40,0x00,0x7c,0xd8,0x45,0x09,0x00,0x00,0x10,0x03,0x84,0xda,
0x45,0x0c,0x00,0x00,0x00,0x03,0x7c,0xd8,0x45,0x0c,0x00,0x00,0x50,0x00,0x84,0xda,
0x45,0x09,0x00,0x00,0x52,0x93,0x02,0x4a,0x4b,0x93,0x04,0x4a,0x51,0x93,0x06,0x4a,
0x4c,0x93,0x08,0x4a,0x03,0x00,0x85,0xbf,0x7c,0x80,0x05,0xc4,0xed,0x10,0x80,0x40,
0x01,0x00,0x00,0x00,0x7c,0x80,0x05,0xc4,0xf0,0x10,0x80,0x40,0x02,0x00,0x00,0x00,
0x7c,0x80,0x05,0xc4,0xf3,0x10,0x80,0x40,0x03,0x00,0x00,0x00,0x7c,0x80,0x05,0xc4,
0xf6,0x10,0x80,0x40,0x04,0x00,0x00,0x00,0x00,0x00,0xc6,0xbf,0xc1,0x4e,0x80,0xbe,
0xff,0xff,0x94,0xbf,0x00,0x00,0xfc,0xdb,0x46,0x00,0x00,0x01,0x00,0x06,0xfc,0xdb,
0x46,0x00,0x00,0x05,0x00,0x01,0xfc,0xdb,0x46,0x00,0x00,0xc6,0x00,0x02,0xfc,0xdb,
0x46,0x00,0x00,0xe5,0x03,0x00,0xc6,0xbf,0x11,0x40,0x40,0xcc,0x01,0x6d,0x02,0x1a,
0x00,0x07,0xfc,0xdb,0x46,0x00,0x00,0x01,0x00,0x08,0xfc,0xdb,0x46,0x00,0x00,0xe9,
0x03,0x00,0xc6,0xbf,0x09,0x40,0x40,0xcc,0xc6,0x6d,0x02,0x1a,0x11,0x40,0x40,0xcc,
0x05,0x75,0x46,0x1c,0x01,0x00,0xc6,0xbf,0x02,0x00,0x87,0xbf,0x09,0x40,0x40,0xcc,
0x01,0x75,0x26,0x1c,0x01,0x40,0x40,0xcc,0xe5,0x6d,0x02,0x1a,0x36,0x00,0x8a,0xd5,
0xe2,0x01,0x00,0x00,0x37,0x00,0x8a,0xd5,0xe3,0x01,0x00,0x00,0x38,0x00,0x8a,0xd5,
0xe4,0x01,0x00,0x00,0x00,0x00,0xc6,0xbf,0x01,0x40,0x40,0xcc,0xe9,0x75,0x06,0x1c,
0x3a,0x00,0x8a,0xd5,0xe1,0x01,0x00,0x00,0xa3,0x01,0x87,0xbf,0x39,0x00,0x11,0xd7,
0x37,0x71,0x02,0x00,0x37,0x00,0x8a,0xd5,0xe0,0x01,0x00,0x00,0x38,0x00,0x11,0xd7,
0x36,0x75,0x02,0x00,0x36,0x00,0x8a,0xd5,0xdf,0x01,0x00,0x00,0x3a,0x00,0x8a,0xd5,
0xdc,0x01,0x00,0x00,0xa2,0x00,0x87,0xbf,0x37,0x00,0x11,0xd7,0x36,0x6f,0x02,0x00,
0x36,0x00,0x8a,0xd5,0xda,0x01,0x00,0x00,0x36,0x00,0x11,0xd7,0x36,0x75,0x02,0x00,
0x00,0x0c,0xfc,0xdb,0x46,0x00,0x00,0x3a,0x00,0x0d,0xfc,0xdb,0x46,0x00,0x00,0xc6,
0x01,0x00,0xc6,0xbf,0x11,0x40,0x40,0xcc,0x3a,0x6d,0x46,0x1c,0x00,0x00,0xc6,0xbf,
0x09,0x40,0x40,0xcc,0xc6,0x6d,0x26,0x1c,0x00,0x0e,0xfc,0xdb,0x46,0x00,0x00,0x3a,
0x00,0x12,0xfc,0xdb,0x46,0x00,0x00,0xc6,0x01,0x00,0xc6,0xbf,0x01,0x40,0x40,0xcc,
0x3a,0x6d,0x06,0x1c,0x36,0x00,0x8a,0xd5,0xdb,0x01,0x00,0x00,0x37,0x00,0x8a,0xd5,
0xdd,0x01,0x00,0x00,0x38,0x00,0x8a,0xd5,0xde,0x01,0x00,0x00,0x3a,0x00,0x8a,0xd5,
0xd9,0x01,0x00,0x00,0x12,0x01,0x87,0xbf,0x39,0x00,0x11,0xd7,0x37,0x71,0x02,0x00,
0x38,0x00,0x11,0xd7,0x36,0x75,0x02,0x00,0x36,0x00,0x8a,0xd5,0xd7,0x01,0x00,0x00,
0x37,0x00,0x8a,0xd5,0xd8,0x01,0x00,0x00,0x3a,0x00,0x8a,0xd5,0xd6,0x01,0x00,0x00,
0xa2,0x00,0x87,0xbf,0x37,0x00,0x11,0xd7,0x36,0x6f,0x02,0x00,0x36,0x00,0x8a,0xd5,
0xd5,0x01,0x00,0x00,0x36,0x00,0x11,0xd7,0x36,0x75,0x02,0x00,0x00,0x00,0xc6,0xbf,
0x01,0x00,0x87,0xbf,0x11,0x40,0x40,0xcc,0xc6,0x6d,0x46,0x1c,0x00,0x13,0xfc,0xdb,
0x46,0x00,0x00,0x3a,0x00,0x14,0xfc,0xdb,0x46,0x00,0x00,0xc6,0x00,0x00,0xc6,0xbf,
0xc1,0x4e,0x80,0xbe,0xff,0xff,0x94,0xbf,0x09,0x40,0x40,0xcc,0x3a,0x6d,0x26,0x1c,
0x01,0x40,0x40,0xcc,0xc6,0x6d,0x06,0x1c,0x36,0x00,0x8a,0xd5,0xd2,0x01,0x00,0x00,
0x37,0x00,0x8a,0xd5,0xd3,0x01,0x00,0x00,0x38,0x00,0x8a,0xd5,0xd4,0x01,0x00,0x00,
0x3a,0x00,0x8a,0xd5,0xd1,0x01,0x00,0x00,0xff,0x4a,0x7b,0x4a,0x48,0x00,0x00,0x00,
0x93,0x01,0x87,0xbf,0x39,0x00,0x11,0xd7,0x37,0x71,0x02,0x00,0x38,0x00,0x11,0xd7,
0x36,0x75,0x02,0x00,0x36,0x00,0x8a,0xd5,0xcf,0x01,0x00,0x00,0x37,0x00,0x8a,0xd5,
0xd0,0x01,0x00,0x00,0x3a,0x00,0x8a,0xd5,0xce,0x01,0x00,0x00,0xa2,0x00,0x87,0xbf,
0x37,0x00,0x11,0xd7,0x36,0x6f,0x02,0x00,0x36,0x00,0x8a,0xd5,0xcd,0x01,0x00,0x00,
0x36,0x00,0x11,0xd7,0x36,0x75,0x02,0x00,0xc0,0x4a,0x75,0x4a,0x01,0x00,0x87,0xbf,
0x66,0x74,0x88,0x7c,0x07,0x6a,0x05,0x8b,0x04,0x6a,0x06,0x8b,0x6b,0x6a,0x6a,0x8b,
0x03,0x00,0xc0,0xbf,0xfe,0xff,0x88,0xbf,0x80,0xda,0x75,0x02,0x66,0x7a,0x88,0x7c,
0x3b,0x00,0x01,0xd5,0x80,0xdc,0x17,0x00,0x3c,0x00,0x01,0xd5,0x80,0xde,0x1b,0x00,
0x07,0x6a,0x05,0x8b,0x6b,0x6a,0x06,0x8b,0x04,0x6a,0x6a,0x8b,0x02,0x00,0xc0,0xbf,
0xfe,0xff,0x88,0xbf,0xa7,0x00,0x01,0xd5,0x80,0xe2,0x17,0x00,0x80,0xe4,0x7b,0x02,
0x66,0x54,0x89,0x7c,0xa8,0x00,0x01,0xd5,0x80,0xe0,0x1b,0x00,0x07,0x6a,0x05,0x8b,
0x04,0x6a,0x06,0x8b,0x6b,0x6a,0x6a,0x8b,0x01,0x00,0xc0,0xbf,0xfe,0xff,0x88,0xbf,
0xab,0x00,0x01,0xd5,0x80,0xe8,0x17,0x00,0x80,0xe6,0x55,0x03,0x66,0x66,0x89,0x7c,
0xb2,0x00,0x01,0xd5,0x80,0xea,0x1b,0x00,0x04,0x6a,0x05,0x8b,0x07,0x6a,0x06,0x8b,
0x00,0x00,0xc0,0xbf,0xfe,0xff,0x88,0xbf,0xb6,0x00,0x01,0xd5,0x80,0xf0,0x17,0x00,
0x6b,0x6a,0x6a,0x8b,0xb8,0x00,0x01,0xd5,0x80,0xee,0x1b,0x00,0xfe,0xff,0x88,0xbf,
0x80,0xec,0x67,0x03,0x20,0x03,0x7c,0xd8,0x45,0xa7,0x00,0x00,0x30,0x03,0x84,0xda,
0x45,0xa7,0x00,0x00,0x40,0x09,0x7c,0xd8,0x45,0xb6,0x00,0x00,0x50,0x09,0x84,0xda,
0x45,0xb6,0x00,0x00,0x30,0x09,0x84,0xda,0x45,0xb8,0x00,0x00,0x40,0x06,0x7c,0xd8,
0x45,0xb2,0x00,0x00,0x20,0x09,0x7c,0xd8,0x45,0xb8,0x00,0x00,0x10,0x09,0x84,0xda,
0x45,0xb3,0x00,0x00,0x00,0x09,0x7c,0xd8,0x45,0xb3,0x00,0x00,0x50,0x06,0x84,0xda,
0x45,0xb2,0x00,0x00,0x30,0x06,0x84,0xda,0x45,0xab,0x00,0x00,0x40,0x03,0x7c,0xd8,
0x45,0x3d,0x00,0x00,0x20,0x06,0x7c,0xd8,0x45,0xab,0x00,0x00,0x10,0x06,0x84,0xda,
0x45,0xaa,0x00,0x00,0x00,0x06,0x7c,0xd8,0x45,0xaa,0x00,0x00,0x50,0x03,0x84,0xda,
0x45,0x3d,0x00,0x00,0x00,0x00,0x7c,0xd8,0x45,0x3a,0x00,0x00,0x10,0x00,0x84,0xda,
0x45,0x3a,0x00,0x00,0x20,0x00,0x7c,0xd8,0x45,0x3b,0x00,0x00,0x30,0x00,0x84,0xda,
0x45,0x3b,0x00,0x00,0x40,0x00,0x7c,0xd8,0x45,0x3c,0x00,0x00,0x10,0x03,0x84,0xda,
0x45,0xa8,0x00,0x00,0x00,0x03,0x7c,0xd8,0x45,0xa8,0x00,0x00,0x50,0x00,0x84,0xda,
0x45,0x3c,0x00,0x00,0x50,0x93,0x74,0x4a,0x4d,0x93,0x76,0x4a,0x4f,0x93,0x78,0x4a,
0x02,0x00,0x85,0xbf,0x7c,0x80,0x05,0xc4,0xcc,0x10,0x80,0x40,0x3a,0x00,0x00,0x00,
0x7c,0x80,0x05,0xc4,0xcf,0x10,0x80,0x40,0x3b,0x00,0x00,0x00,0x7c,0x80,0x05,0xc4,
0xd2,0x10,0x80,0x40,0x3c,0x00,0x00,0x00,0x4e,0x93,0x7a,0x4a,0x7c,0x80,0x05,0xc4,
0xd5,0x10,0x80,0x40,0x3d,0x00,0x00,0x00,0x00,0x00,0xc6,0xbf,0xc1,0x4e,0x80,0xbe,
0xff,0xff,0x94,0xbf,0x00,0x00,0xfc,0xdb,0x46,0x00,0x00,0x3a,0x00,0x01,0xfc,0xdb,
0x46,0x00,0x00,0xc6,0x01,0x00,0xc6,0xbf,0x11,0x40,0x40,0xcc,0x3a,0x6d,0x46,0x1c,
0x00,0x00,0xc6,0xbf,0x09,0x40,0x40,0xcc,0xc6,0x6d,0x26,0x1c,0x00,0x02,0xfc,0xdb,
0x46,0x00,0x00,0x3a,0x00,0x06,0xfc,0xdb,0x46,0x00,0x00,0xc6,0x01,0x00,0xc6,0xbf,
0x01,0x40,0x40,0xcc,0x3a,0x6d,0x06,0x1c,0x36,0x00,0x8a,0xd5,0xcb,0x01,0x00,0x00,
0x37,0x00,0x8a,0xd5,0xc4,0x01,0x00,0x00,0x38,0x00,0x8a,0xd5,0xc5,0x01,0x00,0x00,
0x3a,0x00,0x8a,0xd5,0xca,0x01,0x00,0x00,0x12,0x01,0x87,0xbf,0x39,0x00,0x11,0xd7,
0x37,0x71,0x02,0x00,0x38,0x00,0x11,0xd7,0x36,0x75,0x02,0x00,0x36,0x00,0x8a,0xd5,
0xbc,0x01,0x00,0x00,0x37,0x00,0x8a,0xd5,0xbd,0x01,0x00,0x00,0x3a,0x00,0x8a,0xd5,
0xb5,0x01,0x00,0x00,0xa2,0x00,0x87,0xbf,0x37,0x00,0x11,0xd7,0x36,0x6f,0x02,0x00,
0x36,0x00,0x8a,0xd5,0xb4,0x01,0x00,0x00,0x36,0x00,0x11,0xd7,0x36,0x75,0x02,0x00,
0x00,0x07,0xfc,0xdb,0x46,0x00,0x00,0x3a,0x00,0x08,0xfc,0xdb,0x46,0x00,0x00,0xb2,
0x02,0x00,0xc6,0xbf,0x11,0x40,0x40,0xcc,0xc6,0x6d,0x46,0x1c,0x01,0x00,0xc6,0xbf,
0x09,0x40,0x40,0xcc,0x3a,0x6d,0x26,0x1c,0x00,0x00,0xc6,0xbf,0x01,0x40,0x40,0xcc,
0xb2,0x6d,0x06,0x1c,0x36,0x00,0x8a,0xd5,0xc2,0x01,0x00,0x00,0x37,0x00,0x8a,0xd5,
0xbe,0x01,0x00,0x00,0x38,0x00,0x8a,0xd5,0xc0,0x01,0x00,0x00,0x3a,0x00,0x8a,0xd5,
0xbf,0x01,0x00,0x00,0x12,0x01,0x87,0xbf,0x39,0x00,0x11,0xd7,0x37,0x71,0x02,0x00,
0x38,0x00,0x11,0xd7,0x36,0x75,0x02,0x00,0x36,0x00,0x8a,0xd5,0xb7,0x01,0x00,0x00,
0x37,0x00,0x8a,0xd5,0xba,0x01,0x00,0x00,0x3a,0x00,0x8a,0xd5,0xb1,0x01,0x00,0x00,
0xa2,0x00,0x87,0xbf,0x37,0x00,0x11,0xd7,0x36,0x6f,0x02,0x00,0x36,0x00,0x8a,0xd5,
0xad,0x01,0x00,0x00,0x36,0x00,0x11,0xd7,0x36,0x75,0x02,0x00,0x00,0x0c,0xfc,0xdb,
0x46,0x00,0x00,0x3a,0x00,0x0d,0xfc,0xdb,0x46,0x00,0x00,0xb1,0x01,0x00,0xc6,0xbf,
0x11,0x40,0x40,0xcc,0x3a,0x6d,0x46,0x1c,0x00,0x00,0xc6,0xbf,0x09,0x40,0x40,0xcc,
0xb1,0x6d,0x26,0x1c,0x00,0x0e,0xfc,0xdb,0x46,0x00,0x00,0x3a,0x00,0x12,0xfc,0xdb,
0x46,0x00,0x00,0xb1,0x01,0x00,0xc6,0xbf,0x01,0x40,0x40,0xcc,0x3a,0x6d,0x06,0x1c,
0x36,0x00,0x8a,0xd5,0xae,0x01,0x00,0x00,0x37,0x00,0x8a,0xd5,0xaf,0x01,0x00,0x00,
0x38,0x00,0x8a,0xd5,0xb0,0x01,0x00,0x00,0x3a,0x00,0x8a,0xd5,0xac,0x01,0x00,0x00,
0x12,0x01,0x87,0xbf,0x39,0x00,0x11,0xd7,0x37,0x71,0x02,0x00,0x38,0x00,0x11,0xd7,
0x36,0x75,0x02,0x00,0x36,0x00,0x8a,0xd5,0xa6,0x01,0x00,0x00,0x37,0x00,0x8a,0xd5,
0xa9,0x01,0x00,0x00,0x3a,0x00,0x8a,0xd5,0xa4,0x01,0x00,0x00,0xa2,0x00,0x87,0xbf,
0x37,0x00,0x11,0xd7,0x36,0x6f,0x02,0x00,0x36,0x00,0x8a,0xd5,0xa3,0x01,0x00,0x00,
0x36,0x00,0x11,0xd7,0x36,0x75,0x02,0x00,0x00,0x13,0xfc,0xdb,0x46,0x00,0x00,0x3a,
0x00,0x14,0xfc,0xdb,0x46,0x00,0x00,0xa6,0x00,0x00,0xc6,0xbf,0xc1,0x4e,0x80,0xbe,
0xff,0xff,0x94,0xbf,0x11,0x40,0x40,0xcc,0xb1,0x6d,0x46,0x1c,0x09,0x40,0x40,0xcc,
0x3a,0x6d,0x26,0x1c,0x01,0x40,0x40,0xcc,0xa6,0x6d,0x06,0x1c,0x36,0x00,0x8a,0xd5,
0xa0,0x01,0x00,0x00,0x37,0x00,0x8a,0xd5,0xa1,0x01,0x00,0x00,0x38,0x00,0x8a,0xd5,
0xa2,0x01,0x00,0x00,0x3a,0x00,0x8a,0xd5,0x9f,0x01,0x00,0x00,0xff,0x4a,0x7b,0x4a,
0x88,0x00,0x00,0x00,0xff,0x4a,0x41,0x4b,0x98,0x00,0x00,0x00,0x14,0x02,0x87,0xbf,
0x39,0x00,0x11,0xd7,0x37,0x71,0x02,0x00,0x38,0x00,0x11,0xd7,0x36,0x75,0x02,0x00,
0x36,0x00,0x8a,0xd5,0x9d,0x01,0x00,0x00,0x37,0x00,0x8a,0xd5,0x9e,0x01,0x00,0x00,
0x3a,0x00,0x8a,0xd5,0x9c,0x01,0x00,0x00,0xff,0x4a,0x3b,0x4b,0x90,0x00,0x00,0x00,
0xa3,0x00,0x87,0xbf,0x37,0x00,0x11,0xd7,0x36,0x6f,0x02,0x00,0x36,0x00,0x8a,0xd5,
0x9b,0x01,0x00,0x00,0x36,0x00,0x11,0xd7,0x36,0x75,0x02,0x00,0xff,0x4a,0x75,0x4a,
0x80,0x00,0x00,0x00,0x01,0x00,0x87,0xbf,0x66,0x74,0x88,0x7c,0x07,0x6a,0x05,0x8b,
0x04,0x6a,0x06,0x8b,0x6b,0x6a,0x6a,0x8b,0x03,0x00,0xc0,0xbf,0xfe,0xff,0x88,0xbf,
0x80,0x98,0x75,0x02,0x66,0x7a,0x88,0x7c,0x3b,0x00,0x01,0xd5,0x80,0x9a,0x17,0x00,
0x3c,0x00,0x01,0xd5,0x80,0x9c,0x1b,0x00,0x07,0x6a,0x05,0x8b,0x6b,0x6a,0x06,0x8b,
0x04,0x6a,0x6a,0x8b,0x02,0x00,0xc0,0xbf,0xfe,0xff,0x88,0xbf,0x9b,0x00,0x01,0xd5,
0x80,0xa0,0x17,0x00,0x80,0xa2,0x7b,0x02,0x66,0x3a,0x89,0x7c,0x9c,0x00,0x01,0xd5,
0x80,0x9e,0x1b,0x00,0x07,0x6a,0x05,0x8b,0x04,0x6a,0x06,0x8b,0x6b,0x6a,0x6a,0x8b,
0x01,0x00,0xc0,0xbf,0xfe,0xff,0x88,0xbf,0x9e,0x00,0x01,0xd5,0x80,0xa6,0x17,0x00,
0x80,0xa4,0x3b,0x03,0x66,0x40,0x89,0x7c,0x9f,0x00,0x01,0xd5,0x80,0xa8,0x1b,0x00,
0x04,0x6a,0x05,0x8b,0x07,0x6a,0x06,0x8b,0x00,0x00,0xc0,0xbf,0xfe,0xff,0x88,0xbf,
0xa1,0x00,0x01,0xd5,0x80,0xae,0x17,0x00,0x6b,0x6a,0x6a,0x8b,0xa2,0x00,0x01,0xd5,
0x80,0xac,0x1b,0x00,0xfe,0xff,0x88,0xbf,0x80,0xaa,0x41,0x03,0x20,0x03,0x7c,0xd8,
0x45,0x9b,0x00,0x00,0x30,0x03,0x84,0xda,0x45,0x9b,0x00,0x00,0x40,0x09,0x7c,0xd8,
0x45,0xa1,0x00,0x00,0x50,0x09,0x84,0xda,0x45,0xa1,0x00,0x00,0x30,0x09,0x84,0xda,
0x45,0xa2,0x00,0x00,0x40,0x06,0x7c,0xd8,0x45,0x9f,0x00,0x00,0x20,0x09,0x7c,0xd8,
0x45,0xa2,0x00,0x00,0x10,0x09,0x84,0xda,0x45,0xa0,0x00,0x00,0x00,0x09,0x7c,0xd8,
0x45,0xa0,0x00,0x00,0x50,0x06,0x84,0xda,0x45,0x9f,0x00,0x00,0x30,0x06,0x84,0xda,
0x45,0x9e,0x00,0x00,0x40,0x03,0x7c,0xd8,0x45,0x3d,0x00,0x00,0x20,0x06,0x7c,0xd8,
0x45,0x9e,0x00,0x00,0x10,0x06,0x84,0xda,0x45,0x9d,0x00,0x00,0x00,0x06,0x7c,0xd8,
0x45,0x9d,0x00,0x00,0x50,0x03,0x84,0xda,0x45,0x3d,0x00,0x00,0x00,0x00,0x7c,0xd8,
0x45,0x3a,0x00,0x00,0x10,0x00,0x84,0xda,0x45,0x3a,0x00,0x00,0x20,0x00,0x7c,0xd8,
0x45,0x3b,0x00,0x00,0x30,0x00,0x84,0xda,0x45,0x3b,0x00,0x00,0x40,0x00,0x7c,0xd8,
0x45,0x3c,0x00,0x00,0x10,0x03,0x84,0xda,0x45,0x9c,0x00,0x00,0x00,0x03,0x7c,0xd8,
0x45,0x9c,0x00,0x00,0x50,0x00,0x84,0xda,0x45,0x3c,0x00,0x00,0x00,0x00,0xc6,0xbf,
0xc1,0x4e,0x80,0xbe,0xff,0xff,0x94,0xbf,0x00,0x00,0xfc,0xdb,0x46,0x00,0x00,0x3a,
0x00,0x01,0xfc,0xdb,0x46,0x00,0x00,0x9b,0x81,0x01,0x29,0x7c,0x05,0x00,0x60,0xd7,
0xff,0x37,0x01,0x00,0x67,0x80,0x07,0xbf,0x05,0x92,0x92,0x4a,0x05,0x00,0x60,0xd7,
0xff,0x39,0x01,0x00,0xff,0xf1,0x88,0xbf,0x05,0xae,0xae,0x4a,0x05,0xac,0xac,0x4a,
0x05,0xb0,0xb0,0x4a,0x05,0x00,0x60,0xd7,0xff,0x2d,0x01,0x00,0x01,0x00,0xc6,0xbf,
0x11,0x40,0x40,0xcc,0x3a,0x6d,0x46,0x1c,0x00,0x00,0xc6,0xbf,0x09,0x40,0x40,0xcc,
0x9b,0x6d,0x26,0x1c,0x00,0x02,0xfc,0xdb,0x46,0x00,0x00,0x3a,0x00,0x06,0xfc,0xdb,
0x46,0x00,0x00,0x9b,0xff,0xf1,0x88,0xbf,0x05,0xb2,0xb2,0x4a,0x05,0x00,0x60,0xd7,
0xff,0x3b,0x01,0x00,0xff,0xf1,0x88,0xbf,0x05,0xb4,0xb4,0x4a,0x05,0x00,0x60,0xd7,
0xff,0x33,0x01,0x00,0xff,0xf1,0x88,0xbf,0x05,0xfc,0xfc,0x4a,0x01,0x00,0xc6,0xbf,
0x01,0x40,0x40,0xcc,0x3a,0x6d,0x06,0x1c,0x36,0x00,0x8a,0xd5,0x97,0x01,0x00,0x00,
0x37,0x00,0x8a,0xd5,0x98,0x01,0x00,0x00,0x38,0x00,0x8a,0xd5,0x99,0x01,0x00,0x00,
0x3a,0x00,0x8a,0xd5,0x96,0x01,0x00,0x00,0x12,0x01,0x87,0xbf,0x39,0x00,0x11,0xd7,
0x37,0x71,0x02,0x00,0x38,0x00,0x11,0xd7,0x36,0x75,0x02,0x00,0x36,0x00,0x8a,0xd5,
0x90,0x01,0x00,0x00,0x37,0x00,0x8a,0xd5,0x91,0x01,0x00,0x00,0x3a,0x00,0x8a,0xd5,
0x8f,0x01,0x00,0x00,0xa2,0x00,0x87,0xbf,0x37,0x00,0x11,0xd7,0x36,0x6f,0x02,0x00,
0x36,0x00,0x8a,0xd5,0x8d,0x01,0x00,0x00,0x36,0x00,0x11,0xd7,0x36,0x75,0x02,0x00,
0x00,0x07,0xfc,0xdb,0x46,0x00,0x00,0x3a,0x00,0x08,0xfc,0xdb,0x46,0x00,0x00,0x96,
0x02,0x00,0xc6,0xbf,0x11,0x40,0x40,0xcc,0x9b,0x6d,0x46,0x1c,0x01,0x00,0xc6,0xbf,
0x09,0x40,0x40,0xcc,0x3a,0x6d,0x26,0x1c,0x00,0x00,0xc6,0xbf,0x01,0x40,0x40,0xcc,
0x96,0x6d,0x06,0x1c,0x36,0x00,0x8a,0xd5,0x93,0x01,0x00,0x00,0x37,0x00,0x8a,0xd5,
0x94,0x01,0x00,0x00,0x38,0x00,0x8a,0xd5,0x95,0x01,0x00,0x00,0x3a,0x00,0x8a,0xd5,
0x92,0x01,0x00,0x00,0x12,0x01,0x87,0xbf,0x39,0x00,0x11,0xd7,0x37,0x71,0x02,0x00,
0x38,0x00,0x11,0xd7,0x36,0x75,0x02,0x00,0x36,0x00,0x8a,0xd5,0x8c,0x01,0x00,0x00,
0x37,0x00,0x8a,0xd5,0x8e,0x01,0x00,0x00,0x3a,0x00,0x8a,0xd5,0x8b,0x01,0x00,0x00,
0xa2,0x00,0x87,0xbf,0x37,0x00,0x11,0xd7,0x36,0x6f,0x02,0x00,0x36,0x00,0x8a,0xd5,
0x8a,0x01,0x00,0x00,0x36,0x00,0x11,0xd7,0x36,0x75,0x02,0x00,0x00,0x0c,0xfc,0xdb,
0x46,0x00,0x00,0x3a,0x00,0x0d,0xfc,0xdb,0x46,0x00,0x00,0x8a,0x01,0x00,0xc6,0xbf,
0x11,0x40,0x40,0xcc,0x3a,0x6d,0x46,0x1c,0x00,0x00,0xc6,0xbf,0x09,0x40,0x40,0xcc,
0x8a,0x6d,0x26,0x1c,0x00,0x0e,0xfc,0xdb,0x46,0x00,0x00,0x3a,0x00,0x12,0xfc,0xdb,
0x46,0x00,0x00,0x8a,0x01,0x00,0xc6,0xbf,0x01,0x40,0x40,0xcc,0x3a,0x6d,0x06,0x1c,
0x36,0x00,0x8a,0xd5,0x88,0x01,0x00,0x00,0x37,0x00,0x8a,0xd5,0x89,0x01,0x00,0x00,
0x38,0x00,0x8a,0xd5,0x9a,0x01,0x00,0x00,0x3a,0x00,0x8a,0xd5,0x87,0x01,0x00,0x00,
0x12,0x01,0x87,0xbf,0x39,0x00,0x11,0xd7,0x37,0x71,0x02,0x00,0x38,0x00,0x11,0xd7,
0x36,0x75,0x02,0x00,0x36,0x00,0x8a,0xd5,0x85,0x01,0x00,0x00,0x37,0x00,0x8a,0xd5,
0x86,0x01,0x00,0x00,0x3a,0x00,0x8a,0xd5,0x84,0x01,0x00,0x00,0xa2,0x00,0x87,0xbf,
0x37,0x00,0x11,0xd7,0x36,0x6f,0x02,0x00,0x36,0x00,0x8a,0xd5,0x83,0x01,0x00,0x00,
0x36,0x00,0x11,0xd7,0x36,0x75,0x02,0x00,0x00,0x13,0xfc,0xdb,0x46,0x00,0x00,0x3a,
0x00,0x14,0xfc,0xdb,0x46,0x00,0x00,0x83,0x00,0x00,0xc6,0xbf,0xc1,0x4e,0x80,0xbe,
0xff,0xff,0x94,0xbf,0x11,0x40,0x40,0xcc,0x8a,0x6d,0x46,0x1c,0x09,0x40,0x40,0xcc,
0x3a,0x6d,0x26,0x1c,0x01,0x40,0x40,0xcc,0x83,0x6d,0x06,0x1c,0xfd,0xff,0x88,0xbf,
0x80,0x03,0x07,0x03,0x91,0x00,0x87,0xbf,0x81,0x07,0x6d,0x08,0xff,0x6c,0x6e,0x10,
0x3b,0xaa,0xb8,0x3f,0xff,0x6c,0x36,0x7c,0xd0,0x8e,0xce,0xc2,0xa2,0x00,0x87,0xbf,
0x38,0x00,0x13,0xd6,0xff,0x6c,0xde,0x84,0x3b,0xaa,0xb8,0x3f,0x37,0x47,0x72,0x7e,
0xff,0x6c,0x0a,0xc8,0x37,0x73,0x36,0x38,0x5f,0x70,0xa5,0x32,0x21,0x01,0x87,0xbf,
0x37,0x71,0x6e,0x06,0x39,0x11,0x70,0x7e,0x37,0x4b,0x6e,0x7e,0xa5,0x00,0x87,0xbf,
0x37,0x00,0x1c,0xd7,0x37,0x71,0x02,0x00,0xfd,0xff,0x88,0xbf,0x80,0x6e,0x6e,0x02,
0xff,0x6c,0x3c,0x7c,0x18,0x72,0xb1,0x42,0xfd,0xff,0x88,0xbf,0x92,0x00,0x87,0xbf,
0xff,0x6e,0x02,0x03,0x00,0x00,0x80,0x7f,0x81,0x2d,0x2c,0x10,0x81,0x05,0x08,0x11,
0x81,0x07,0x0a,0x11,0x81,0x09,0x04,0x10,0x81,0x0d,0x08,0x10,0x81,0x0b,0x06,0x10,
0x81,0x0f,0x0a,0x10,0x81,0x11,0xca,0xc8,0x80,0x07,0x07,0x06,0x81,0x25,0x24,0x10,
0x81,0x27,0x26,0x10,0x81,0x29,0x28,0x10,0x81,0x2f,0x2e,0x10,0xff,0x0e,0x10,0x10,
0x3b,0xaa,0xb8,0x3f,0xff,0x0e,0x36,0x7c,0xd0,0x8e,0xce,0xc2,0x81,0x31,0x30,0x10,
0x81,0x15,0x14,0x10,0x81,0x17,0x16,0x10,0x36,0x00,0x13,0xd6,0xff,0x0e,0x22,0x84,
0x3b,0xaa,0xb8,0x3f,0x08,0x47,0x6e,0x7e,0x81,0x23,0x22,0x10,0x81,0x19,0x18,0x10,
0x81,0x1d,0x1c,0x10,0xff,0x0e,0x6c,0x56,0x5f,0x70,0xa5,0x32,0x08,0x6f,0x46,0xc9,
0x81,0x2b,0x14,0x08,0x81,0x1f,0x1e,0x10,0x81,0x21,0x20,0x10,0x23,0x01,0x87,0xbf,
0x08,0x6d,0x10,0x06,0x37,0x11,0x6c,0x7e,0x08,0x4b,0x10,0x7e,0xa5,0x00,0x87,0xbf,
0x08,0x00,0x1c,0xd7,0x08,0x6d,0x02,0x00,0xfd,0xff,0x88,0xbf,0x81,0x13,0xd2,0xc8,
0x80,0x10,0x08,0x09,0xff,0x0e,0x3c,0x7c,0x18,0x72,0xb1,0x42,0xfd,0xff,0x88,0xbf,
0x92,0x00,0x87,0xbf,0xff,0x10,0x0e,0x02,0x00,0x00,0x80,0x7f,0x7f,0x0f,0x0e,0x10,
0x81,0x1b,0x1a,0x10,0x02,0x00,0x87,0xbf,0x81,0x03,0xc0,0xc8,0x2c,0x0f,0x14,0x01,
0x29,0x0f,0x22,0x56,0x7f,0x00,0x13,0xd6,0x81,0x05,0x1f,0x04,0x2a,0x0f,0x24,0x56,
0x2b,0x0f,0x26,0x56,0x2d,0x0f,0x2a,0x56,0x2e,0x0f,0x2c,0x56,0x2f,0x0f,0x2e,0x56,
0x30,0x0f,0x30,0x56,0x21,0x0f,0x12,0x56,0x22,0x0f,0x14,0x56,0x23,0x0f,0x16,0x56,
0x24,0x0f,0x18,0x56,0x25,0x0f,0x1a,0x56,0x26,0x0f,0x1c,0x56,0x27,0x0f,0x1e,0x56,
0x28,0x0f,0x20,0x56,0x19,0x0f,0x02,0x56,0x1a,0x0f,0x08,0x57,0x1b,0x0f,0x0a,0x57,
0x1c,0x0f,0x04,0x56,0x1d,0x0f,0x06,0x56,0x1e,0x0f,0x08,0x56,0x1f,0x0f,0x0a,0x56,
0x20,0x0f,0x0c,0x56,0x07,0x7c,0xfc,0xd6,0x7f,0xff,0x46,0x04,0x91,0x02,0x87,0xbf,
0x07,0x55,0x10,0x7e,0x19,0x00,0x13,0xd6,0x07,0x11,0xca,0x23,0xa1,0x00,0x87,0xbf,
0x19,0x11,0x10,0x56,0x19,0x6a,0xfc,0xd6,0x11,0xff,0x46,0x04,0x19,0x11,0x34,0x10,
0x91,0x00,0x87,0xbf,0x1b,0x00,0x13,0xd6,0x07,0x35,0x66,0x24,0x1b,0x11,0x34,0x56,
0xa1,0x00,0x87,0xbf,0x07,0x00,0x13,0xd6,0x07,0x35,0x66,0x24,0xfd,0xff,0x88,0xbf,
0x07,0x00,0x37,0xd6,0x07,0x11,0x6a,0x04,0x08,0x7c,0xfc,0xd6,0x7f,0xff,0x4a,0x04,
0x91,0x02,0x87,0xbf,0x08,0x55,0x32,0x7e,0x1a,0x00,0x13,0xd6,0x08,0x33,0xca,0x23,
0xa1,0x00,0x87,0xbf,0x1a,0x33,0x32,0x56,0x1a,0x6a,0xfc,0xd6,0x12,0xff,0x4a,0x04,
0x1a,0x33,0x36,0x10,0x91,0x00,0x87,0xbf,0x1c,0x00,0x13,0xd6,0x08,0x37,0x6a,0x24,
0x1c,0x33,0x36,0x56,0xa1,0x00,0x87,0xbf,0x08,0x00,0x13,0xd6,0x08,0x37,0x6a,0x24,
0xfd,0xff,0x88,0xbf,0x08,0x00,0x37,0xd6,0x08,0x33,0x6e,0x04,0x19,0x7c,0xfc,0xd6,
0x7f,0xff,0x4e,0x04,0x12,0x01,0x87,0xbf,0x2a,0x00,0x27,0xd6,0x08,0xff,0x4a,0x04,
0x19,0x55,0x34,0x7e,0x95,0x00,0x87,0xbf,0x1b,0x00,0x13,0xd6,0x19,0x35,0xca,0x23,
0x1b,0x35,0x34,0x56,0x1b,0x6a,0xfc,0xd6,0x13,0xff,0x4e,0x04,0xb1,0x01,0x87,0xbf,
0x1b,0x35,0x38,0x10,0x29,0x00,0x27,0xd6,0x07,0xff,0x46,0x04,0x07,0x7c,0xfc,0xd6,
0x7f,0xff,0x56,0x04,0x1d,0x00,0x13,0xd6,0x19,0x39,0x6e,0x24,0x92,0x00,0x87,0xbf,
0x07,0x55,0x10,0x7e,0x1d,0x35,0x38,0x56,0x91,0x02,0x87,0xbf,0x19,0x00,0x13,0xd6,
0x19,0x39,0x6e,0x24,0x11,0x00,0x13,0xd6,0x07,0x11,0xca,0x23,0xfd,0xff,0x88,0xbf,
0xa2,0x01,0x87,0xbf,0x19,0x00,0x37,0xd6,0x19,0x35,0x72,0x04,0x1a,0x7c,0xfc,0xd6,
0x7f,0xff,0x52,0x04,0x11,0x11,0x10,0x56,0x93,0x01,0x87,0xbf,0x2b,0x00,0x27,0xd6,
0x19,0xff,0x4e,0x04,0x1a,0x55,0x36,0x7e,0x95,0x00,0x87,0xbf,0x1c,0x00,0x13,0xd6,
0x1a,0x37,0xca,0x23,0x1c,0x37,0x36,0x56,0x1c,0x6a,0xfc,0xd6,0x14,0xff,0x52,0x04,
0x91,0x00,0x87,0xbf,0x1c,0x37,0x3a,0x10,0x1e,0x00,0x13,0xd6,0x1a,0x3b,0x72,0x24,
0x91,0x00,0x87,0xbf,0x1e,0x37,0x3a,0x56,0x1a,0x00,0x13,0xd6,0x1a,0x3b,0x72,0x24,
0xfd,0xff,0x88,0xbf,0x21,0x01,0x87,0xbf,0x1a,0x00,0x37,0xd6,0x1a,0x37,0x76,0x04,
0x11,0x6a,0xfc,0xd6,0x15,0xff,0x56,0x04,0x2c,0x00,0x27,0xd6,0x1a,0xff,0x52,0x04,
0x92,0x00,0x87,0xbf,0x11,0x11,0x24,0x10,0x1b,0x00,0x13,0xd6,0x07,0x25,0x46,0x24,
0x91,0x00,0x87,0xbf,0x1b,0x11,0x24,0x56,0x07,0x00,0x13,0xd6,0x07,0x25,0x46,0x24,
0xfd,0xff,0x88,0xbf,0x21,0x01,0x87,0xbf,0x07,0x00,0x37,0xd6,0x07,0x11,0x4a,0x04,
0x08,0x7c,0xfc,0xd6,0x7f,0xff,0x5a,0x04,0x2d,0x00,0x27,0xd6,0x07,0xff,0x56,0x04,
0x92,0x02,0x87,0xbf,0x08,0x55,0x22,0x7e,0x12,0x00,0x13,0xd6,0x08,0x23,0xca,0x23,
0xa1,0x00,0x87,0xbf,0x12,0x23,0x22,0x56,0x12,0x6a,0xfc,0xd6,0x16,0xff,0x5a,0x04,
0x12,0x23,0x26,0x10,0x91,0x00,0x87,0xbf,0x19,0x00,0x13,0xd6,0x08,0x27,0x4a,0x24,
0x19,0x23,0x26,0x56,0xa1,0x00,0x87,0xbf,0x08,0x00,0x13,0xd6,0x08,0x27,0x4a,0x24,
0xfd,0xff,0x88,0xbf,0x08,0x00,0x37,0xd6,0x08,0x23,0x4e,0x04,0x11,0x7c,0xfc,0xd6,
0x7f,0xff,0x5e,0x04,0x12,0x01,0x87,0xbf,0x2e,0x00,0x27,0xd6,0x08,0xff,0x5a,0x04,
0x11,0x55,0x24,0x7e,0x95,0x00,0x87,0xbf,0x13,0x00,0x13,0xd6,0x11,0x25,0xca,0x23,
0x13,0x25,0x24,0x56,0x13,0x6a,0xfc,0xd6,0x17,0xff,0x5e,0x04,0x07,0x7c,0xfc,0xd6,
0x7f,0xff,0x26,0x04,0x12,0x01,0x87,0xbf,0x13,0x25,0x28,0x10,0x07,0x55,0x10,0x7e,
0x91,0x00,0x87,0xbf,0x19,0x00,0x13,0xd6,0x11,0x29,0x4e,0x24,0x19,0x25,0x28,0x56,
0xa1,0x00,0x87,0xbf,0x11,0x00,0x13,0xd6,0x11,0x29,0x4e,0x24,0xfd,0xff,0x88,0xbf,
0x11,0x00,0x37,0xd6,0x11,0x25,0x52,0x04,0x12,0x7c,0xfc,0xd6,0x7f,0xff,0x62,0x04,
0x12,0x01,0x87,0xbf,0x2f,0x00,0x27,0xd6,0x11,0xff,0x5e,0x04,0x12,0x55,0x26,0x7e,
0x95,0x00,0x87,0xbf,0x14,0x00,0x13,0xd6,0x12,0x27,0xca,0x23,0x14,0x27,0x26,0x56,
0x14,0x6a,0xfc,0xd6,0x18,0xff,0x62,0x04,0x91,0x00,0x87,0xbf,0x14,0x27,0x32,0x10,
0x1a,0x00,0x13,0xd6,0x12,0x33,0x52,0x24,0x91,0x00,0x87,0xbf,0x1a,0x27,0x32,0x56,
0x12,0x00,0x13,0xd6,0x12,0x33,0x52,0x24,0xfd,0xff,0x88,0xbf,0x21,0x01,0x87,0xbf,
0x12,0x00,0x37,0xd6,0x12,0x27,0x66,0x04,0x13,0x00,0x13,0xd6,0x07,0x11,0xca,0x23,
0x30,0x00,0x27,0xd6,0x12,0xff,0x62,0x04,0xa2,0x00,0x87,0xbf,0x13,0x11,0x10,0x56,
0x13,0x6a,0xfc,0xd6,0x09,0xff,0x26,0x04,0x13,0x11,0x28,0x10,0x91,0x00,0x87,0xbf,
0x15,0x00,0x13,0xd6,0x07,0x29,0x4e,0x24,0x15,0x11,0x28,0x56,0xa1,0x00,0x87,0xbf,
0x07,0x00,0x13,0xd6,0x07,0x29,0x4e,0x24,0xfd,0xff,0x88,0xbf,0x07,0x00,0x37,0xd6,
0x07,0x11,0x52,0x04,0x08,0x7c,0xfc,0xd6,0x7f,0xff,0x2a,0x04,0x12,0x01,0x87,0xbf,
0x21,0x00,0x27,0xd6,0x07,0xff,0x26,0x04,0x08,0x55,0x22,0x7e,0x07,0x7c,0xfc,0xd6,
0x7f,0xff,0x36,0x04,0x95,0x00,0x87,0xbf,0x13,0x00,0x13,0xd6,0x08,0x23,0xca,0x23,
0x13,0x23,0x22,0x56,0x13,0x6a,0xfc,0xd6,0x0a,0xff,0x2a,0x04,0x91,0x00,0x87,0xbf,
0x13,0x23,0x28,0x10,0x15,0x00,0x13,0xd6,0x08,0x29,0x4e,0x24,0x91,0x00,0x87,0xbf,
0x15,0x23,0x28,0x56,0x08,0x00,0x13,0xd6,0x08,0x29,0x4e,0x24,0xfd,0xff,0x88,0xbf,
0x21,0x01,0x87,0xbf,0x08,0x00,0x37,0xd6,0x08,0x23,0x52,0x04,0x11,0x7c,0xfc,0xd6,
0x7f,0xff,0x2e,0x04,0x22,0x00,0x27,0xd6,0x08,0xff,0x2a,0x04,0x22,0x03,0x87,0xbf,
0x11,0x55,0x24,0x7e,0x07,0x55,0x10,0x7e,0x13,0x00,0x13,0xd6,0x11,0x25,0xca,0x23,
0x15,0x01,0x87,0xbf,0x09,0x00,0x13,0xd6,0x07,0x11,0xca,0x23,0x13,0x25,0x24,0x56,
0xa2,0x00,0x87,0xbf,0x09,0x11,0x10,0x56,0x13,0x6a,0xfc,0xd6,0x0b,0xff,0x2e,0x04,
0x13,0x25,0x28,0x10,0x91,0x00,0x87,0xbf,0x15,0x00,0x13,0xd6,0x11,0x29,0x4e,0x24,
0x15,0x25,0x28,0x56,0xa1,0x00,0x87,0xbf,0x11,0x00,0x13,0xd6,0x11,0x29,0x4e,0x24,
0xfd,0xff,0x88,0xbf,0x11,0x00,0x37,0xd6,0x11,0x25,0x52,0x04,0x12,0x7c,0xfc,0xd6,
0x7f,0xff,0x32,0x04,0x12,0x01,0x87,0xbf,0x23,0x00,0x27,0xd6,0x11,0xff,0x2e,0x04,
0x12,0x55,0x26,0x7e,0x95,0x00,0x87,0xbf,0x14,0x00,0x13,0xd6,0x12,0x27,0xca,0x23,
0x14,0x27,0x26,0x56,0x14,0x6a,0xfc,0xd6,0x0c,0xff,0x32,0x04,0x91,0x00,0x87,0xbf,
0x14,0x27,0x2a,0x10,0x16,0x00,0x13,0xd6,0x12,0x2b,0x52,0x24,0x91,0x00,0x87,0xbf,
0x16,0x27,0x2a,0x56,0x12,0x00,0x13,0xd6,0x12,0x2b,0x52,0x24,0xfd,0xff,0x88,0xbf,
0x21,0x01,0x87,0xbf,0x12,0x00,0x37,0xd6,0x12,0x27,0x56,0x04,0x09,0x6a,0xfc,0xd6,
0x0d,0xff,0x36,0x04,0x24,0x00,0x27,0xd6,0x12,0xff,0x32,0x04,0x92,0x00,0x87,0xbf,
0x09,0x11,0x14,0x10,0x13,0x00,0x13,0xd6,0x07,0x15,0x26,0x24,0x91,0x00,0x87,0xbf,
0x13,0x11,0x14,0x56,0x07,0x00,0x13,0xd6,0x07,0x15,0x26,0x24,0xfd,0xff,0x88,0xbf,
0x21,0x01,0x87,0xbf,0x07,0x00,0x37,0xd6,0x07,0x11,0x2a,0x04,0x08,0x7c,0xfc,0xd6,
0x7f,0xff,0x3a,0x04,0x25,0x00,0x27,0xd6,0x07,0xff,0x36,0x04,0xa2,0x02,0x87,0xbf,
0x08,0x55,0x12,0x7e,0x07,0x7c,0xfc,0xd6,0x7f,0xff,0x06,0x04,0x0a,0x00,0x13,0xd6,
0x08,0x13,0xca,0x23,0xa1,0x00,0x87,0xbf,0x0a,0x13,0x12,0x56,0x0a,0x6a,0xfc,0xd6,
0x0e,0xff,0x3a,0x04,0x0a,0x13,0x16,0x10,0x91,0x00,0x87,0xbf,0x11,0x00,0x13,0xd6,
0x08,0x17,0x2a,0x24,0x11,0x13,0x16,0x56,0xa1,0x00,0x87,0xbf,0x08,0x00,0x13,0xd6,
0x08,0x17,0x2a,0x24,0xfd,0xff,0x88,0xbf,0x08,0x00,0x37,0xd6,0x08,0x13,0x2e,0x04,
0x09,0x7c,0xfc,0xd6,0x7f,0xff,0x3e,0x04,0x12,0x01,0x87,0xbf,0x26,0x00,0x27,0xd6,
0x08,0xff,0x3a,0x04,0x09,0x55,0x14,0x7e,0x07,0x55,0x10,0x7e,0x96,0x00,0x87,0xbf,
0x0b,0x00,0x13,0xd6,0x09,0x15,0xca,0x23,0x0b,0x15,0x14,0x56,0x0b,0x6a,0xfc,0xd6,
0x0f,0xff,0x3e,0x04,0x91,0x00,0x87,0xbf,0x0b,0x15,0x18,0x10,0x11,0x00,0x13,0xd6,
0x09,0x19,0x2e,0x24,0x91,0x00,0x87,0xbf,0x11,0x15,0x18,0x56,0x09,0x00,0x13,0xd6,
0x09,0x19,0x2e,0x24,0xfd,0xff,0x88,0xbf,0x21,0x01,0x87,0xbf,0x09,0x00,0x37,0xd6,
0x09,0x15,0x32,0x04,0x0a,0x7c,0xfc,0xd6,0x7f,0xff,0x42,0x04,0x27,0x00,0x27,0xd6,
0x09,0xff,0x3e,0x04,0x92,0x02,0x87,0xbf,0x0a,0x55,0x16,0x7e,0x0c,0x00,0x13,0xd6,
0x0a,0x17,0xca,0x23,0xa1,0x00,0x87,0xbf,0x0c,0x17,0x16,0x56,0x0c,0x6a,0xfc,0xd6,
0x10,0xff,0x42,0x04,0x0c,0x17,0x22,0x10,0x91,0x00,0x87,0xbf,0x12,0x00,0x13,0xd6,
0x0a,0x23,0x32,0x24,0x12,0x17,0x22,0x56,0xa1,0x00,0x87,0xbf,0x0a,0x00,0x13,0xd6,
0x0a,0x23,0x32,0x24,0xfd,0xff,0x88,0xbf,0x0a,0x00,0x37,0xd6,0x0a,0x17,0x46,0x04,
0x0b,0x00,0x13,0xd6,0x07,0x11,0xca,0x23,0x12,0x01,0x87,0xbf,0x28,0x00,0x27,0xd6,
0x0a,0xff,0x42,0x04,0x0b,0x11,0x10,0x56,0x0b,0x6a,0xfc,0xd6,0x01,0xff,0x06,0x04,
0x91,0x00,0x87,0xbf,0x0b,0x11,0x18,0x10,0x0d,0x00,0x13,0xd6,0x07,0x19,0x2e,0x24,
0x91,0x00,0x87,0xbf,0x0d,0x11,0x18,0x56,0x07,0x00,0x13,0xd6,0x07,0x19,0x2e,0x24,
0xfd,0xff,0x88,0xbf,0x21,0x01,0x87,0xbf,0x07,0x00,0x37,0xd6,0x07,0x11,0x32,0x04,
0x08,0x7c,0xfc,0xd6,0x7f,0xff,0x12,0x06,0x19,0x00,0x27,0xd6,0x07,0xff,0x06,0x04,
0xa2,0x00,0x87,0xbf,0x08,0x55,0x12,0x7e,0x01,0x7c,0xfc,0xd6,0x7f,0xff,0x0e,0x04,
0x01,0x55,0x0e,0x7e,0x96,0x00,0x87,0xbf,0x0b,0x00,0x13,0xd6,0x08,0x13,0xca,0x23,
0x0b,0x13,0x12,0x56,0x0b,0x6a,0xfc,0xd6,0x84,0xff,0x12,0x06,0x91,0x00,0x87,0xbf,
0x0b,0x13,0x18,0x10,0x0d,0x00,0x13,0xd6,0x08,0x19,0x2e,0x24,0x91,0x00,0x87,0xbf,
0x0d,0x13,0x18,0x56,0x08,0x00,0x13,0xd6,0x08,0x19,0x2e,0x24,0xfd,0xff,0x88,0xbf,
0x21,0x01,0x87,0xbf,0x08,0x00,0x37,0xd6,0x08,0x13,0x32,0x04,0x09,0x7c,0xfc,0xd6,
0x7f,0xff,0x16,0x06,0x1a,0x00,0x27,0xd6,0x08,0xff,0x12,0x06,0xa2,0x00,0x87,0xbf,
0x09,0x55,0x14,0x7e,0x08,0x00,0x13,0xd6,0x01,0x0f,0xca,0x23,0x08,0x0f,0x0e,0x56,
0x95,0x00,0x87,0xbf,0x0b,0x00,0x13,0xd6,0x09,0x15,0xca,0x23,0x0b,0x15,0x14,0x56,
0x0b,0x6a,0xfc,0xd6,0x85,0xff,0x16,0x06,0x91,0x00,0x87,0xbf,0x0b,0x15,0x18,0x10,
0x0d,0x00,0x13,0xd6,0x09,0x19,0x2e,0x24,0x91,0x00,0x87,0xbf,0x0d,0x15,0x18,0x56,
0x09,0x00,0x13,0xd6,0x09,0x19,0x2e,0x24,0xfd,0xff,0x88,0xbf,0x21,0x01,0x87,0xbf,
0x09,0x00,0x37,0xd6,0x09,0x15,0x32,0x04,0x0a,0x7c,0xfc,0xd6,0x7f,0xff,0x0a,0x04,
0x1b,0x00,0x27,0xd6,0x09,0xff,0x16,0x06,0x92,0x02,0x87,0xbf,0x0a,0x55,0x16,0x7e,
0x0c,0x00,0x13,0xd6,0x0a,0x17,0xca,0x23,0xa1,0x00,0x87,0xbf,0x0c,0x17,0x16,0x56,
0x0c,0x6a,0xfc,0xd6,0x02,0xff,0x0a,0x04,0x0c,0x17,0x1a,0x10,0x91,0x00,0x87,0xbf,
0x0e,0x00,0x13,0xd6,0x0a,0x1b,0x32,0x24,0x0e,0x17,0x1a,0x56,0xa1,0x00,0x87,0xbf,
0x0a,0x00,0x13,0xd6,0x0a,0x1b,0x32,0x24,0xfd,0xff,0x88,0xbf,0x0a,0x00,0x37,0xd6,
0x0a,0x17,0x36,0x04,0x08,0x6a,0xfc,0xd6,0x03,0xff,0x0e,0x04,0x12,0x01,0x87,0xbf,
0x1c,0x00,0x27,0xd6,0x0a,0xff,0x0a,0x04,0x08,0x0f,0x12,0x10,0x91,0x00,0x87,0xbf,
0x0b,0x00,0x13,0xd6,0x01,0x13,0x22,0x24,0x0b,0x0f,0x12,0x56,0xa1,0x00,0x87,0xbf,
0x01,0x00,0x13,0xd6,0x01,0x13,0x22,0x24,0xfd,0xff,0x88,0xbf,0x01,0x00,0x37,0xd6,
0x01,0x0f,0x26,0x04,0x07,0x7c,0xfc,0xd6,0x7f,0xff,0x12,0x04,0x12,0x01,0x87,0xbf,
0x1d,0x00,0x27,0xd6,0x01,0xff,0x0e,0x04,0x07,0x55,0x10,0x7e,0x95,0x00,0x87,0xbf,
0x09,0x00,0x13,0xd6,0x07,0x11,0xca,0x23,0x09,0x11,0x10,0x56,0x09,0x6a,0xfc,0xd6,
0x04,0xff,0x12,0x04,0x91,0x00,0x87,0xbf,0x09,0x11,0x16,0x10,0x0c,0x00,0x13,0xd6,
0x07,0x17,0x26,0x24,0x91,0x00,0x87,0xbf,0x0c,0x11,0x16,0x56,0x07,0x00,0x13,0xd6,
0x07,0x17,0x26,0x24,0xfd,0xff,0x88,0xbf,0x21,0x01,0x87,0xbf,0x07,0x00,0x37,0xd6,
0x07,0x11,0x2e,0x04,0x08,0x7c,0xfc,0xd6,0x7f,0xff,0x16,0x04,0x1e,0x00,0x27,0xd6,
0x07,0xff,0x12,0x04,0x92,0x02,0x87,0xbf,0x08,0x55,0x12,0x7e,0x0b,0x00,0x13,0xd6,
0x08,0x13,0xca,0x23,0xa1,0x00,0x87,0xbf,0x0b,0x13,0x12,0x56,0x0b,0x6a,0xfc,0xd6,
0x05,0xff,0x16,0x04,0x0b,0x13,0x18,0x10,0x91,0x00,0x87,0xbf,0x0d,0x00,0x13,0xd6,
0x08,0x19,0x2e,0x24,0x0d,0x13,0x18,0x56,0xa1,0x00,0x87,0xbf,0x08,0x00,0x13,0xd6,
0x08,0x19,0x2e,0x24,0xfd,0xff,0x88,0xbf,0x08,0x00,0x37,0xd6,0x08,0x13,0x32,0x04,
0x09,0x7c,0xfc,0xd6,0x7f,0xff,0x1a,0x04,0x12,0x01,0x87,0xbf,0x1f,0x00,0x27,0xd6,
0x08,0xff,0x16,0x04,0x09,0x55,0x16,0x7e,0x95,0x00,0x87,0xbf,0x0c,0x00,0x13,0xd6,
0x09,0x17,0xca,0x23,0x0c,0x17,0x16,0x56,0x0c,0x6a,0xfc,0xd6,0x06,0xff,0x1a,0x04,
0x91,0x00,0x87,0xbf,0x0c,0x17,0x1a,0x10,0x0e,0x00,0x13,0xd6,0x09,0x1b,0x32,0x24,
0x91,0x00,0x87,0xbf,0x0e,0x17,0x1a,0x56,0x09,0x00,0x13,0xd6,0x09,0x1b,0x32,0x24,
0xfd,0xff,0x88,0xbf,0x91,0x00,0x87,0xbf,0x09,0x00,0x37,0xd6,0x09,0x17,0x36,0x04,
0x20,0x00,0x27,0xd6,0x09,0xff,0x1a,0x04,0x02,0x00,0xa1,0xbf,0x83,0x03,0x00,0x7f,
0xea,0xe6,0xa0,0xbf,0x83,0x00,0x02,0x30,0x81,0x00,0x08,0x32,0x8f,0x00,0x06,0x36,
0x04,0x00,0x60,0xd7,0xff,0x05,0x01,0x00,0x06,0x00,0x60,0xd7,0xff,0x0f,0x01,0x00,
0x05,0x00,0x60,0xd7,0xff,0x07,0x01,0x00,0x07,0x00,0x60,0xd7,0xff,0x11,0x01,0x00,
0x88,0x08,0x04,0x36,0x03,0x00,0x57,0xd6,0x04,0x61,0x0d,0x04,0x08,0x00,0x10,0xd6,
0x00,0x03,0x19,0x02,0x87,0x00,0x08,0x32,0x88,0x02,0x12,0x36,0x04,0x06,0x84,0xaa,
0x03,0x00,0x60,0xd7,0xff,0x1b,0x01,0x00,0xfe,0xff,0x88,0xbf,0x06,0x05,0x01,0x81,
0x04,0x00,0x60,0xd7,0xff,0x01,0x01,0x00,0x82,0x04,0x00,0x30,0x86,0x10,0x02,0x30,
0x8c,0x08,0x04,0x30,0x82,0x12,0x0a,0x30,0xfe,0xff,0x88,0xbf,0x01,0x68,0x01,0x85,
0x03,0x08,0x18,0x4a,0xfe,0xff,0x88,0xbf,0x01,0x04,0x03,0x96,0x04,0x00,0x60,0xd7,
0xff,0x0d,0x01,0x00,0x0a,0x00,0x56,0xd6,0x03,0x0d,0x01,0x04,0x0b,0x00,0x58,0xd6,
0x01,0x05,0x16,0x04,0xfe,0xff,0x88,0xbf,0x06,0x03,0x83,0x81,0x00,0x00,0xc6,0xbf,
0x01,0x04,0x01,0x96,0x04,0x00,0x60,0xd7,0xff,0x35,0x01,0x00,0xc1,0x4e,0x80,0xbe,
0xff,0xff,0x94,0xbf,0x10,0x00,0x7c,0xdb,0x0a,0x2d,0x00,0x00,0x00,0x00,0x7c,0xdb,
0x0a,0x29,0x00,0x00,0x00,0x00,0xc6,0xbf,0xc1,0x4e,0x80,0xbe,0xff,0xff,0x94,0xbf,
0x00,0x00,0xfc,0xdb,0x0b,0x00,0x00,0x00,0x10,0x00,0xfc,0xdb,0x0b,0x00,0x00,0x04,
0xfe,0xff,0x88,0xbf,0x03,0x02,0x03,0x96,0x08,0x00,0x56,0xd6,0x0c,0x0d,0x21,0x04,
0x04,0x12,0x12,0x38,0xfe,0xff,0x88,0xbf,0x03,0x01,0x04,0x81,0x05,0x00,0x60,0xd7,
0xff,0x03,0x01,0x00,0xfe,0xff,0x88,0xbf,0x04,0x9f,0x05,0x86,0x0c,0x00,0x2c,0xd7,
0x08,0x01,0x00,0x00,0xfe,0xff,0x88,0xbf,0x04,0x81,0x80,0x84,0x04,0x00,0x60,0xd7,
0xff,0x09,0x01,0x00,0x05,0x00,0x60,0xd7,0xff,0x0b,0x01,0x00,0x02,0x12,0x88,0x7c,
0x08,0x00,0x60,0xd7,0xff,0x25,0x01,0x00,0x0a,0x00,0x60,0xd7,0xff,0x29,0x01,0x00,
0xff,0x00,0x87,0xbe,0x00,0x40,0x00,0x31,0xfe,0xff,0x88,0xbf,0x04,0x00,0x84,0xa9,
0x00,0x00,0x44,0xd4,0x65,0x10,0x02,0x00,0x08,0x00,0x47,0xd6,0x0c,0x13,0x06,0x02,
0x0a,0x00,0x86,0xbe,0x01,0x00,0xc6,0xbf,0x00,0x15,0x00,0x7e,0x01,0x15,0x1a,0x7e,
0x6a,0x00,0x01,0x8b,0x02,0x15,0x02,0x7e,0x03,0x15,0x1c,0x7e,0x00,0x00,0xc6,0xbf,
0x04,0x15,0x04,0x7e,0x06,0x15,0x06,0x7e,0x07,0x15,0x08,0x7e,0x05,0x15,0x0a,0x7e,
0xfe,0xff,0x88,0xbf,0x06,0x00,0x01,0xd5,0xff,0x00,0x05,0x00,0x00,0x00,0x00,0x80,
0x01,0x00,0x11,0xd7,0x01,0x1d,0x02,0x00,0x00,0x00,0x11,0xd7,0x00,0x1b,0x02,0x00,
0x03,0x00,0x11,0xd7,0x03,0x09,0x02,0x00,0x02,0x00,0x11,0xd7,0x02,0x0b,0x02,0x00,
0x06,0x11,0x08,0x4a,0x05,0xff,0x05,0x8b,0xff,0xff,0x00,0x00,0x90,0x12,0x18,0x4a,
0xa0,0x12,0x12,0x4a,0x09,0x00,0x60,0xd7,0xff,0x27,0x01,0x00,0x7c,0x40,0x07,0xc4,
0x00,0x08,0x80,0x40,0x04,0x00,0x00,0x00,0x00,0x00,0xc6,0xbf,0xc1,0x4e,0x80,0xbe,
0xff,0xff,0x94,0xbf,0x10,0x00,0x7c,0xdb,0x0a,0x25,0x00,0x00,0x00,0x00,0x7c,0xdb,
0x0a,0x21,0x00,0x00,0x00,0x00,0xc6,0xbf,0xc1,0x4e,0x80,0xbe,0xff,0xff,0x94,0xbf,
0x00,0x00,0xfc,0xdb,0x0b,0x00,0x00,0x00,0x10,0x00,0xfc,0xdb,0x0b,0x00,0x00,0x04,
0x02,0x18,0x88,0x7c,0x0b,0x00,0x60,0xd7,0xff,0x2b,0x01,0x00,0x6a,0x00,0x01,0x8b,
0x02,0x12,0x88,0x7c,0xfe,0xff,0x88,0xbf,0x0d,0x00,0x01,0xd5,0xff,0x00,0x05,0x00,
0x00,0x00,0x00,0x80,0x6a,0x00,0x00,0x8b,0x01,0x00,0xc6,0xbf,0x00,0x15,0x00,0x7e,
0x01,0x15,0x18,0x7e,0x02,0x15,0x02,0x7e,0x00,0x00,0xc6,0xbf,0x04,0x15,0x04,0x7e,
0x06,0x15,0x08,0x7e,0x07,0x15,0x0c,0x7e,0x05,0x15,0x0a,0x7e,0x03,0x15,0x0e,0x7e,
0x00,0x00,0x11,0xd7,0x00,0x19,0x02,0x00,0x14,0x02,0x87,0xbf,0x03,0x00,0x11,0xd7,
0x04,0x0d,0x02,0x00,0x02,0x00,0x11,0xd7,0x02,0x0b,0x02,0x00,0x04,0x00,0x87,0xbf,
0x01,0x00,0x11,0xd7,0x01,0x0f,0x02,0x00,0x08,0x1b,0x08,0x4a,0x7c,0x40,0x07,0xc4,
0x00,0x08,0x80,0x40,0x04,0x20,0x00,0x00,0x00,0x00,0xc6,0xbf,0xc1,0x4e,0x80,0xbe,
0xff,0xff,0x94,0xbf,0x10,0x00,0x7c,0xdb,0x0a,0x1d,0x00,0x00,0x00,0x00,0x7c,0xdb,
0x0a,0x19,0x00,0x00,0x00,0x00,0xc6,0xbf,0xc1,0x4e,0x80,0xbe,0xff,0xff,0x94,0xbf,
0x00,0x00,0xfc,0xdb,0x0b,0x00,0x00,0x00,0x10,0x00,0xfc,0xdb,0x0b,0x00,0x00,0x04,
0x0a,0x00,0x01,0xd5,0xff,0x00,0x01,0x00,0x00,0x00,0x00,0x80,0x01,0x00,0xc6,0xbf,
0x00,0x15,0x00,0x7e,0x01,0x15,0x12,0x7e,0x02,0x15,0x02,0x7e,0x00,0x00,0xc6,0xbf,
0x04,0x15,0x04,0x7e,0x06,0x15,0x08,0x7e,0x07,0x15,0x0c,0x7e,0x05,0x15,0x0a,0x7e,
0x03,0x15,0x0e,0x7e,0x00,0x00,0x11,0xd7,0x00,0x13,0x02,0x00,0x14,0x02,0x87,0xbf,
0x03,0x00,0x11,0xd7,0x04,0x0d,0x02,0x00,0x02,0x00,0x11,0xd7,0x02,0x0b,0x02,0x00,
0x04,0x00,0x87,0xbf,0x01,0x00,0x11,0xd7,0x01,0x0f,0x02,0x00,0x08,0x15,0x08,0x4a,
0x7c,0x40,0x07,0xc4,0x00,0x08,0x80,0x40,0x04,0x40,0x00,0x00,0x00,0x00,0x80,0xbf,
0x03,0x00,0xb6,0xbf,0x00,0x00,0xb0,0xbf,0x4f,0xe0,0xa0,0xbf,0x2e,0xe1,0xa0,0xbf,
0x06,0xe2,0xa0,0xbf,0xde,0xe2,0xa0,0xbf,0x00,0x00,0x00,0x00,0x00,0x00,0x00,0x00,
0x00,0x00,0x00,0x00,0x00,0x00,0x00,0x00,0x00,0x00,0x00,0x00,0x00,0x00,0x00,0x00,
0x00,0x00,0x00,0x00,0x00,0x00,0x00,0x00,0x00,0x00,0x00,0x00,0x00,0x00,0x00,0x00,
0x00,0x00,0x00,0x00,0x00,0x00,0x00,0x00,0x00,0x00,0x00,0x00,0x00,0x00,0x00,0x00,
0x50,0x48,0x00,0x00,0x00,0x00,0x00,0x00,0x38,0x01,0x00,0x00,0x00,0x00,0x00,0x00,
0x00,0x00,0x00,0x00,0x00,0x00,0x00,0x00,0x00,0x00,0x00,0x00,0x00,0x00,0x00,0x00,
0x00,0x00,0x00,0x00,0x00,0x00,0x00,0x00,0x00,0x00,0x00,0x00,0xf0,0x0f,0x00,0x00,
0x1f,0x00,0x0f,0xc0,0x84,0x00,0x00,0x00,0x08,0x04,0x00,0x00,0x00,0x00,0x00,0x00,
0x10,0x00,0x00,0x00,0x00,0x00,0x00,0x00,0x00,0x00,0x00,0x00,0x00,0x00,0x00,0x00,
0x00,0x00,0x00,0x00,0x00,0x00,0x00,0x00,0x00,0x00,0x00,0x00,0x00,0x00,0x00,0x00,
0x00,0x00,0x00,0x00,0x00,0x00,0x00,0x00,0xf0,0xff,0xff,0xff,0xff,0xff,0xff,0xff,
0xf0,0xff,0xff,0xff,0xff,0xff,0xff,0xff,0x00,0x00,0x00,0x00,0x00,0x00,0x00,0x00,
0x00,0x00,0x00,0x00,0x00,0x00,0x00,0x00,0x00,0x00,0x00,0x00,0x00,0x00,0x00,0x00,
0x10,0x00,0x00,0x00,0x00,0x00,0x00,0x00,0x00,0x00,0x00,0x00,0x00,0x00,0x00,0x00,
0x00,0x00,0x00,0x00,0x00,0x00,0x00,0x00,0x00,0x00,0x00,0x00,0x00,0x00,0x00,0x00,
0x00,0x00,0x00,0x00,0x00,0x00,0x00,0x00,0xf0,0xff,0xff,0xff,0xff,0xff,0xff,0xff,
0xf0,0xff,0xff,0xff,0xff,0xff,0xff,0xff,0x00,0x00,0x00,0x00,0x00,0x00,0x00,0x00,
0x00,0x00,0x00,0x00,0x00,0x00,0x00,0x00,0x00,0x00,0x00,0x00,0x00,0x00,0x00,0x00,
0x18,0x00,0x00,0x00,0x00,0x00,0x00,0x00,0x00,0x00,0x00,0x00,0x00,0x00,0x00,0x00,
0x00,0x00,0x00,0x00,0x00,0x00,0x00,0x00,0x00,0x00,0x00,0x00,0x00,0x00,0x00,0x00,
0x00,0x00,0x00,0x00,0x00,0x00,0x00,0x00,0xe8,0xff,0xff,0xff,0xff,0xff,0xff,0xff,
0xe8,0xff,0xff,0xff,0xff,0xff,0xff,0xff,0x00,0x00,0x00,0x00,0x00,0x00,0x00,0x00,
0x00,0x00,0x00,0x00,0x00,0x00,0x00,0x00,0x00,0x00,0x00,0x00,0x00,0x00,0x00,0x00,
0x18,0x00,0x00,0x00,0x00,0x00,0x00,0x00,0x00,0x00,0x00,0x00,0x00,0x00,0x00,0x00,
0x00,0x00,0x00,0x00,0x00,0x00,0x00,0x00,0x00,0x00,0x00,0x00,0x00,0x00,0x00,0x00,
0x00,0x00,0x00,0x00,0x00,0x00,0x00,0x00,0xe8,0xff,0xff,0xff,0xff,0xff,0xff,0xff,
0xe8,0xff,0xff,0xff,0xff,0xff,0xff,0xff,0x00,0x00,0x00,0x00,0x00,0x00,0x00,0x00,
0x00,0x00,0x00,0x00,0x00,0x00,0x00,0x00,0x00,0x00,0x00,0x00,0x00,0x00,0x00,0x00,
0x20,0x00,0x00,0x00,0x00,0x00,0x00,0x00,0x00,0x00,0x00,0x00,0x00,0x00,0x00,0x00,
0x00,0x00,0x00,0x00,0x00,0x00,0x00,0x00,0x00,0x00,0x00,0x00,0x00,0x00,0x00,0x00,
0x00,0x00,0x00,0x00,0x00,0x00,0x00,0x00,0x20,0x00,0x00,0x00,0x00,0x00,0x00,0x00,
0x00,0x00,0x00,0x00,0x00,0x00,0x00,0x00,0x00,0x00,0x00,0x00,0x00,0x00,0x00,0x00,
0x00,0x00,0x00,0x00,0x00,0x00,0x00,0x00,0x00,0x00,0x00,0x00,0x00,0x00,0x00,0x00,
0x10,0x00,0x00,0x00,0x00,0x00,0x00,0x00,0xf0,0xff,0xff,0xff,0xff,0xff,0xff,0xff,
0x00,0x00,0x00,0x00,0x00,0x00,0x00,0x00,0x00,0x00,0x00,0x00,0x00,0x00,0x00,0x00,
0x00,0x00,0x00,0x00,0x00,0x00,0x00,0x00,0xe0,0xff,0xff,0xff,0xff,0xff,0xff,0xff,
0xe0,0xff,0xff,0xff,0xff,0xff,0xff,0xff,0x00,0x00,0x00,0x00,0x00,0x00,0x00,0x00,
0x00,0x00,0x00,0x00,0x00,0x00,0x00,0x00,0x00,0x00,0x00,0x00,0x00,0x00,0x00,0x00,
0x20,0x00,0x00,0x00,0x00,0x00,0x00,0x00,0x00,0x00,0x00,0x00,0x00,0x00,0x00,0x00,
0x00,0x00,0x00,0x00,0x00,0x00,0x00,0x00,0x00,0x00,0x00,0x00,0x00,0x00,0x00,0x00,
0x00,0x00,0x00,0x00,0x00,0x00,0x00,0x00,0xe0,0xff,0xff,0xff,0xff,0xff,0xff,0xff,
0xe0,0xff,0xff,0xff,0xff,0xff,0xff,0xff,0x00,0x00,0x00,0x00,0x00,0x00,0x00,0x00,
0x00,0x00,0x00,0x00,0x00,0x00,0x00,0x00,0x00,0x00,0x00,0x00,0x00,0x00,0x00,0x00,
0x10,0x00,0x00,0x00,0x00,0x00,0x00,0x00,0x00,0x00,0x00,0x00,0x00,0x00,0x00,0x00,
0x00,0x00,0x00,0x00,0x00,0x00,0x00,0x00,0x00,0x00,0x00,0x00,0x00,0x00,0x00,0x00,
0x00,0x00,0x00,0x00,0x00,0x00,0x00,0x00,0xf0,0xff,0xff,0xff,0xff,0xff,0xff,0xff,
0xf0,0xff,0xff,0xff,0xff,0xff,0xff,0xff,0x00,0x00,0x00,0x00,0x00,0x00,0x00,0x00,
0x00,0x00,0x00,0x00,0x00,0x00,0x00,0x00,0x00,0x00,0x00,0x00,0x00,0x00,0x00,0x00,
0x20,0x00,0x00,0x00,0x00,0x00,0x00,0x00,0x00,0x00,0x00,0x00,0x00,0x00,0x00,0x00,
0x00,0x00,0x00,0x00,0x00,0x00,0x00,0x00,0x00,0x00,0x00,0x00,0x00,0x00,0x00,0x00,
0x00,0x00,0x00,0x00,0x00,0x00,0x00,0x00,0x20,0x00,0x00,0x00,0x00,0x00,0x00,0x00,
0x00,0x00,0x00,0x00,0x00,0x00,0x00,0x00,0x00,0x00,0x00,0x00,0x00,0x00,0x00,0x00,
0x00,0x00,0x00,0x00,0x00,0x00,0x00,0x00,0x00,0x00,0x00,0x00,0x00,0x00,0x00,0x00,
0x10,0x00,0x00,0x00,0x00,0x00,0x00,0x00,0xf0,0xff,0xff,0xff,0xff,0xff,0xff,0xff,
0x00,0x00,0x00,0x00,0x00,0x00,0x00,0x00,0x00,0x00,0x00,0x00,0x00,0x00,0x00,0x00,
0x00,0x00,0x00,0x00,0x00,0x00,0x00,0x00,0xe0,0xff,0xff,0xff,0xff,0xff,0xff,0xff,
0xe0,0xff,0xff,0xff,0xff,0xff,0xff,0xff,0x00,0x00,0x00,0x00,0x00,0x00,0x00,0x00,
0x00,0x00,0x00,0x00,0x00,0x00,0x00,0x00,0x00,0x00,0x00,0x00,0x00,0x00,0x00,0x00,
0x20,0x00,0x00,0x00,0x00,0x00,0x00,0x00,0x00,0x00,0x00,0x00,0x00,0x00,0x00,0x00,
0x00,0x00,0x00,0x00,0x00,0x00,0x00,0x00,0x00,0x00,0x00,0x00,0x00,0x00,0x00,0x00,
0x00,0x00,0x00,0x00,0x00,0x00,0x00,0x00,0xe0,0xff,0xff,0xff,0xff,0xff,0xff,0xff,
0xe0,0xff,0xff,0xff,0xff,0xff,0xff,0xff,0x00,0x00,0x00,0x00,0x00,0x00,0x00,0x00,
0x00,0x00,0x00,0x00,0x00,0x00,0x00,0x00,0x00,0x00,0x00,0x00,0x00,0x00,0x00,0x00,
0x10,0x00,0x00,0x00,0x00,0x00,0x00,0x00,0x00,0x00,0x00,0x00,0x00,0x00,0x00,0x00,
0x00,0x00,0x00,0x00,0x00,0x00,0x00,0x00,0x00,0x00,0x00,0x00,0x00,0x00,0x00,0x00,
0x00,0x00,0x00,0x00,0x00,0x00,0x00,0x00,0xf0,0xff,0xff,0xff,0xff,0xff,0xff,0xff,
0xf0,0xff,0xff,0xff,0xff,0xff,0xff,0xff,0x00,0x00,0x00,0x00,0x00,0x00,0x00,0x00,
0x00,0x00,0x00,0x00,0x00,0x00,0x00,0x00,0x00,0x00,0x00,0x00,0x00,0x00,0x00,0x00,
0x40,0x00,0x00,0x00,0xc0,0x00,0x00,0x00,0x30,0x00,0x00,0x00,0x30,0x00,0x00,0x00,
0x07,0x00,0x00,0x00,0xd6,0x14,0x00,0x00,0x20,0x00,0x00,0x00,0x41,0x4d,0x44,0x47,
0x50,0x55,0x00,0x00,0x83,0xae,0x61,0x6d,0x64,0x68,0x73,0x61,0x2e,0x6b,0x65,0x72,
0x6e,0x65,0x6c,0x73,0x91,0xde,0x00,0x12,0xa5,0x2e,0x61,0x72,0x67,0x73,0xdc,0x00,
0x17,0x85,0xae,0x2e,0x61,0x63,0x74,0x75,0x61,0x6c,0x5f,0x61,0x63,0x63,0x65,0x73,
0x73,0xa9,0x72,0x65,0x61,0x64,0x5f,0x6f,0x6e,0x6c,0x79,0xae,0x2e,0x61,0x64,0x64,
0x72,0x65,0x73,0x73,0x5f,0x73,0x70,0x61,0x63,0x65,0xa6,0x67,0x6c,0x6f,0x62,0x61,
0x6c,0xa7,0x2e,0x6f,0x66,0x66,0x73,0x65,0x74,0x00,0xa5,0x2e,0x73,0x69,0x7a,0x65,
0x08,0xab,0x2e,0x76,0x61,0x6c,0x75,0x65,0x5f,0x6b,0x69,0x6e,0x64,0xad,0x67,0x6c,
0x6f,0x62,0x61,0x6c,0x5f,0x62,0x75,0x66,0x66,0x65,0x72,0x85,0xae,0x2e,0x61,0x63,
0x74,0x75,0x61,0x6c,0x5f,0x61,0x63,0x63,0x65,0x73,0x73,0xa9,0x72,0x65,0x61,0x64,
0x5f,0x6f,0x6e,0x6c,0x79,0xae,0x2e,0x61,0x64,0x64,0x72,0x65,0x73,0x73,0x5f,0x73,
0x70,0x61,0x63,0x65,0xa6,0x67,0x6c,0x6f,0x62,0x61,0x6c,0xa7,0x2e,0x6f,0x66,0x66,
0x73,0x65,0x74,0x08,0xa5,0x2e,0x73,0x69,0x7a,0x65,0x08,0xab,0x2e,0x76,0x61,0x6c,
0x75,0x65,0x5f,0x6b,0x69,0x6e,0x64,0xad,0x67,0x6c,0x6f,0x62,0x61,0x6c,0x5f,0x62,
0x75,0x66,0x66,0x65,0x72,0x85,0xae,0x2e,0x61,0x63,0x74,0x75,0x61,0x6c,0x5f,0x61,
0x63,0x63,0x65,0x73,0x73,0xa9,0x72,0x65,0x61,0x64,0x5f,0x6f,0x6e,0x6c,0x79,0xae,
0x2e,0x61,0x64,0x64,0x72,0x65,0x73,0x73,0x5f,0x73,0x70,0x61,0x63,0x65,0xa6,0x67,
0x6c,0x6f,0x62,0x61,0x6c,0xa7,0x2e,0x6f,0x66,0x66,0x73,0x65,0x74,0x10,0xa5,0x2e,
0x73,0x69,0x7a,0x65,0x08,0xab,0x2e,0x76,0x61,0x6c,0x75,0x65,0x5f,0x6b,0x69,0x6e,
0x64,0xad,0x67,0x6c,0x6f,0x62,0x61,0x6c,0x5f,0x62,0x75,0x66,0x66,0x65,0x72,0x85,
0xae,0x2e,0x61,0x63,0x74,0x75,0x61,0x6c,0x5f,0x61,0x63,0x63,0x65,0x73,0x73,0xa9,
0x72,0x65,0x61,0x64,0x5f,0x6f,0x6e,0x6c,0x79,0xae,0x2e,0x61,0x64,0x64,0x72,0x65,
0x73,0x73,0x5f,0x73,0x70,0x61,0x63,0x65,0xa6,0x67,0x6c,0x6f,0x62,0x61,0x6c,0xa7,
0x2e,0x6f,0x66,0x66,0x73,0x65,0x74,0x18,0xa5,0x2e,0x73,0x69,0x7a,0x65,0x08,0xab,
0x2e,0x76,0x61,0x6c,0x75,0x65,0x5f,0x6b,0x69,0x6e,0x64,0xad,0x67,0x6c,0x6f,0x62,
0x61,0x6c,0x5f,0x62,0x75,0x66,0x66,0x65,0x72,0x83,0xa7,0x2e,0x6f,0x66,0x66,0x73,
0x65,0x74,0x20,0xa5,0x2e,0x73,0x69,0x7a,0x65,0x04,0xab,0x2e,0x76,0x61,0x6c,0x75,
0x65,0x5f,0x6b,0x69,0x6e,0x64,0xa8,0x62,0x79,0x5f,0x76,0x61,0x6c,0x75,0x65,0x83,
0xa7,0x2e,0x6f,0x66,0x66,0x73,0x65,0x74,0x24,0xa5,0x2e,0x73,0x69,0x7a,0x65,0x04,
0xab,0x2e,0x76,0x61,0x6c,0x75,0x65,0x5f,0x6b,0x69,0x6e,0x64,0xa8,0x62,0x79,0x5f,
0x76,0x61,0x6c,0x75,0x65,0x83,0xa7,0x2e,0x6f,0x66,0x66,0x73,0x65,0x74,0x28,0xa5,
0x2e,0x73,0x69,0x7a,0x65,0x04,0xab,0x2e,0x76,0x61,0x6c,0x75,0x65,0x5f,0x6b,0x69,
0x6e,0x64,0xa8,0x62,0x79,0x5f,0x76,0x61,0x6c,0x75,0x65,0x83,0xa7,0x2e,0x6f,0x66,
0x66,0x73,0x65,0x74,0x2c,0xa5,0x2e,0x73,0x69,0x7a,0x65,0x04,0xab,0x2e,0x76,0x61,
0x6c,0x75,0x65,0x5f,0x6b,0x69,0x6e,0x64,0xa8,0x62,0x79,0x5f,0x76,0x61,0x6c,0x75,
0x65,0x83,0xa7,0x2e,0x6f,0x66,0x66,0x73,0x65,0x74,0x30,0xa5,0x2e,0x73,0x69,0x7a,
0x65,0x04,0xab,0x2e,0x76,0x61,0x6c,0x75,0x65,0x5f,0x6b,0x69,0x6e,0x64,0xa8,0x62,
0x79,0x5f,0x76,0x61,0x6c,0x75,0x65,0x83,0xa7,0x2e,0x6f,0x66,0x66,0x73,0x65,0x74,
0x34,0xa5,0x2e,0x73,0x69,0x7a,0x65,0x04,0xab,0x2e,0x76,0x61,0x6c,0x75,0x65,0x5f,
0x6b,0x69,0x6e,0x64,0xa8,0x62,0x79,0x5f,0x76,0x61,0x6c,0x75,0x65,0x83,0xa7,0x2e,
0x6f,0x66,0x66,0x73,0x65,0x74,0x38,0xa5,0x2e,0x73,0x69,0x7a,0x65,0x04,0xab,0x2e,
0x76,0x61,0x6c,0x75,0x65,0x5f,0x6b,0x69,0x6e,0x64,0xb4,0x68,0x69,0x64,0x64,0x65,
0x6e,0x5f,0x62,0x6c,0x6f,0x63,0x6b,0x5f,0x63,0x6f,0x75,0x6e,0x74,0x5f,0x78,0x83,
0xa7,0x2e,0x6f,0x66,0x66,0x73,0x65,0x74,0x3c,0xa5,0x2e,0x73,0x69,0x7a,0x65,0x04,
0xab,0x2e,0x76,0x61,0x6c,0x75,0x65,0x5f,0x6b,0x69,0x6e,0x64,0xb4,0x68,0x69,0x64,
0x64,0x65,0x6e,0x5f,0x62,0x6c,0x6f,0x63,0x6b,0x5f,0x63,0x6f,0x75,0x6e,0x74,0x5f,
0x79,0x83,0xa7,0x2e,0x6f,0x66,0x66,0x73,0x65,0x74,0x40,0xa5,0x2e,0x73,0x69,0x7a,
0x65,0x04,0xab,0x2e,0x76,0x61,0x6c,0x75,0x65,0x5f,0x6b,0x69,0x6e,0x64,0xb4,0x68,
0x69,0x64,0x64,0x65,0x6e,0x5f,0x62,0x6c,0x6f,0x63,0x6b,0x5f,0x63,0x6f,0x75,0x6e,
0x74,0x5f,0x7a,0x83,0xa7,0x2e,0x6f,0x66,0x66,0x73,0x65,0x74,0x44,0xa5,0x2e,0x73,
0x69,0x7a,0x65,0x02,0xab,0x2e,0x76,0x61,0x6c,0x75,0x65,0x5f,0x6b,0x69,0x6e,0x64,
0xb3,0x68,0x69,0x64,0x64,0x65,0x6e,0x5f,0x67,0x72,0x6f,0x75,0x70,0x5f,0x73,0x69,
0x7a,0x65,0x5f,0x78,0x83,0xa7,0x2e,0x6f,0x66,0x66,0x73,0x65,0x74,0x46,0xa5,0x2e,
0x73,0x69,0x7a,0x65,0x02,0xab,0x2e,0x76,0x61,0x6c,0x75,0x65,0x5f,0x6b,0x69,0x6e,
0x64,0xb3,0x68,0x69,0x64,0x64,0x65,0x6e,0x5f,0x67,0x72,0x6f,0x75,0x70,0x5f,0x73,
0x69,0x7a,0x65,0x5f,0x79,0x83,0xa7,0x2e,0x6f,0x66,0x66,0x73,0x65,0x74,0x48,0xa5,
0x2e,0x73,0x69,0x7a,0x65,0x02,0xab,0x2e,0x76,0x61,0x6c,0x75,0x65,0x5f,0x6b,0x69,
0x6e,0x64,0xb3,0x68,0x69,0x64,0x64,0x65,0x6e,0x5f,0x67,0x72,0x6f,0x75,0x70,0x5f,
0x73,0x69,0x7a,0x65,0x5f,0x7a,0x83,0xa7,0x2e,0x6f,0x66,0x66,0x73,0x65,0x74,0x4a,
0xa5,0x2e,0x73,0x69,0x7a,0x65,0x02,0xab,0x2e,0x76,0x61,0x6c,0x75,0x65,0x5f,0x6b,
0x69,0x6e,0x64,0xb2,0x68,0x69,0x64,0x64,0x65,0x6e,0x5f,0x72,0x65,0x6d,0x61,0x69,
0x6e,0x64,0x65,0x72,0x5f,0x78,0x83,0xa7,0x2e,0x6f,0x66,0x66,0x73,0x65,0x74,0x4c,
0xa5,0x2e,0x73,0x69,0x7a,0x65,0x02,0xab,0x2e,0x76,0x61,0x6c,0x75,0x65,0x5f,0x6b,
0x69,0x6e,0x64,0xb2,0x68,0x69,0x64,0x64,0x65,0x6e,0x5f,0x72,0x65,0x6d,0x61,0x69,
0x6e,0x64,0x65,0x72,0x5f,0x79,0x83,0xa7,0x2e,0x6f,0x66,0x66,0x73,0x65,0x74,0x4e,
0xa5,0x2e,0x73,0x69,0x7a,0x65,0x02,0xab,0x2e,0x76,0x61,0x6c,0x75,0x65,0x5f,0x6b,
0x69,0x6e,0x64,0xb2,0x68,0x69,0x64,0x64,0x65,0x6e,0x5f,0x72,0x65,0x6d,0x61,0x69,
0x6e,0x64,0x65,0x72,0x5f,0x7a,0x83,0xa7,0x2e,0x6f,0x66,0x66,0x73,0x65,0x74,0x60,
0xa5,0x2e,0x73,0x69,0x7a,0x65,0x08,0xab,0x2e,0x76,0x61,0x6c,0x75,0x65,0x5f,0x6b,
0x69,0x6e,0x64,0xb6,0x68,0x69,0x64,0x64,0x65,0x6e,0x5f,0x67,0x6c,0x6f,0x62,0x61,
0x6c,0x5f,0x6f,0x66,0x66,0x73,0x65,0x74,0x5f,0x78,0x83,0xa7,0x2e,0x6f,0x66,0x66,
0x73,0x65,0x74,0x68,0xa5,0x2e,0x73,0x69,0x7a,0x65,0x08,0xab,0x2e,0x76,0x61,0x6c,
0x75,0x65,0x5f,0x6b,0x69,0x6e,0x64,0xb6,0x68,0x69,0x64,0x64,0x65,0x6e,0x5f,0x67,
0x6c,0x6f,0x62,0x61,0x6c,0x5f,0x6f,0x66,0x66,0x73,0x65,0x74,0x5f,0x79,0x83,0xa7,
0x2e,0x6f,0x66,0x66,0x73,0x65,0x74,0x70,0xa5,0x2e,0x73,0x69,0x7a,0x65,0x08,0xab,
0x2e,0x76,0x61,0x6c,0x75,0x65,0x5f,0x6b,0x69,0x6e,0x64,0xb6,0x68,0x69,0x64,0x64,
0x65,0x6e,0x5f,0x67,0x6c,0x6f,0x62,0x61,0x6c,0x5f,0x6f,0x66,0x66,0x73,0x65,0x74,
0x5f,0x7a,0x83,0xa7,0x2e,0x6f,0x66,0x66,0x73,0x65,0x74,0x78,0xa5,0x2e,0x73,0x69,
0x7a,0x65,0x02,0xab,0x2e,0x76,0x61,0x6c,0x75,0x65,0x5f,0x6b,0x69,0x6e,0x64,0xb0,
0x68,0x69,0x64,0x64,0x65,0x6e,0x5f,0x67,0x72,0x69,0x64,0x5f,0x64,0x69,0x6d,0x73,
0xb9,0x2e,0x67,0x72,0x6f,0x75,0x70,0x5f,0x73,0x65,0x67,0x6d,0x65,0x6e,0x74,0x5f,
0x66,0x69,0x78,0x65,0x64,0x5f,0x73,0x69,0x7a,0x65,0xcd,0x48,0x50,0xb6,0x2e,0x6b,
0x65,0x72,0x6e,0x61,0x72,0x67,0x5f,0x73,0x65,0x67,0x6d,0x65,0x6e,0x74,0x5f,0x61,
0x6c,0x69,0x67,0x6e,0x08,0xb5,0x2e,0x6b,0x65,0x72,0x6e,0x61,0x72,0x67,0x5f,0x73,
0x65,0x67,0x6d,0x65,0x6e,0x74,0x5f,0x73,0x69,0x7a,0x65,0xcd,0x01,0x38,0xa9,0x2e,
0x6c,0x61,0x6e,0x67,0x75,0x61,0x67,0x65,0xa8,0x4f,0x70,0x65,0x6e,0x43,0x4c,0x20,
0x43,0xb1,0x2e,0x6c,0x61,0x6e,0x67,0x75,0x61,0x67,0x65,0x5f,0x76,0x65,0x72,0x73,
0x69,0x6f,0x6e,0x92,0x02,0x00,0xb8,0x2e,0x6d,0x61,0x78,0x5f,0x66,0x6c,0x61,0x74,
0x5f,0x77,0x6f,0x72,0x6b,0x67,0x72,0x6f,0x75,0x70,0x5f,0x73,0x69,0x7a,0x65,0xcd,
0x01,0x00,0xa5,0x2e,0x6e,0x61,0x6d,0x65,0xda,0x07,0x26,0x5f,0x5a,0x4e,0x32,0x63,
0x6b,0x31,0x36,0x74,0x65,0x6e,0x73,0x6f,0x72,0x5f,0x6f,0x70,0x65,0x72,0x61,0x74,
0x69,0x6f,0x6e,0x36,0x64,0x65,0x76,0x69,0x63,0x65,0x34,0x31,0x6b,0x65,0x72,0x6e,
0x65,0x6c,0x5f,0x6d,0x75,0x6c,0x74,0x69,0x5f,0x68,0x65,0x61,0x64,0x5f,0x61,0x74,
0x74,0x65,0x6e,0x74,0x69,0x6f,0x6e,0x5f,0x77,0x6d,0x6d,0x61,0x5f,0x75,0x6e,0x70,
0x61,0x63,0x6b,0x65,0x64,0x49,0x4e,0x53,0x31,0x5f,0x34,0x39,0x44,0x65,0x76,0x69,
0x63,0x65,0x42,0x61,0x74,0x63,0x68,0x65,0x64,0x47,0x65,0x6d,0x6d,0x53,0x6f,0x66,
0x74,0x6d,0x61,0x78,0x47,0x65,0x6d,0x6d,0x50,0x65,0x72,0x6d,0x75,0x74,0x65,0x5f,
0x57,0x6d,0x6d,0x61,0x5f,0x43,0x53,0x68,0x75,0x66,0x66,0x6c,0x65,0x49,0x4c,0x69,
0x32,0x45,0x4c,0x69,0x31,0x45,0x4c,0x69,0x31,0x45,0x4c,0x69,0x31,0x45,0x4c,0x69,
0x31,0x45,0x44,0x46,0x31,0x36,0x5f,0x44,0x46,0x31,0x36,0x5f,0x44,0x46,0x31,0x36,
0x5f,0x44,0x46,0x31,0x36,0x5f,0x4e,0x53,0x5f,0x35,0x54,0x75,0x70,0x6c,0x65,0x49,
0x4a,0x45,0x45,0x45,0x66,0x53,0x35,0x5f,0x66,0x66,0x4e,0x53,0x30,0x5f,0x31,0x32,
0x65,0x6c,0x65,0x6d,0x65,0x6e,0x74,0x5f,0x77,0x69,0x73,0x65,0x31,0x31,0x50,0x61,
0x73,0x73,0x54,0x68,0x72,0x6f,0x75,0x67,0x68,0x45,0x53,0x37,0x5f,0x4e,0x53,0x36,
0x5f,0x35,0x53,0x63,0x61,0x6c,0x65,0x45,0x53,0x37,0x5f,0x53,0x37,0x5f,0x4c,0x4e,
0x53,0x31,0x5f,0x31,0x38,0x47,0x65,0x6d,0x6d,0x53,0x70,0x65,0x63,0x69,0x61,0x6c,
0x69,0x7a,0x61,0x74,0x69,0x6f,0x6e,0x45,0x31,0x35,0x45,0x4c,0x4e,0x53,0x31,0x5f,
0x32,0x30,0x54,0x65,0x6e,0x73,0x6f,0x72,0x53,0x70,0x65,0x63,0x69,0x61,0x6c,0x69,
0x7a,0x61,0x74,0x69,0x6f,0x6e,0x45,0x30,0x45,0x4c,0x53,0x41,0x5f,0x30,0x45,0x4c,
0x53,0x41,0x5f,0x30,0x45,0x4c,0x53,0x41,0x5f,0x30,0x45,0x4c,0x69,0x31,0x45,0x4c,
0x69,0x31,0x32,0x38,0x45,0x4c,0x69,0x36,0x34,0x45,0x4c,0x69,0x31,0x39,0x32,0x45,
0x4c,0x69,0x34,0x38,0x45,0x4c,0x69,0x38,0x45,0x4c,0x69,0x38,0x45,0x4c,0x69,0x34,
0x38,0x45,0x4c,0x69,0x36,0x34,0x45,0x4c,0x69,0x38,0x45,0x4c,0x69,0x31,0x36,0x45,
0x4c,0x69,0x31,0x36,0x45,0x4c,0x69,0x31,0x36,0x45,0x4c,0x69,0x31,0x45,0x4c,0x69,
0x31,0x32,0x45,0x4c,0x69,0x33,0x45,0x4e,0x53,0x5f,0x38,0x53,0x65,0x71,0x75,0x65,
0x6e,0x63,0x65,0x49,0x4a,0x4c,0x69,0x32,0x45,0x4c,0x69,0x36,0x34,0x45,0x4c,0x69,
0x31,0x45,0x45,0x45,0x45,0x4e,0x53,0x42,0x5f,0x49,0x4a,0x4c,0x69,0x31,0x45,0x4c,
0x69,0x30,0x45,0x4c,0x69,0x32,0x45,0x45,0x45,0x45,0x53,0x44,0x5f,0x4c,0x69,0x32,
0x45,0x4c,0x69,0x38,0x45,0x4c,0x69,0x38,0x45,0x4c,0x62,0x31,0x45,0x53,0x43,0x5f,
0x53,0x44,0x5f,0x53,0x44,0x5f,0x4c,0x69,0x32,0x45,0x4c,0x69,0x38,0x45,0x4c,0x69,
0x38,0x45,0x4c,0x62,0x31,0x45,0x4e,0x53,0x42,0x5f,0x49,0x4a,0x4c,0x69,0x32,0x45,
0x4c,0x69,0x38,0x45,0x4c,0x69,0x38,0x45,0x45,0x45,0x45,0x4e,0x53,0x42,0x5f,0x49,
0x4a,0x4c,0x69,0x30,0x45,0x4c,0x69,0x32,0x45,0x4c,0x69,0x31,0x45,0x45,0x45,0x45,
0x53,0x46,0x5f,0x4c,0x69,0x31,0x45,0x4c,0x69,0x32,0x45,0x4c,0x69,0x31,0x45,0x4c,
0x62,0x30,0x45,0x4c,0x69,0x31,0x45,0x4c,0x69,0x31,0x45,0x4e,0x53,0x42,0x5f,0x49,
0x4a,0x4c,0x69,0x31,0x45,0x4c,0x69,0x36,0x34,0x45,0x4c,0x69,0x31,0x45,0x4c,0x69,
0x32,0x45,0x45,0x45,0x45,0x4c,0x69,0x38,0x45,0x4c,0x4e,0x53,0x31,0x5f,0x32,0x31,
0x4d,0x61,0x73,0x6b,0x69,0x6e,0x67,0x53,0x70,0x65,0x63,0x69,0x61,0x6c,0x69,0x7a,
0x61,0x74,0x69,0x6f,0x6e,0x45,0x30,0x45,0x4c,0x4e,0x53,0x5f,0x31,0x33,0x4c,0x6f,
0x6f,0x70,0x53,0x63,0x68,0x65,0x64,0x75,0x6c,0x65,0x72,0x45,0x30,0x45,0x4c,0x4e,
0x53,0x5f,0x31,0x35,0x50,0x69,0x70,0x65,0x6c,0x69,0x6e,0x65,0x56,0x65,0x72,0x73,
0x69,0x6f,0x6e,0x45,0x30,0x45,0x45,0x45,0x4e,0x53,0x5f,0x33,0x35,0x47,0x72,0x69,
0x64,0x77,0x69,0x73,0x65,0x42,0x61,0x74,0x63,0x68,0x65,0x64,0x47,0x65,0x6d,0x6d,
0x53,0x6f,0x66,0x74,0x6d,0x61,0x78,0x47,0x65,0x6d,0x6d,0x5f,0x57,0x6d,0x6d,0x61,
0x49,0x44,0x46,0x31,0x36,0x5f,0x44,0x46,0x31,0x36,0x5f,0x66,0x44,0x46,0x31,0x36,
0x5f,0x66,0x66,0x44,0x46,0x31,0x36,0x5f,0x53,0x37,0x5f,0x53,0x37,0x5f,0x53,0x38,
0x5f,0x53,0x37,0x5f,0x53,0x37,0x5f,0x4c,0x4e,0x53,0x5f,0x32,0x35,0x49,0x6e,0x4d,
0x65,0x6d,0x6f,0x72,0x79,0x44,0x61,0x74,0x61,0x4f,0x70,0x65,0x72,0x61,0x74,0x69,
0x6f,0x6e,0x45,0x6e,0x75,0x6d,0x45,0x30,0x45,0x4e,0x53,0x5f,0x31,0x36,0x54,0x65,
0x6e,0x73,0x6f,0x72,0x44,0x65,0x73,0x63,0x72,0x69,0x70,0x74,0x6f,0x72,0x49,0x4e,
0x53,0x34,0x5f,0x49,0x4a,0x4e,0x53,0x5f,0x35,0x45,0x6d,0x62,0x65,0x64,0x49,0x4e,
0x53,0x34,0x5f,0x49,0x4a,0x69,0x69,0x45,0x45,0x45,0x53,0x50,0x5f,0x4c,0x62,0x30,
0x45,0x45,0x45,0x4e,0x53,0x5f,0x32,0x33,0x4d,0x65,0x72,0x67,0x65,0x5f,0x76,0x32,
0x5f,0x6d,0x61,0x67,0x69,0x63,0x5f,0x64,0x69,0x76,0x69,0x73,0x69,0x6f,0x6e,0x49,
0x4e,0x53,0x34,0x5f,0x49,0x4a,0x69,0x45,0x45,0x45,0x45,0x45,0x53,0x54,0x5f,0x4e,
0x53,0x5f,0x38,0x52,0x69,0x67,0x68,0x74,0x50,0x61,0x64,0x49,0x69,0x69,0x4c,0x62,
0x30,0x45,0x45,0x45,0x53,0x56,0x5f,0x4e,0x53,0x5f,0x37,0x55,0x6e,0x4d,0x65,0x72,
0x67,0x65,0x49,0x4e,0x53,0x34,0x5f,0x49,0x4a,0x69,0x4e,0x53,0x5f,0x31,0x37,0x69,
0x6e,0x74,0x65,0x67,0x72,0x61,0x6c,0x5f,0x63,0x6f,0x6e,0x73,0x74,0x61,0x6e,0x74,
0x49,0x69,0x4c,0x69,0x31,0x45,0x45,0x45,0x4e,0x53,0x58,0x5f,0x49,0x69,0x4c,0x69,
0x32,0x45,0x45,0x45,0x4e,0x53,0x58,0x5f,0x49,0x69,0x4c,0x69,0x38,0x45,0x45,0x45,
0x45,0x45,0x45,0x4c,0x62,0x30,0x45,0x45,0x45,0x4e,0x53,0x57,0x5f,0x49,0x4e,0x53,
0x34,0x5f,0x49,0x4a,0x69,0x4e,0x53,0x58,0x5f,0x49,0x69,0x4c,0x69,0x34,0x45,0x45,
0x45,0x4e,0x53,0x58,0x5f,0x49,0x69,0x4c,0x69,0x31,0x36,0x45,0x45,0x45,0x45,0x45,
0x45,0x4c,0x62,0x30,0x45,0x45,0x45,0x45,0x45,0x45,0x4e,0x53,0x34,0x5f,0x49,0x4a,
0x4e,0x53,0x42,0x5f,0x49,0x4a,0x4c,0x69,0x30,0x45,0x45,0x45,0x45,0x4e,0x53,0x42,
0x5f,0x49,0x4a,0x4c,0x69,0x31,0x45,0x45,0x45,0x45,0x4e,0x53,0x42,0x5f,0x49,0x4a,
0x4c,0x69,0x32,0x45,0x45,0x45,0x45,0x4e,0x53,0x42,0x5f,0x49,0x4a,0x4c,0x69,0x33,
0x45,0x45,0x45,0x45,0x4e,0x53,0x42,0x5f,0x49,0x4a,0x4c,0x69,0x34,0x45,0x45,0x45,
0x45,0x4e,0x53,0x42,0x5f,0x49,0x4a,0x4c,0x69,0x36,0x45,0x45,0x45,0x45,0x4e,0x53,
0x42,0x5f,0x49,0x4a,0x4c,0x69,0x35,0x45,0x45,0x45,0x45,0x45,0x45,0x45,0x4e,0x53,
0x34,0x5f,0x49,0x4a,0x4e,0x53,0x42,0x5f,0x49,0x4a,0x4c,0x69,0x31,0x45,0x4c,0x69,
0x32,0x45,0x45,0x45,0x45,0x53,0x31,0x42,0x5f,0x53,0x31,0x43,0x5f,0x53,0x31,0x45,
0x5f,0x53,0x31,0x44,0x5f,0x4e,0x53,0x42,0x5f,0x49,0x4a,0x4c,0x69,0x37,0x45,0x4c,
0x69,0x38,0x45,0x4c,0x69,0x39,0x45,0x4c,0x69,0x31,0x30,0x45,0x45,0x45,0x45,0x4e,
0x53,0x42,0x5f,0x49,0x4a,0x4c,0x69,0x31,0x31,0x45,0x4c,0x69,0x31,0x32,0x45,0x4c,
0x69,0x31,0x33,0x45,0x45,0x45,0x45,0x45,0x45,0x45,0x4e,0x53,0x42,0x5f,0x49,0x4a,
0x4c,0x69,0x37,0x45,0x4c,0x69,0x31,0x31,0x45,0x4c,0x69,0x31,0x32,0x45,0x4c,0x69,
0x38,0x45,0x4c,0x69,0x39,0x45,0x4c,0x69,0x31,0x33,0x45,0x4c,0x69,0x31,0x30,0x45,
0x45,0x45,0x45,0x78,0x45,0x45,0x4e,0x53,0x4e,0x5f,0x49,0x4e,0x53,0x34,0x5f,0x49,
0x4a,0x53,0x51,0x5f,0x53,0x54,0x5f,0x53,0x54,0x5f,0x53,0x56,0x5f,0x53,0x56,0x5f,
0x4e,0x53,0x57,0x5f,0x49,0x4e,0x53,0x34,0x5f,0x49,0x4a,0x69,0x53,0x31,0x30,0x5f,
0x45,0x45,0x45,0x4c,0x62,0x30,0x45,0x45,0x45,0x4e,0x53,0x5f,0x31,0x31,0x50,0x61,
0x73,0x73,0x54,0x68,0x72,0x6f,0x75,0x67,0x68,0x49,0x69,0x45,0x45,0x45,0x45,0x45,
0x53,0x31,0x46,0x5f,0x4e,0x53,0x34,0x5f,0x49,0x4a,0x53,0x31,0x47,0x5f,0x53,0x31,
0x42,0x5f,0x53,0x31,0x43,0x5f,0x53,0x31,0x45,0x5f,0x53,0x31,0x44,0x5f,0x4e,0x53,
0x42,0x5f,0x49,0x4a,0x4c,0x69,0x37,0x45,0x4c,0x69,0x38,0x45,0x45,0x45,0x45,0x4e,
0x53,0x42,0x5f,0x49,0x4a,0x4c,0x69,0x39,0x45,0x45,0x45,0x45,0x45,0x45,0x45,0x4e,
0x53,0x42,0x5f,0x49,0x4a,0x4c,0x69,0x37,0x45,0x4c,0x69,0x39,0x45,0x4c,0x69,0x38,
0x45,0x45,0x45,0x45,0x78,0x45,0x45,0x53,0x31,0x56,0x5f,0x4e,0x53,0x4e,0x5f,0x49,
0x4e,0x53,0x34,0x5f,0x49,0x4a,0x53,0x51,0x5f,0x53,0x54,0x5f,0x53,0x54,0x5f,0x53,
0x56,0x5f,0x53,0x56,0x5f,0x45,0x45,0x45,0x4e,0x53,0x34,0x5f,0x49,0x4a,0x53,0x31,
0x38,0x5f,0x53,0x31,0x39,0x5f,0x53,0x31,0x41,0x5f,0x53,0x31,0x42,0x5f,0x53,0x31,
0x43,0x5f,0x45,0x45,0x45,0x4e,0x53,0x34,0x5f,0x49,0x4a,0x53,0x31,0x47,0x5f,0x53,
0x31,0x42,0x5f,0x53,0x31,0x43,0x5f,0x53,0x31,0x45,0x5f,0x53,0x31,0x44,0x5f,0x45,
0x45,0x45,0x4e,0x53,0x42,0x5f,0x49,0x4a,0x4c,0x69,0x35,0x45,0x4c,0x69,0x36,0x45,
0x45,0x45,0x45,0x78,0x45,0x45,0x4c,0x69,0x36,0x34,0x45,0x4c,0x69,0x31,0x39,0x32,
0x45,0x4c,0x69,0x34,0x38,0x45,0x4c,0x69,0x38,0x45,0x4c,0x69,0x38,0x45,0x4c,0x69,
0x34,0x38,0x45,0x4c,0x69,0x36,0x34,0x45,0x4c,0x69,0x38,0x45,0x4c,0x69,0x31,0x36,
0x45,0x4c,0x69,0x31,0x36,0x45,0x4c,0x69,0x31,0x36,0x45,0x4c,0x69,0x31,0x45,0x4c,
0x69,0x31,0x32,0x45,0x4c,0x69,0x33,0x45,0x4c,0x69,0x31,0x32,0x38,0x45,0x53,0x43,
0x5f,0x53,0x44,0x5f,0x53,0x44,0x5f,0x4c,0x69,0x32,0x45,0x4c,0x69,0x38,0x45,0x4c,
0x69,0x38,0x45,0x4c,0x62,0x31,0x45,0x4c,0x62,0x30,0x45,0x4c,0x62,0x31,0x45,0x53,
0x43,0x5f,0x53,0x44,0x5f,0x53,0x44,0x5f,0x4c,0x69,0x32,0x45,0x4c,0x69,0x38,0x45,
0x4c,0x69,0x38,0x45,0x4c,0x62,0x31,0x45,0x4c,0x62,0x31,0x45,0x4c,0x62,0x31,0x45,
0x53,0x45,0x5f,0x53,0x46,0x5f,0x53,0x46,0x5f,0x4c,0x69,0x31,0x45,0x4c,0x69,0x32,
0x45,0x4c,0x69,0x31,0x45,0x4c,0x62,0x30,0x45,0x4c,0x62,0x31,0x45,0x4c,0x62,0x30,
0x45,0x4c,0x69,0x31,0x45,0x4c,0x69,0x31,0x45,0x53,0x47,0x5f,0x4c,0x69,0x38,0x45,
0x4c,0x62,0x31,0x45,0x4c,0x62,0x30,0x45,0x4c,0x69,0x31,0x45,0x4c,0x53,0x49,0x5f,
0x30,0x45,0x4c,0x53,0x4a,0x5f,0x30,0x45,0x45,0x45,0x44,0x46,0x31,0x36,0x5f,0x44,
0x46,0x31,0x36,0x5f,0x44,0x46,0x31,0x36,0x5f,0x44,0x46,0x31,0x36,0x5f,0x53,0x37,
0x5f,0x53,0x37,0x5f,0x53,0x38,0x5f,0x53,0x37,0x5f,0x53,0x37,0x5f,0x4c,0x62,0x30,
0x45,0x45,0x45,0x76,0x50,0x50,0x4b,0x54,0x31,0x5f,0x50,0x50,0x4b,0x54,0x32,0x5f,
0x50,0x50,0x4b,0x54,0x33,0x5f,0x50,0x50,0x54,0x34,0x5f,0x69,0x69,0x69,0x69,0x69,
0x66,0xbb,0x2e,0x70,0x72,0x69,0x76,0x61,0x74,0x65,0x5f,0x73,0x65,0x67,0x6d,0x65,
0x6e,0x74,0x5f,0x66,0x69,0x78,0x65,0x64,0x5f,0x73,0x69,0x7a,0x65,0x00,0xab,0x2e,
0x73,0x67,0x70,0x72,0x5f,0x63,0x6f,0x75,0x6e,0x74,0x6b,0xb1,0x2e,0x73,0x67,0x70,
0x72,0x5f,0x73,0x70,0x69,0x6c,0x6c,0x5f,0x63,0x6f,0x75,0x6e,0x74,0x25,0xa7,0x2e,
0x73,0x79,0x6d,0x62,0x6f,0x6c,0xda,0x07,0x29,0x5f,0x5a,0x4e,0x32,0x63,0x6b,0x31,
0x36,0x74,0x65,0x6e,0x73,0x6f,0x72,0x5f,0x6f,0x70,0x65,0x72,0x61,0x74,0x69,0x6f,
0x6e,0x36,0x64,0x65,0x76,0x69,0x63,0x65,0x34,0x31,0x6b,0x65,0x72,0x6e,0x65,0x6c,
0x5f,0x6d,0x75,0x6c,0x74,0x69,0x5f,0x68,0x65,0x61,0x64,0x5f,0x61,0x74,0x74,0x65,
0x6e,0x74,0x69,0x6f,0x6e,0x5f,0x77,0x6d,0x6d,0x61,0x5f,0x75,0x6e,0x70,0x61,0x63,
0x6b,0x65,0x64,0x49,0x4e,0x53,0x31,0x5f,0x34,0x39,0x44,0x65,0x76,0x69,0x63,0x65,
0x42,0x61,0x74,0x63,0x68,0x65,0x64,0x47,0x65,0x6d,0x6d,0x53,0x6f,0x66,0x74,0x6d,
0x61,0x78,0x47,0x65,0x6d,0x6d,0x50,0x65,0x72,0x6d,0x75,0x74,0x65,0x5f,0x57,0x6d,
0x6d,0x61,0x5f,0x43,0x53,0x68,0x75,0x66,0x66,0x6c,0x65,0x49,0x4c,0x69,0x32,0x45,
0x4c,0x69,0x31,0x45,0x4c,0x69,0x31,0x45,0x4c,0x69,0x31,0x45,0x4c,0x69,0x31,0x45,
0x44,0x46,0x31,0x36,0x5f,0x44,0x46,0x31,0x36,0x5f,0x44,0x46,0x31,0x36,0x5f,0x44,
0x46,0x31,0x36,0x5f,0x4e,0x53,0x5f,0x35,0x54,0x75,0x70,0x6c,0x65,0x49,0x4a,0x45,
0x45,0x45,0x66,0x53,0x35,0x5f,0x66,0x66,0x4e,0x53,0x30,0x5f,0x31,0x32,0x65,0x6c,
0x65,0x6d,0x65,0x6e,0x74,0x5f,0x77,0x69,0x73,0x65,0x31,0x31,0x50,0x61,0x73,0x73,
0x54,0x68,0x72,0x6f,0x75,0x67,0x68,0x45,0x53,0x37,0x5f,0x4e,0x53,0x36,0x5f,0x35,
0x53,0x63,0x61,0x6c,0x65,0x45,0x53,0x37,0x5f,0x53,0x37,0x5f,0x4c,0x4e,0x53,0x31,
0x5f,0x31,0x38,0x47,0x65,0x6d,0x6d,0x53,0x70,0x65,0x63,0x69,0x61,0x6c,0x69,0x7a,
0x61,0x74,0x69,0x6f,0x6e,0x45,0x31,0x35,0x45,0x4c,0x4e,0x53,0x31,0x5f,0x32,0x30,
0x54,0x65,0x6e,0x73,0x6f,0x72,0x53,0x70,0x65,0x63,0x69,0x61,0x6c,0x69,0x7a,0x61,
0x74,0x69,0x6f,0x6e,0x45,0x30,0x45,0x4c,0x53,0x41,0x5f,0x30,0x45,0x4c,0x53,0x41,
0x5f,0x30,0x45,0x4c,0x53,0x41,0x5f,0x30,0x45,0x4c,0x69,0x31,0x45,0x4c,0x69,0x31,
0x32,0x38,0x45,0x4c,0x69,0x36,0x34,0x45,0x4c,0x69,0x31,0x39,0x32,0x45,0x4c,0x69,
0x34,0x38,0x45,0x4c,0x69,0x38,0x45,0x4c,0x69,0x38,0x45,0x4c,0x69,0x34,0x38,0x45,
0x4c,0x69,0x36,0x34,0x45,0x4c,0x69,0x38,0x45,0x4c,0x69,0x31,0x36,0x45,0x4c,0x69,
0x31,0x36,0x45,0x4c,0x69,0x31,0x36,0x45,0x4c,0x69,0x31,0x45,0x4c,0x69,0x31,0x32,
0x45,0x4c,0x69,0x33,0x45,0x4e,0x53,0x5f,0x38,0x53,0x65,0x71,0x75,0x65,0x6e,0x63,
0x65,0x49,0x4a,0x4c,0x69,0x32,0x45,0x4c,0x69,0x36,0x34,0x45,0x4c,0x69,0x31,0x45,
0x45,0x45,0x45,0x4e,0x53,0x42,0x5f,0x49,0x4a,0x4c,0x69,0x31,0x45,0x4c,0x69,0x30,
0x45,0x4c,0x69,0x32,0x45,0x45,0x45,0x45,0x53,0x44,0x5f,0x4c,0x69,0x32,0x45,0x4c,
0x69,0x38,0x45,0x4c,0x69,0x38,0x45,0x4c,0x62,0x31,0x45,0x53,0x43,0x5f,0x53,0x44,
0x5f,0x53,0x44,0x5f,0x4c,0x69,0x32,0x45,0x4c,0x69,0x38,0x45,0x4c,0x69,0x38,0x45,
0x4c,0x62,0x31,0x45,0x4e,0x53,0x42,0x5f,0x49,0x4a,0x4c,0x69,0x32,0x45,0x4c,0x69,
0x38,0x45,0x4c,0x69,0x38,0x45,0x45,0x45,0x45,0x4e,0x53,0x42,0x5f,0x49,0x4a,0x4c,
0x69,0x30,0x45,0x4c,0x69,0x32,0x45,0x4c,0x69,0x31,0x45,0x45,0x45,0x45,0x53,0x46,
0x5f,0x4c,0x69,0x31,0x45,0x4c,0x69,0x32,0x45,0x4c,0x69,0x31,0x45,0x4c,0x62,0x30,
0x45,0x4c,0x69,0x31,0x45,0x4c,0x69,0x31,0x45,0x4e,0x53,0x42,0x5f,0x49,0x4a,0x4c,
0x69,0x31,0x45,0x4c,0x69,0x36,0x34,0x45,0x4c,0x69,0x31,0x45,0x4c,0x69,0x32,0x45,
0x45,0x45,0x45,0x4c,0x69,0x38,0x45,0x4c,0x4e,0x53,0x31,0x5f,0x32,0x31,0x4d,0x61,
0x73,0x6b,0x69,0x6e,0x67,0x53,0x70,0x65,0x63,0x69,0x61,0x6c,0x69,0x7a,0x61,0x74,
0x69,0x6f,0x6e,0x45,0x30,0x45,0x4c,0x4e,0x53,0x5f,0x31,0x33,0x4c,0x6f,0x6f,0x70,
0x53,0x63,0x68,0x65,0x64,0x75,0x6c,0x65,0x72,0x45,0x30,0x45,0x4c,0x4e,0x53,0x5f,
0x31,0x35,0x50,0x69,0x70,0x65,0x6c,0x69,0x6e,0x65,0x56,0x65,0x72,0x73,0x69,0x6f,
0x6e,0x45,0x30,0x45,0x45,0x45,0x4e,0x53,0x5f,0x33,0x35,0x47,0x72,0x69,0x64,0x77,
0x69,0x73,0x65,0x42,0x61,0x74,0x63,0x68,0x65,0x64,0x47,0x65,0x6d,0x6d,0x53,0x6f,
0x66,0x74,0x6d,0x61,0x78,0x47,0x65,0x6d,0x6d,0x5f,0x57,0x6d,0x6d,0x61,0x49,0x44,
0x46,0x31,0x36,0x5f,0x44,0x46,0x31,0x36,0x5f,0x66,0x44,0x46,0x31,0x36,0x5f,0x66,
0x66,0x44,0x46,0x31,0x36,0x5f,0x53,0x37,0x5f,0x53,0x37,0x5f,0x53,0x38,0x5f,0x53,
0x37,0x5f,0x53,0x37,0x5f,0x4c,0x4e,0x53,0x5f,0x32,0x35,0x49,0x6e,0x4d,0x65,0x6d,
0x6f,0x72,0x79,0x44,0x61,0x74,0x61,0x4f,0x70,0x65,0x72,0x61,0x74,0x69,0x6f,0x6e,
0x45,0x6e,0x75,0x6d,0x45,0x30,0x45,0x4e,0x53,0x5f,0x31,0x36,0x54,0x65,0x6e,0x73,
0x6f,0x72,0x44,0x65,0x73,0x63,0x72,0x69,0x70,0x74,0x6f,0x72,0x49,0x4e,0x53,0x34,
0x5f,0x49,0x4a,0x4e,0x53,0x5f,0x35,0x45,0x6d,0x62,0x65,0x64,0x49,0x4e,0x53,0x34,
0x5f,0x49,0x4a,0x69,0x69,0x45,0x45,0x45,0x53,0x50,0x5f,0x4c,0x62,0x30,0x45,0x45,
0x45,0x4e,0x53,0x5f,0x32,0x33,0x4d,0x65,0x72,0x67,0x65,0x5f,0x76,0x32,0x5f,0x6d,
0x61,0x67,0x69,0x63,0x5f,0x64,0x69,0x76,0x69,0x73,0x69,0x6f,0x6e,0x49,0x4e,0x53,
0x34,0x5f,0x49,0x4a,0x69,0x45,0x45,0x45,0x45,0x45,0x53,0x54,0x5f,0x4e,0x53,0x5f,
0x38,0x52,0x69,0x67,0x68,0x74,0x50,0x61,0x64,0x49,0x69,0x69,0x4c,0x62,0x30,0x45,
0x45,0x45,0x53,0x56,0x5f,0x4e,0x53,0x5f,0x37,0x55,0x6e,0x4d,0x65,0x72,0x67,0x65,
0x49,0x4e,0x53,0x34,0x5f,0x49,0x4a,0x69,0x4e,0x53,0x5f,0x31,0x37,0x69,0x6e,0x74,
0x65,0x67,0x72,0x61,0x6c,0x5f,0x63,0x6f,0x6e,0x73,0x74,0x61,0x6e,0x74,0x49,0x69,
0x4c,0x69,0x31,0x45,0x45,0x45,0x4e,0x53,0x58,0x5f,0x49,0x69,0x4c,0x69,0x32,0x45,
0x45,0x45,0x4e,0x53,0x58,0x5f,0x49,0x69,0x4c,0x69,0x38,0x45,0x45,0x45,0x45,0x45,
0x45,0x4c,0x62,0x30,0x45,0x45,0x45,0x4e,0x53,0x57,0x5f,0x49,0x4e,0x53,0x34,0x5f,
0x49,0x4a,0x69,0x4e,0x53,0x58,0x5f,0x49,0x69,0x4c,0x69,0x34,0x45,0x45,0x45,0x4e,
0x53,0x58,0x5f,0x49,0x69,0x4c,0x69,0x31,0x36,0x45,0x45,0x45,0x45,0x45,0x45,0x4c,
0x62,0x30,0x45,0x45,0x45,0x45,0x45,0x45,0x4e,0x53,0x34,0x5f,0x49,0x4a,0x4e,0x53,
0x42,0x5f,0x49,0x4a,0x4c,0x69,0x30,0x45,0x45,0x45,0x45,0x4e,0x53,0x42,0x5f,0x49,
0x4a,0x4c,0x69,0x31,0x45,0x45,0x45,0x45,0x4e,0x53,0x42,0x5f,0x49,0x4a,0x4c,0x69,
0x32,0x45,0x45,0x45,0x45,0x4e,0x53,0x42,0x5f,0x49,0x4a,0x4c,0x69,0x33,0x45,0x45,
0x45,0x45,0x4e,0x53,0x42,0x5f,0x49,0x4a,0x4c,0x69,0x34,0x45,0x45,0x45,0x45,0x4e,
0x53,0x42,0x5f,0x49,0x4a,0x4c,0x69,0x36,0x45,0x45,0x45,0x45,0x4e,0x53,0x42,0x5f,
0x49,0x4a,0x4c,0x69,0x35,0x45,0x45,0x45,0x45,0x45,0x45,0x45,0x4e,0x53,0x34,0x5f,
0x49,0x4a,0x4e,0x53,0x42,0x5f,0x49,0x4a,0x4c,0x69,0x31,0x45,0x4c,0x69,0x32,0x45,
0x45,0x45,0x45,0x53,0x31,0x42,0x5f,0x53,0x31,0x43,0x5f,0x53,0x31,0x45,0x5f,0x53,
0x31,0x44,0x5f,0x4e,0x53,0x42,0x5f,0x49,0x4a,0x4c,0x69,0x37,0x45,0x4c,0x69,0x38,
0x45,0x4c,0x69,0x39,0x45,0x4c,0x69,0x31,0x30,0x45,0x45,0x45,0x45,0x4e,0x53,0x42,
0x5f,0x49,0x4a,0x4c,0x69,0x31,0x31,0x45,0x4c,0x69,0x31,0x32,0x45,0x4c,0x69,0x31,
0x33,0x45,0x45,0x45,0x45,0x45,0x45,0x45,0x4e,0x53,0x42,0x5f,0x49,0x4a,0x4c,0x69,
0x37,0x45,0x4c,0x69,0x31,0x31,0x45,0x4c,0x69,0x31,0x32,0x45,0x4c,0x69,0x38,0x45,
0x4c,0x69,0x39,0x45,0x4c,0x69,0x31,0x33,0x45,0x4c,0x69,0x31,0x30,0x45,0x45,0x45,
0x45,0x78,0x45,0x45,0x4e,0x53,0x4e,0x5f,0x49,0x4e,0x53,0x34,0x5f,0x49,0x4a,0x53,
0x51,0x5f,0x53,0x54,0x5f,0x53,0x54,0x5f,0x53,0x56,0x5f,0x53,0x56,0x5f,0x4e,0x53,
0x57,0x5f,0x49,0x4e,0x53,0x34,0x5f,0x49,0x4a,0x69,0x53,0x31,0x30,0x5f,0x45,0x45,
0x45,0x4c,0x62,0x30,0x45,0x45,0x45,0x4e,0x53,0x5f,0x31,0x31,0x50,0x61,0x73,0x73,
0x54,0x68,0x72,0x6f,0x75,0x67,0x68,0x49,0x69,0x45,0x45,0x45,0x45,0x45,0x53,0x31,
0x46,0x5f,0x4e,0x53,0x34,0x5f,0x49,0x4a,0x53,0x31,0x47,0x5f,0x53,0x31,0x42,0x5f,
0x53,0x31,0x43,0x5f,0x53,0x31,0x45,0x5f,0x53,0x31,0x44,0x5f,0x4e,0x53,0x42,0x5f,
0x49,0x4a,0x4c,0x69,0x37,0x45,0x4c,0x69,0x38,0x45,0x45,0x45,0x45,0x4e,0x53,0x42,
0x5f,0x49,0x4a,0x4c,0x69,0x39,0x45,0x45,0x45,0x45,0x45,0x45,0x45,0x4e,0x53,0x42,
0x5f,0x49,0x4a,0x4c,0x69,0x37,0x45,0x4c,0x69,0x39,0x45,0x4c,0x69,0x38,0x45,0x45,
0x45,0x45,0x78,0x45,0x45,0x53,0x31,0x56,0x5f,0x4e,0x53,0x4e,0x5f,0x49,0x4e,0x53,
0x34,0x5f,0x49,0x4a,0x53,0x51,0x5f,0x53,0x54,0x5f,0x53,0x54,0x5f,0x53,0x56,0x5f,
0x53,0x56,0x5f,0x45,0x45,0x45,0x4e,0x53,0x34,0x5f,0x49,0x4a,0x53,0x31,0x38,0x5f,
0x53,0x31,0x39,0x5f,0x53,0x31,0x41,0x5f,0x53,0x31,0x42,0x5f,0x53,0x31,0x43,0x5f,
0x45,0x45,0x45,0x4e,0x53,0x34,0x5f,0x49,0x4a,0x53,0x31,0x47,0x5f,0x53,0x31,0x42,
0x5f,0x53,0x31,0x43,0x5f,0x53,0x31,0x45,0x5f,0x53,0x31,0x44,0x5f,0x45,0x45,0x45,
0x4e,0x53,0x42,0x5f,0x49,0x4a,0x4c,0x69,0x35,0x45,0x4c,0x69,0x36,0x45,0x45,0x45,
0x45,0x78,0x45,0x45,0x4c,0x69,0x36,0x34,0x45,0x4c,0x69,0x31,0x39,0x32,0x45,0x4c,
0x69,0x34,0x38,0x45,0x4c,0x69,0x38,0x45,0x4c,0x69,0x38,0x45,0x4c,0x69,0x34,0x38,
0x45,0x4c,0x69,0x36,0x34,0x45,0x4c,0x69,0x38,0x45,0x4c,0x69,0x31,0x36,0x45,0x4c,
0x69,0x31,0x36,0x45,0x4c,0x69,0x31,0x36,0x45,0x4c,0x69,0x31,0x45,0x4c,0x69,0x31,
0x32,0x45,0x4c,0x69,0x33,0x45,0x4c,0x69,0x31,0x32,0x38,0x45,0x53,0x43,0x5f,0x53,
0x44,0x5f,0x53,0x44,0x5f,0x4c,0x69,0x32,0x45,0x4c,0x69,0x38,0x45,0x4c,0x69,0x38,
0x45,0x4c,0x62,0x31,0x45,0x4c,0x62,0x30,0x45,0x4c,0x62,0x31,0x45,0x53,0x43,0x5f,
0x53,0x44,0x5f,0x53,0x44,0x5f,0x4c,0x69,0x32,0x45,0x4c,0x69,0x38,0x45,0x4c,0x69,
0x38,0x45,0x4c,0x62,0x31,0x45,0x4c,0x62,0x31,0x45,0x4c,0x62,0x31,0x45,0x53,0x45,
0x5f,0x53,0x46,0x5f,0x53,0x46,0x5f,0x4c,0x69,0x31,0x45,0x4c,0x69,0x32,0x45,0x4c,
0x69,0x31,0x45,0x4c,0x62,0x30,0x45,0x4c,0x62,0x31,0x45,0x4c,0x62,0x30,0x45,0x4c,
0x69,0x31,0x45,0x4c,0x69,0x31,0x45,0x53,0x47,0x5f,0x4c,0x69,0x38,0x45,0x4c,0x62,
0x31,0x45,0x4c,0x62,0x30,0x45,0x4c,0x69,0x31,0x45,0x4c,0x53,0x49,0x5f,0x30,0x45,
0x4c,0x53,0x4a,0x5f,0x30,0x45,0x45,0x45,0x44,0x46,0x31,0x36,0x5f,0x44,0x46,0x31,
0x36,0x5f,0x44,0x46,0x31,0x36,0x5f,0x44,0x46,0x31,0x36,0x5f,0x53,0x37,0x5f,0x53,
0x37,0x5f,0x53,0x38,0x5f,0x53,0x37,0x5f,0x53,0x37,0x5f,0x4c,0x62,0x30,0x45,0x45,
0x45,0x76,0x50,0x50,0x4b,0x54,0x31,0x5f,0x50,0x50,0x4b,0x54,0x32,0x5f,0x50,0x50,
0x4b,0x54,0x33,0x5f,0x50,0x50,0x54,0x34,0x5f,0x69,0x69,0x69,0x69,0x69,0x66,0x2e,
0x6b,0x64,0xb8,0x2e,0x75,0x6e,0x69,0x66,0x6f,0x72,0x6d,0x5f,0x77,0x6f,0x72,0x6b,
0x5f,0x67,0x72,0x6f,0x75,0x70,0x5f,0x73,0x69,0x7a,0x65,0x01,0xb3,0x2e,0x75,0x73,
0x65,0x73,0x5f,0x64,0x79,0x6e,0x61,0x6d,0x69,0x63,0x5f,0x73,0x74,0x61,0x63,0x6b,
0xc2,0xab,0x2e,0x76,0x67,0x70,0x72,0x5f,0x63,0x6f,0x75,0x6e,0x74,0xcd,0x01,0x00,
0xb1,0x2e,0x76,0x67,0x70,0x72,0x5f,0x73,0x70,0x69,0x6c,0x6c,0x5f,0x63,0x6f,0x75,
0x6e,0x74,0x00,0xaf,0x2e,0x77,0x61,0x76,0x65,0x66,0x72,0x6f,0x6e,0x74,0x5f,0x73,
0x69,0x7a,0x65,0x20,0xb9,0x2e,0x77,0x6f,0x72,0x6b,0x67,0x72,0x6f,0x75,0x70,0x5f,
0x70,0x72,0x6f,0x63,0x65,0x73,0x73,0x6f,0x72,0x5f,0x6d,0x6f,0x64,0x65,0x00,0xad,
0x61,0x6d,0x64,0x68,0x73,0x61,0x2e,0x74,0x61,0x72,0x67,0x65,0x74,0xba,0x61,0x6d,
0x64,0x67,0x63,0x6e,0x2d,0x61,0x6d,0x64,0x2d,0x61,0x6d,0x64,0x68,0x73,0x61,0x2d,
0x2d,0x67,0x66,0x78,0x31,0x32,0x30,0x31,0xae,0x61,0x6d,0x64,0x68,0x73,0x61,0x2e,
0x76,0x65,0x72,0x73,0x69,0x6f,0x6e,0x92,0x01,0x02,0x00,0x00,0x01,0x00,0x00,0x00,
0x04,0x00,0x00,0x00,0x05,0x00,0x00,0x00,0x01,0x00,0x00,0x00,0x0b,0x00,0x00,0x00,
0x01,0x00,0x00,0x00,0x0d,0x00,0x00,0x00,0x01,0x00,0x00,0x00,0x0f,0x00,0x00,0x00,
0x01,0x00,0x00,0x00,0x11,0x00,0x00,0x00,0x01,0x00,0x00,0x00,0x13,0x00,0x00,0x00,
0x01,0x00,0x00,0x00,0x15,0x00,0x00,0x00,0x01,0x00,0x00,0x00,0x17,0x00,0x00,0x00,
0x01,0x00,0x00,0x00,0x19,0x00,0x00,0x00,0x01,0x00,0x00,0x00,0x1b,0x00,0x00,0x00,
0x01,0x00,0x00,0x00,0x1d,0x00,0x00,0x00,0x01,0x00,0x00,0x00,0x1f,0x00,0x00,0x00,
0x00,0x00,0x00,0x00,0x00,0x00,0x00,0x00,0x00,0x00,0x00,0x00,0x00,0x00,0x00,0x00,
0x00,0x00,0x00,0x00,0x00,0x00,0x00,0x00,0x3e,0x00,0x00,0x00,0x00,0x00,0xf1,0xff,
0x00,0x01,0x00,0x00,0x00,0x00,0x00,0x00,0x00,0x00,0x00,0x00,0x00,0x00,0x00,0x00,
0xcb,0x0e,0x00,0x00,0x00,0x00,0xf1,0xff,0x00,0x00,0x00,0x00,0x00,0x00,0x00,0x00,
0x00,0x00,0x00,0x00,0x00,0x00,0x00,0x00,0x82,0x07,0x00,0x00,0x00,0x00,0xf1,0xff,
0x69,0x00,0x00,0x00,0x00,0x00,0x00,0x00,0x00,0x00,0x00,0x00,0x00,0x00,0x00,0x00,
0x79,0x3a,0x00,0x00,0x00,0x00,0xf1,0xff,0x00,0x00,0x00,0x00,0x00,0x00,0x00,0x00,
0x00,0x00,0x00,0x00,0x00,0x00,0x00,0x00,0xf0,0x48,0x00,0x00,0x00,0x00,0xf1,0xff,
0x01,0x00,0x00,0x00,0x00,0x00,0x00,0x00,0x00,0x00,0x00,0x00,0x00,0x00,0x00,0x00,
0x00,0x2c,0x00,0x00,0x00,0x00,0xf1,0xff,0x00,0x00,0x00,0x00,0x00,0x00,0x00,0x00,
0x00,0x00,0x00,0x00,0x00,0x00,0x00,0x00,0x93,0x24,0x00,0x00,0x00,0x00,0xf1,0xff,
0x00,0x00,0x00,0x00,0x00,0x00,0x00,0x00,0x00,0x00,0x00,0x00,0x00,0x00,0x00,0x00,
0x25,0x16,0x00,0x00,0x00,0x00,0xf1,0xff,0x00,0x00,0x00,0x00,0x00,0x00,0x00,0x00,
0x00,0x00,0x00,0x00,0x00,0x00,0x00,0x00,0x5a,0x1d,0x00,0x00,0x00,0x00,0xf1,0xff,
0x00,0x00,0x00,0x00,0x00,0x00,0x00,0x00,0x00,0x00,0x00,0x00,0x00,0x00,0x00,0x00,
0x2a,0x00,0x00,0x00,0x00,0x00,0xf1,0xff,0x00,0x00,0x00,0x00,0x00,0x00,0x00,0x00,
0x00,0x00,0x00,0x00,0x00,0x00,0x00,0x00,0xb7,0x0e,0x00,0x00,0x00,0x00,0xf1,0xff,
0x00,0x00,0x00,0x00,0x00,0x00,0x00,0x00,0x00,0x00,0x00,0x00,0x00,0x00,0x00,0x00,
0x6e,0x07,0x00,0x00,0x00,0x00,0xf1,0xff,0x00,0x00,0x00,0x00,0x00,0x00,0x00,0x00,
0x00,0x00,0x00,0x00,0x00,0x00,0x00,0x00,0x52,0x33,0x00,0x00,0x12,0x03,0x04,0x00,
0x00,0x00,0x00,0x00,0x00,0x00,0x00,0x00,0xc8,0x82,0x00,0x00,0x00,0x00,0x00,0x00,
0x54,0x50,0x00,0x00,0x21,0x03,0x1f,0x00,0x00,0x00,0x00,0x00,0x00,0x00,0x00,0x00,
0x10,0x00,0x00,0x00,0x00,0x00,0x00,0x00,0xb7,0x41,0x00,0x00,0x11,0x03,0x06,0x00,
0x00,0x00,0x00,0x00,0x00,0x00,0x00,0x00,0x40,0x00,0x00,0x00,0x00,0x00,0x00,0x00,
0x1e,0x16,0x00,0x00,0x21,0x02,0x0b,0x00,0x00,0x00,0x00,0x00,0x00,0x00,0x00,0x00,
0x50,0x00,0x00,0x00,0x00,0x00,0x00,0x00,0x2b,0x52,0x00,0x00,0x21,0x02,0x0d,0x00,
0x00,0x00,0x00,0x00,0x00,0x00,0x00,0x00,0x50,0x00,0x00,0x00,0x00,0x00,0x00,0x00,
0xf9,0x2b,0x00,0x00,0x21,0x02,0x0f,0x00,0x00,0x00,0x00,0x00,0x00,0x00,0x00,0x00,
0x50,0x00,0x00,0x00,0x00,0x00,0x00,0x00,0x5e,0x52,0x00,0x00,0x21,0x02,0x11,0x00,
0x00,0x00,0x00,0x00,0x00,0x00,0x00,0x00,0x50,0x00,0x00,0x00,0x00,0x00,0x00,0x00,
0xe9,0x48,0x00,0x00,0x21,0x02,0x13,0x00,0x00,0x00,0x00,0x00,0x00,0x00,0x00,0x00,
0xa0,0x00,0x00,0x00,0x00,0x00,0x00,0x00,0xe6,0x2b,0x00,0x00,0x21,0x02,0x15,0x00,
0x00,0x00,0x00,0x00,0x00,0x00,0x00,0x00,0x50,0x00,0x00,0x00,0x00,0x00,0x00,0x00,
0x0a,0x16,0x00,0x00,0x21,0x02,0x17,0x00,0x00,0x00,0x00,0x00,0x00,0x00,0x00,0x00,
0x50,0x00,0x00,0x00,0x00,0x00,0x00,0x00,0xf7,0x51,0x00,0x00,0x21,0x02,0x19,0x00,
0x00,0x00,0x00,0x00,0x00,0x00,0x00,0x00,0xa0,0x00,0x00,0x00,0x00,0x00,0x00,0x00,
0xaa,0x51,0x00,0x00,0x21,0x02,0x1b,0x00,0x00,0x00,0x00,0x00,0x00,0x00,0x00,0x00,
0x50,0x00,0x00,0x00,0x00,0x00,0x00,0x00,0x5c,0x51,0x00,0x00,0x21,0x02,0x1d,0x00,
0x00,0x00,0x00,0x00,0x00,0x00,0x00,0x00,0x50,0x00,0x00,0x00,0x00,0x00,0x00,0x00,
0x89,0x52,0x00,0x00,0x11,0x00,0x20,0x00,0x00,0x00,0x00,0x00,0x00,0x00,0x00,0x00,
0x01,0x00,0x00,0x00,0x00,0x00,0x00,0x00,0x10,0x00,0x00,0x00,0x00,0x00,0x00,0x00,
0x0a,0x00,0x00,0x00,0x0e,0x00,0x00,0x00,0x08,0x00,0x00,0x00,0x00,0x00,0x00,0x00,
0x18,0x00,0x00,0x00,0x00,0x00,0x00,0x00,0x0b,0x00,0x00,0x00,0x0e,0x00,0x00,0x00,
0x10,0x00,0x00,0x00,0x00,0x00,0x00,0x00,0x10,0x00,0x00,0x00,0x00,0x00,0x00,0x00,
0x05,0x00,0x00,0x00,0x0d,0x00,0x00,0x00,0x10,0x00,0x00,0x00,0x00,0x00,0x00,0x00,
0x1a,0x00,0x2e,0x74,0x65,0x78,0x74,0x00,0x2e,0x63,0x6f,0x6d,0x6d,0x65,0x6e,0x74,
0x00,0x2e,0x62,0x73,0x73,0x00,0x2e,0x41,0x4d,0x44,0x47,0x50,0x55,0x2e,0x67,0x70,
0x72,0x5f,0x6d,0x61,0x78,0x69,0x6d,0x75,0x6d,0x73,0x00,0x61,0x6d,0x64,0x67,0x70,
0x75,0x2e,0x6d,0x61,0x78,0x5f,0x6e,0x75,0x6d,0x5f,0x76,0x67,0x70,0x72,0x00,0x5f,
0x5a,0x4e,0x32,0x63,0x6b,0x31,0x36,0x74,0x65,0x6e,0x73,0x6f,0x72,0x5f,0x6f,0x70,
0x65,0x72,0x61,0x74,0x69,0x6f,0x6e,0x36,0x64,0x65,0x76,0x69,0x63,0x65,0x34,0x31,
0x6b,0x65,0x72,0x6e,0x65,0x6c,0x5f,0x6d,0x75,0x6c,0x74,0x69,0x5f,0x68,0x65,0x61,
0x64,0x5f,0x61,0x74,0x74,0x65,0x6e,0x74,0x69,0x6f,0x6e,0x5f,0x77,0x6d,0x6d,0x61,
0x5f,0x75,0x6e,0x70,0x61,0x63,0x6b,0x65,0x64,0x49,0x4e,0x53,0x31,0x5f,0x34,0x39,
0x44,0x65,0x76,0x69,0x63,0x65,0x42,0x61,0x74,0x63,0x68,0x65,0x64,0x47,0x65,0x6d,
0x6d,0x53,0x6f,0x66,0x74,0x6d,0x61,0x78,0x47,0x65,0x6d,0x6d,0x50,0x65,0x72,0x6d,
0x75,0x74,0x65,0x5f,0x57,0x6d,0x6d,0x61,0x5f,0x43,0x53,0x68,0x75,0x66,0x66,0x6c,
0x65,0x49,0x4c,0x69,0x32,0x45,0x4c,0x69,0x31,0x45,0x4c,0x69,0x31,0x45,0x4c,0x69,
0x31,0x45,0x4c,0x69,0x31,0x45,0x44,0x46,0x31,0x36,0x5f,0x44,0x46,0x31,0x36,0x5f,
0x44,0x46,0x31,0x36,0x5f,0x44,0x46,0x31,0x36,0x5f,0x4e,0x53,0x5f,0x35,0x54,0x75,
0x70,0x6c,0x65,0x49,0x4a,0x45,0x45,0x45,0x66,0x53,0x35,0x5f,0x66,0x66,0x4e,0x53,
0x30,0x5f,0x31,0x32,0x65,0x6c,0x65,0x6d,0x65,0x6e,0x74,0x5f,0x77,0x69,0x73,0x65,
0x31,0x31,0x50,0x61,0x73,0x73,0x54,0x68,0x72,0x6f,0x75,0x67,0x68,0x45,0x53,0x37,
0x5f,0x4e,0x53,0x36,0x5f,0x35,0x53,0x63,0x61,0x6c,0x65,0x45,0x53,0x37,0x5f,0x53,
0x37,0x5f,0x4c,0x4e,0x53,0x31,0x5f,0x31,0x38,0x47,0x65,0x6d,0x6d,0x53,0x70,0x65,
0x63,0x69,0x61,0x6c,0x69,0x7a,0x61,0x74,0x69,0x6f,0x6e,0x45,0x31,0x35,0x45,0x4c,
0x4e,0x53,0x31,0x5f,0x32,0x30,0x54,0x65,0x6e,0x73,0x6f,0x72,0x53,0x70,0x65,0x63,
0x69,0x61,0x6c,0x69,0x7a,0x61,0x74,0x69,0x6f,0x6e,0x45,0x30,0x45,0x4c,0x53,0x41,
0x5f,0x30,0x45,0x4c,0x53,0x41,0x5f,0x30,0x45,0x4c,0x53,0x41,0x5f,0x30,0x45,0x4c,
0x69,0x31,0x45,0x4c,0x69,0x31,0x32,0x38,0x45,0x4c,0x69,0x36,0x34,0x45,0x4c,0x69,
0x31,0x39,0x32,0x45,0x4c,0x69,0x34,0x38,0x45,0x4c,0x69,0x38,0x45,0x4c,0x69,0x38,
0x45,0x4c,0x69,0x34,0x38,0x45,0x4c,0x69,0x36,0x34,0x45,0x4c,0x69,0x38,0x45,0x4c,
0x69,0x31,0x36,0x45,0x4c,0x69,0x31,0x36,0x45,0x4c,0x69,0x31,0x36,0x45,0x4c,0x69,
0x31,0x45,0x4c,0x69,0x31,0x32,0x45,0x4c,0x69,0x33,0x45,0x4e,0x53,0x5f,0x38,0x53,
0x65,0x71,0x75,0x65,0x6e,0x63,0x65,0x49,0x4a,0x4c,0x69,0x32,0x45,0x4c,0x69,0x36,
0x34,0x45,0x4c,0x69,0x31,0x45,0x45,0x45,0x45,0x4e,0x53,0x42,0x5f,0x49,0x4a,0x4c,
0x69,0x31,0x45,0x4c,0x69,0x30,0x45,0x4c,0x69,0x32,0x45,0x45,0x45,0x45,0x53,0x44,
0x5f,0x4c,0x69,0x32,0x45,0x4c,0x69,0x38,0x45,0x4c,0x69,0x38,0x45,0x4c,0x62,0x31,
0x45,0x53,0x43,0x5f,0x53,0x44,0x5f,0x53,0x44,0x5f,0x4c,0x69,0x32,0x45,0x4c,0x69,
0x38,0x45,0x4c,0x69,0x38,0x45,0x4c,0x62,0x31,0x45,0x4e,0x53,0x42,0x5f,0x49,0x4a,
0x4c,0x69,0x32,0x45,0x4c,0x69,0x38,0x45,0x4c,0x69,0x38,0x45,0x45,0x45,0x45,0x4e,
0x53,0x42,0x5f,0x49,0x4a,0x4c,0x69,0x30,0x45,0x4c,0x69,0x32,0x45,0x4c,0x69,0x31,
0x45,0x45,0x45,0x45,0x53,0x46,0x5f,0x4c,0x69,0x31,0x45,0x4c,0x69,0x32,0x45,0x4c,
0x69,0x31,0x45,0x4c,0x62,0x30,0x45,0x4c,0x69,0x31,0x45,0x4c,0x69,0x31,0x45,0x4e,
0x53,0x42,0x5f,0x49,0x4a,0x4c,0x69,0x31,0x45,0x4c,0x69,0x36,0x34,0x45,0x4c,0x69,
0x31,0x45,0x4c,0x69,0x32,0x45,0x45,0x45,0x45,0x4c,0x69,0x38,0x45,0x4c,0x4e,0x53,
0x31,0x5f,0x32,0x31,0x4d,0x61,0x73,0x6b,0x69,0x6e,0x67,0x53,0x70,0x65,0x63,0x69,
0x61,0x6c,0x69,0x7a,0x61,0x74,0x69,0x6f,0x6e,0x45,0x30,0x45,0x4c,0x4e,0x53,0x5f,
0x31,0x33,0x4c,0x6f,0x6f,0x70,0x53,0x63,0x68,0x65,0x64,0x75,0x6c,0x65,0x72,0x45,
0x30,0x45,0x4c,0x4e,0x53,0x5f,0x31,0x35,0x50,0x69,0x70,0x65,0x6c,0x69,0x6e,0x65,
0x56,0x65,0x72,0x73,0x69,0x6f,0x6e,0x45,0x30,0x45,0x45,0x45,0x4e,0x53,0x5f,0x33,
0x35,0x47,0x72,0x69,0x64,0x77,0x69,0x73,0x65,0x42,0x61,0x74,0x63,0x68,0x65,0x64,
0x47,0x65,0x6d,0x6d,0x53,0x6f,0x66,0x74,0x6d,0x61,0x78,0x47,0x65,0x6d,0x6d,0x5f,
0x57,0x6d,0x6d,0x61,0x49,0x44,0x46,0x31,0x36,0x5f,0x44,0x46,0x31,0x36,0x5f,0x66,
0x44,0x46,0x31,0x36,0x5f,0x66,0x66,0x44,0x46,0x31,0x36,0x5f,0x53,0x37,0x5f,0x53,
0x37,0x5f,0x53,0x38,0x5f,0x53,0x37,0x5f,0x53,0x37,0x5f,0x4c,0x4e,0x53,0x5f,0x32,
0x35,0x49,0x6e,0x4d,0x65,0x6d,0x6f,0x72,0x79,0x44,0x61,0x74,0x61,0x4f,0x70,0x65,
0x72,0x61,0x74,0x69,0x6f,0x6e,0x45,0x6e,0x75,0x6d,0x45,0x30,0x45,0x4e,0x53,0x5f,
0x31,0x36,0x54,0x65,0x6e,0x73,0x6f,0x72,0x44,0x65,0x73,0x63,0x72,0x69,0x70,0x74,
0x6f,0x72,0x49,0x4e,0x53,0x34,0x5f,0x49,0x4a,0x4e,0x53,0x5f,0x35,0x45,0x6d,0x62,
0x65,0x64,0x49,0x4e,0x53,0x34,0x5f,0x49,0x4a,0x69,0x69,0x45,0x45,0x45,0x53,0x50,
0x5f,0x4c,0x62,0x30,0x45,0x45,0x45,0x4e,0x53,0x5f,0x32,0x33,0x4d,0x65,0x72,0x67,
0x65,0x5f,0x76,0x32,0x5f,0x6d,0x61,0x67,0x69,0x63,0x5f,0x64,0x69,0x76,0x69,0x73,
0x69,0x6f,0x6e,0x49,0x4e,0x53,0x34,0x5f,0x49,0x4a,0x69,0x45,0x45,0x45,0x45,0x45,
0x53,0x54,0x5f,0x4e,0x53,0x5f,0x38,0x52,0x69,0x67,0x68,0x74,0x50,0x61,0x64,0x49,
0x69,0x69,0x4c,0x62,0x30,0x45,0x45,0x45,0x53,0x56,0x5f,0x4e,0x53,0x5f,0x37,0x55,
0x6e,0x4d,0x65,0x72,0x67,0x65,0x49,0x4e,0x53,0x34,0x5f,0x49,0x4a,0x69,0x4e,0x53,
0x5f,0x31,0x37,0x69,0x6e,0x74,0x65,0x67,0x72,0x61,0x6c,0x5f,0x63,0x6f,0x6e,0x73,
0x74,0x61,0x6e,0x74,0x49,0x69,0x4c,0x69,0x31,0x45,0x45,0x45,0x4e,0x53,0x58,0x5f,
0x49,0x69,0x4c,0x69,0x32,0x45,0x45,0x45,0x4e,0x53,0x58,0x5f,0x49,0x69,0x4c,0x69,
0x38,0x45,0x45,0x45,0x45,0x45,0x45,0x4c,0x62,0x30,0x45,0x45,0x45,0x4e,0x53,0x57,
0x5f,0x49,0x4e,0x53,0x34,0x5f,0x49,0x4a,0x69,0x4e,0x53,0x58,0x5f,0x49,0x69,0x4c,
0x69,0x34,0x45,0x45,0x45,0x4e,0x53,0x58,0x5f,0x49,0x69,0x4c,0x69,0x31,0x36,0x45,
0x45,0x45,0x45,0x45,0x45,0x4c,0x62,0x30,0x45,0x45,0x45,0x45,0x45,0x45,0x4e,0x53,
0x34,0x5f,0x49,0x4a,0x4e,0x53,0x42,0x5f,0x49,0x4a,0x4c,0x69,0x30,0x45,0x45,0x45,
0x45,0x4e,0x53,0x42,0x5f,0x49,0x4a,0x4c,0x69,0x31,0x45,0x45,0x45,0x45,0x4e,0x53,
0x42,0x5f,0x49,0x4a,0x4c,0x69,0x32,0x45,0x45,0x45,0x45,0x4e,0x53,0x42,0x5f,0x49,
0x4a,0x4c,0x69,0x33,0x45,0x45,0x45,0x45,0x4e,0x53,0x42,0x5f,0x49,0x4a,0x4c,0x69,
0x34,0x45,0x45,0x45,0x45,0x4e,0x53,0x42,0x5f,0x49,0x4a,0x4c,0x69,0x36,0x45,0x45,
0x45,0x45,0x4e,0x53,0x42,0x5f,0x49,0x4a,0x4c,0x69,0x35,0x45,0x45,0x45,0x45,0x45,
0x45,0x45,0x4e,0x53,0x34,0x5f,0x49,0x4a,0x4e,0x53,0x42,0x5f,0x49,0x4a,0x4c,0x69,
0x31,0x45,0x4c,0x69,0x32,0x45,0x45,0x45,0x45,0x53,0x31,0x42,0x5f,0x53,0x31,0x43,
0x5f,0x53,0x31,0x45,0x5f,0x53,0x31,0x44,0x5f,0x4e,0x53,0x42,0x5f,0x49,0x4a,0x4c,
0x69,0x37,0x45,0x4c,0x69,0x38,0x45,0x4c,0x69,0x39,0x45,0x4c,0x69,0x31,0x30,0x45,
0x45,0x45,0x45,0x4e,0x53,0x42,0x5f,0x49,0x4a,0x4c,0x69,0x31,0x31,0x45,0x4c,0x69,
0x31,0x32,0x45,0x4c,0x69,0x31,0x33,0x45,0x45,0x45,0x45,0x45,0x45,0x45,0x4e,0x53,
0x42,0x5f,0x49,0x4a,0x4c,0x69,0x37,0x45,0x4c,0x69,0x31,0x31,0x45,0x4c,0x69,0x31,
0x32,0x45,0x4c,0x69,0x38,0x45,0x4c,0x69,0x39,0x45,0x4c,0x69,0x31,0x33,0x45,0x4c,
0x69,0x31,0x30,0x45,0x45,0x45,0x45,0x78,0x45,0x45,0x4e,0x53,0x4e,0x5f,0x49,0x4e,
0x53,0x34,0x5f,0x49,0x4a,0x53,0x51,0x5f,0x53,0x54,0x5f,0x53,0x54,0x5f,0x53,0x56,
0x5f,0x53,0x56,0x5f,0x4e,0x53,0x57,0x5f,0x49,0x4e,0x53,0x34,0x5f,0x49,0x4a,0x69,
0x53,0x31,0x30,0x5f,0x45,0x45,0x45,0x4c,0x62,0x30,0x45,0x45,0x45,0x4e,0x53,0x5f,
0x31,0x31,0x50,0x61,0x73,0x73,0x54,0x68,0x72,0x6f,0x75,0x67,0x68,0x49,0x69,0x45,
0x45,0x45,0x45,0x45,0x53,0x31,0x46,0x5f,0x4e,0x53,0x34,0x5f,0x49,0x4a,0x53,0x31,
0x47,0x5f,0x53,0x31,0x42,0x5f,0x53,0x31,0x43,0x5f,0x53,0x31,0x45,0x5f,0x53,0x31,
0x44,0x5f,0x4e,0x53,0x42,0x5f,0x49,0x4a,0x4c,0x69,0x37,0x45,0x4c,0x69,0x38,0x45,
0x45,0x45,0x45,0x4e,0x53,0x42,0x5f,0x49,0x4a,0x4c,0x69,0x39,0x45,0x45,0x45,0x45,
0x45,0x45,0x45,0x4e,0x53,0x42,0x5f,0x49,0x4a,0x4c,0x69,0x37,0x45,0x4c,0x69,0x39,
0x45,0x4c,0x69,0x38,0x45,0x45,0x45,0x45,0x78,0x45,0x45,0x53,0x31,0x56,0x5f,0x4e,
0x53,0x4e,0x5f,0x49,0x4e,0x53,0x34,0x5f,0x49,0x4a,0x53,0x51,0x5f,0x53,0x54,0x5f,
0x53,0x54,0x5f,0x53,0x56,0x5f,0x53,0x56,0x5f,0x45,0x45,0x45,0x4e,0x53,0x34,0x5f,
0x49,0x4a,0x53,0x31,0x38,0x5f,0x53,0x31,0x39,0x5f,0x53,0x31,0x41,0x5f,0x53,0x31,
0x42,0x5f,0x53,0x31,0x43,0x5f,0x45,0x45,0x45,0x4e,0x53,0x34,0x5f,0x49,0x4a,0x53,
0x31,0x47,0x5f,0x53,0x31,0x42,0x5f,0x53,0x31,0x43,0x5f,0x53,0x31,0x45,0x5f,0x53,
0x31,0x44,0x5f,0x45,0x45,0x45,0x4e,0x53,0x42,0x5f,0x49,0x4a,0x4c,0x69,0x35,0x45,
0x4c,0x69,0x36,0x45,0x45,0x45,0x45,0x78,0x45,0x45,0x4c,0x69,0x36,0x34,0x45,0x4c,
0x69,0x31,0x39,0x32,0x45,0x4c,0x69,0x34,0x38,0x45,0x4c,0x69,0x38,0x45,0x4c,0x69,
0x38,0x45,0x4c,0x69,0x34,0x38,0x45,0x4c,0x69,0x36,0x34,0x45,0x4c,0x69,0x38,0x45,
0x4c,0x69,0x31,0x36,0x45,0x4c,0x69,0x31,0x36,0x45,0x4c,0x69,0x31,0x36,0x45,0x4c,
0x69,0x31,0x45,0x4c,0x69,0x31,0x32,0x45,0x4c,0x69,0x33,0x45,0x4c,0x69,0x31,0x32,
0x38,0x45,0x53,0x43,0x5f,0x53,0x44,0x5f,0x53,0x44,0x5f,0x4c,0x69,0x32,0x45,0x4c,
0x69,0x38,0x45,0x4c,0x69,0x38,0x45,0x4c,0x62,0x31,0x45,0x4c,0x62,0x30,0x45,0x4c,
0x62,0x31,0x45,0x53,0x43,0x5f,0x53,0x44,0x5f,0x53,0x44,0x5f,0x4c,0x69,0x32,0x45,
0x4c,0x69,0x38,0x45,0x4c,0x69,0x38,0x45,0x4c,0x62,0x31,0x45,0x4c,0x62,0x31,0x45,
0x4c,0x62,0x31,0x45,0x53,0x45,0x5f,0x53,0x46,0x5f,0x53,0x46,0x5f,0x4c,0x69,0x31,
0x45,0x4c,0x69,0x32,0x45,0x4c,0x69,0x31,0x45,0x4c,0x62,0x30,0x45,0x4c,0x62,0x31,
0x45,0x4c,0x62,0x30,0x45,0x4c,0x69,0x31,0x45,0x4c,0x69,0x31,0x45,0x53,0x47,0x5f,
0x4c,0x69,0x38,0x45,0x4c,0x62,0x31,0x45,0x4c,0x62,0x30,0x45,0x4c,0x69,0x31,0x45,
0x4c,0x53,0x49,0x5f,0x30,0x45,0x4c,0x53,0x4a,0x5f,0x30,0x45,0x45,0x45,0x44,0x46,
0x31,0x36,0x5f,0x44,0x46,0x31,0x36,0x5f,0x44,0x46,0x31,0x36,0x5f,0x44,0x46,0x31,
0x36,0x5f,0x53,0x37,0x5f,0x53,0x37,0x5f,0x53,0x38,0x5f,0x53,0x37,0x5f,0x53,0x37,
0x5f,0x4c,0x62,0x30,0x45,0x45,0x45,0x76,0x50,0x50,0x4b,0x54,0x31,0x5f,0x50,0x50,
0x4b,0x54,0x32,0x5f,0x50,0x50,0x4b,0x54,0x33,0x5f,0x50,0x50,0x54,0x34,0x5f,0x69,
0x69,0x69,0x69,0x69,0x66,0x2e,0x6e,0x75,0x6d,0x5f,0x76,0x67,0x70,0x72,0x00,0x61,
0x6d,0x64,0x67,0x70,0x75,0x2e,0x6d,0x61,0x78,0x5f,0x6e,0x75,0x6d,0x5f,0x73,0x67,
0x70,0x72,0x00,0x5f,0x5a,0x4e,0x32,0x63,0x6b,0x31,0x36,0x74,0x65,0x6e,0x73,0x6f,
0x72,0x5f,0x6f,0x70,0x65,0x72,0x61,0x74,0x69,0x6f,0x6e,0x36,0x64,0x65,0x76,0x69,
0x63,0x65,0x34,0x31,0x6b,0x65,0x72,0x6e,0x65,0x6c,0x5f,0x6d,0x75,0x6c,0x74,0x69,
0x5f,0x68,0x65,0x61,0x64,0x5f,0x61,0x74,0x74,0x65,0x6e,0x74,0x69,0x6f,0x6e,0x5f,
0x77,0x6d,0x6d,0x61,0x5f,0x75,0x6e,0x70,0x61,0x63,0x6b,0x65,0x64,0x49,0x4e,0x53,
0x31,0x5f,0x34,0x39,0x44,0x65,0x76,0x69,0x63,0x65,0x42,0x61,0x74,0x63,0x68,0x65,
0x64,0x47,0x65,0x6d,0x6d,0x53,0x6f,0x66,0x74,0x6d,0x61,0x78,0x47,0x65,0x6d,0x6d,
0x50,0x65,0x72,0x6d,0x75,0x74,0x65,0x5f,0x57,0x6d,0x6d,0x61,0x5f,0x43,0x53,0x68,
0x75,0x66,0x66,0x6c,0x65,0x49,0x4c,0x69,0x32,0x45,0x4c,0x69,0x31,0x45,0x4c,0x69,
0x31,0x45,0x4c,0x69,0x31,0x45,0x4c,0x69,0x31,0x45,0x44,0x46,0x31,0x36,0x5f,0x44,
0x46,0x31,0x36,0x5f,0x44,0x46,0x31,0x36,0x5f,0x44,0x46,0x31,0x36,0x5f,0x4e,0x53,
0x5f,0x35,0x54,0x75,0x70,0x6c,0x65,0x49,0x4a,0x45,0x45,0x45,0x66,0x53,0x35,0x5f,
0x66,0x66,0x4e,0x53,0x30,0x5f,0x31,0x32,0x65,0x6c,0x65,0x6d,0x65,0x6e,0x74,0x5f,
0x77,0x69,0x73,0x65,0x31,0x31,0x50,0x61,0x73,0x73,0x54,0x68,0x72,0x6f,0x75,0x67,
0x68,0x45,0x53,0x37,0x5f,0x4e,0x53,0x36,0x5f,0x35,0x53,0x63,0x61,0x6c,0x65,0x45,
0x53,0x37,0x5f,0x53,0x37,0x5f,0x4c,0x4e,0x53,0x31,0x5f,0x31,0x38,0x47,0x65,0x6d,
0x6d,0x53,0x70,0x65,0x63,0x69,0x61,0x6c,0x69,0x7a,0x61,0x74,0x69,0x6f,0x6e,0x45,
0x31,0x35,0x45,0x4c,0x4e,0x53,0x31,0x5f,0x32,0x30,0x54,0x65,0x6e,0x73,0x6f,0x72,
0x53,0x70,0x65,0x63,0x69,0x61,0x6c,0x69,0x7a,0x61,0x74,0x69,0x6f,0x6e,0x45,0x30,
0x45,0x4c,0x53,0x41,0x5f,0x30,0x45,0x4c,0x53,0x41,0x5f,0x30,0x45,0x4c,0x53,0x41,
0x5f,0x30,0x45,0x4c,0x69,0x31,0x45,0x4c,0x69,0x31,0x32,0x38,0x45,0x4c,0x69,0x36,
0x34,0x45,0x4c,0x69,0x31,0x39,0x32,0x45,0x4c,0x69,0x34,0x38,0x45,0x4c,0x69,0x38,
0x45,0x4c,0x69,0x38,0x45,0x4c,0x69,0x34,0x38,0x45,0x4c,0x69,0x36,0x34,0x45,0x4c,
0x69,0x38,0x45,0x4c,0x69,0x31,0x36,0x45,0x4c,0x69,0x31,0x36,0x45,0x4c,0x69,0x31,
0x36,0x45,0x4c,0x69,0x31,0x45,0x4c,0x69,0x31,0x32,0x45,0x4c,0x69,0x33,0x45,0x4e,
0x53,0x5f,0x38,0x53,0x65,0x71,0x75,0x65,0x6e,0x63,0x65,0x49,0x4a,0x4c,0x69,0x32,
0x45,0x4c,0x69,0x36,0x34,0x45,0x4c,0x69,0x31,0x45,0x45,0x45,0x45,0x4e,0x53,0x42,
0x5f,0x49,0x4a,0x4c,0x69,0x31,0x45,0x4c,0x69,0x30,0x45,0x4c,0x69,0x32,0x45,0x45,
0x45,0x45,0x53,0x44,0x5f,0x4c,0x69,0x32,0x45,0x4c,0x69,0x38,0x45,0x4c,0x69,0x38,
0x45,0x4c,0x62,0x31,0x45,0x53,0x43,0x5f,0x53,0x44,0x5f,0x53,0x44,0x5f,0x4c,0x69,
0x32,0x45,0x4c,0x69,0x38,0x45,0x4c,0x69,0x38,0x45,0x4c,0x62,0x31,0x45,0x4e,0x53,
0x42,0x5f,0x49,0x4a,0x4c,0x69,0x32,0x45,0x4c,0x69,0x38,0x45,0x4c,0x69,0x38,0x45,
0x45,0x45,0x45,0x4e,0x53,0x42,0x5f,0x49,0x4a,0x4c,0x69,0x30,0x45,0x4c,0x69,0x32,
0x45,0x4c,0x69,0x31,0x45,0x45,0x45,0x45,0x53,0x46,0x5f,0x4c,0x69,0x31,0x45,0x4c,
0x69,0x32,0x45,0x4c,0x69,0x31,0x45,0x4c,0x62,0x30,0x45,0x4c,0x69,0x31,0x45,0x4c,
0x69,0x31,0x45,0x4e,0x53,0x42,0x5f,0x49,0x4a,0x4c,0x69,0x31,0x45,0x4c,0x69,0x36,
0x34,0x45,0x4c,0x69,0x31,0x45,0x4c,0x69,0x32,0x45,0x45,0x45,0x45,0x4c,0x69,0x38,
0x45,0x4c,0x4e,0x53,0x31,0x5f,0x32,0x31,0x4d,0x61,0x73,0x6b,0x69,0x6e,0x67,0x53,
0x70,0x65,0x63,0x69,0x61,0x6c,0x69,0x7a,0x61,0x74,0x69,0x6f,0x6e,0x45,0x30,0x45,
0x4c,0x4e,0x53,0x5f,0x31,0x33,0x4c,0x6f,0x6f,0x70,0x53,0x63,0x68,0x65,0x64,0x75,
0x6c,0x65,0x72,0x45,0x30,0x45,0x4c,0x4e,0x53,0x5f,0x31,0x35,0x50,0x69,0x70,0x65,
0x6c,0x69,0x6e,0x65,0x56,0x65,0x72,0x73,0x69,0x6f,0x6e,0x45,0x30,0x45,0x45,0x45,
0x4e,0x53,0x5f,0x33,0x35,0x47,0x72,0x69,0x64,0x77,0x69,0x73,0x65,0x42,0x61,0x74,
0x63,0x68,0x65,0x64,0x47,0x65,0x6d,0x6d,0x53,0x6f,0x66,0x74,0x6d,0x61,0x78,0x47,
0x65,0x6d,0x6d,0x5f,0x57,0x6d,0x6d,0x61,0x49,0x44,0x46,0x31,0x36,0x5f,0x44,0x46,
0x31,0x36,0x5f,0x66,0x44,0x46,0x31,0x36,0x5f,0x66,0x66,0x44,0x46,0x31,0x36,0x5f,
0x53,0x37,0x5f,0x53,0x37,0x5f,0x53,0x38,0x5f,0x53,0x37,0x5f,0x53,0x37,0x5f,0x4c,
0x4e,0x53,0x5f,0x32,0x35,0x49,0x6e,0x4d,0x65,0x6d,0x6f,0x72,0x79,0x44,0x61,0x74,
0x61,0x4f,0x70,0x65,0x72,0x61,0x74,0x69,0x6f,0x6e,0x45,0x6e,0x75,0x6d,0x45,0x30,
0x45,0x4e,0x53,0x5f,0x31,0x36,0x54,0x65,0x6e,0x73,0x6f,0x72,0x44,0x65,0x73,0x63,
0x72,0x69,0x70,0x74,0x6f,0x72,0x49,0x4e,0x53,0x34,0x5f,0x49,0x4a,0x4e,0x53,0x5f,
0x35,0x45,0x6d,0x62,0x65,0x64,0x49,0x4e,0x53,0x34,0x5f,0x49,0x4a,0x69,0x69,0x45,
0x45,0x45,0x53,0x50,0x5f,0x4c,0x62,0x30,0x45,0x45,0x45,0x4e,0x53,0x5f,0x32,0x33,
0x4d,0x65,0x72,0x67,0x65,0x5f,0x76,0x32,0x5f,0x6d,0x61,0x67,0x69,0x63,0x5f,0x64,
0x69,0x76,0x69,0x73,0x69,0x6f,0x6e,0x49,0x4e,0x53,0x34,0x5f,0x49,0x4a,0x69,0x45,
0x45,0x45,0x45,0x45,0x53,0x54,0x5f,0x4e,0x53,0x5f,0x38,0x52,0x69,0x67,0x68,0x74,
0x50,0x61,0x64,0x49,0x69,0x69,0x4c,0x62,0x30,0x45,0x45,0x45,0x53,0x56,0x5f,0x4e,
0x53,0x5f,0x37,0x55,0x6e,0x4d,0x65,0x72,0x67,0x65,0x49,0x4e,0x53,0x34,0x5f,0x49,
0x4a,0x69,0x4e,0x53,0x5f,0x31,0x37,0x69,0x6e,0x74,0x65,0x67,0x72,0x61,0x6c,0x5f,
0x63,0x6f,0x6e,0x73,0x74,0x61,0x6e,0x74,0x49,0x69,0x4c,0x69,0x31,0x45,0x45,0x45,
0x4e,0x53,0x58,0x5f,0x49,0x69,0x4c,0x69,0x32,0x45,0x45,0x45,0x4e,0x53,0x58,0x5f,
0x49,0x69,0x4c,0x69,0x38,0x45,0x45,0x45,0x45,0x45,0x45,0x4c,0x62,0x30,0x45,0x45,
0x45,0x4e,0x53,0x57,0x5f,0x49,0x4e,0x53,0x34,0x5f,0x49,0x4a,0x69,0x4e,0x53,0x58,
0x5f,0x49,0x69,0x4c,0x69,0x34,0x45,0x45,0x45,0x4e,0x53,0x58,0x5f,0x49,0x69,0x4c,
0x69,0x31,0x36,0x45,0x45,0x45,0x45,0x45,0x45,0x4c,0x62,0x30,0x45,0x45,0x45,0x45,
0x45,0x45,0x4e,0x53,0x34,0x5f,0x49,0x4a,0x4e,0x53,0x42,0x5f,0x49,0x4a,0x4c,0x69,
0x30,0x45,0x45,0x45,0x45,0x4e,0x53,0x42,0x5f,0x49,0x4a,0x4c,0x69,0x31,0x45,0x45,
0x45,0x45,0x4e,0x53,0x42,0x5f,0x49,0x4a,0x4c,0x69,0x32,0x45,0x45,0x45,0x45,0x4e,
0x53,0x42,0x5f,0x49,0x4a,0x4c,0x69,0x33,0x45,0x45,0x45,0x45,0x4e,0x53,0x42,0x5f,
0x49,0x4a,0x4c,0x69,0x34,0x45,0x45,0x45,0x45,0x4e,0x53,0x42,0x5f,0x49,0x4a,0x4c,
0x69,0x36,0x45,0x45,0x45,0x45,0x4e,0x53,0x42,0x5f,0x49,0x4a,0x4c,0x69,0x35,0x45,
0x45,0x45,0x45,0x45,0x45,0x45,0x4e,0x53,0x34,0x5f,0x49,0x4a,0x4e,0x53,0x42,0x5f,
0x49,0x4a,0x4c,0x69,0x31,0x45,0x4c,0x69,0x32,0x45,0x45,0x45,0x45,0x53,0x31,0x42,
0x5f,0x53,0x31,0x43,0x5f,0x53,0x31,0x45,0x5f,0x53,0x31,0x44,0x5f,0x4e,0x53,0x42,
0x5f,0x49,0x4a,0x4c,0x69,0x37,0x45,0x4c,0x69,0x38,0x45,0x4c,0x69,0x39,0x45,0x4c,
0x69,0x31,0x30,0x45,0x45,0x45,0x45,0x4e,0x53,0x42,0x5f,0x49,0x4a,0x4c,0x69,0x31,
0x31,0x45,0x4c,0x69,0x31,0x32,0x45,0x4c,0x69,0x31,0x33,0x45,0x45,0x45,0x45,0x45,
0x45,0x45,0x4e,0x53,0x42,0x5f,0x49,0x4a,0x4c,0x69,0x37,0x45,0x4c,0x69,0x31,0x31,
0x45,0x4c,0x69,0x31,0x32,0x45,0x4c,0x69,0x38,0x45,0x4c,0x69,0x39,0x45,0x4c,0x69,
0x31,0x33,0x45,0x4c,0x69,0x31,0x30,0x45,0x45,0x45,0x45,0x78,0x45,0x45,0x4e,0x53,
0x4e,0x5f,0x49,0x4e,0x53,0x34,0x5f,0x49,0x4a,0x53,0x51,0x5f,0x53,0x54,0x5f,0x53,
0x54,0x5f,0x53,0x56,0x5f,0x53,0x56,0x5f,0x4e,0x53,0x57,0x5f,0x49,0x4e,0x53,0x34,
0x5f,0x49,0x4a,0x69,0x53,0x31,0x30,0x5f,0x45,0x45,0x45,0x4c,0x62,0x30,0x45,0x45,
0x45,0x4e,0x53,0x5f,0x31,0x31,0x50,0x61,0x73,0x73,0x54,0x68,0x72,0x6f,0x75,0x67,
0x68,0x49,0x69,0x45,0x45,0x45,0x45,0x45,0x53,0x31,0x46,0x5f,0x4e,0x53,0x34,0x5f,
0x49,0x4a,0x53,0x31,0x47,0x5f,0x53,0x31,0x42,0x5f,0x53,0x31,0x43,0x5f,0x53,0x31,
0x45,0x5f,0x53,0x31,0x44,0x5f,0x4e,0x53,0x42,0x5f,0x49,0x4a,0x4c,0x69,0x37,0x45,
0x4c,0x69,0x38,0x45,0x45,0x45,0x45,0x4e,0x53,0x42,0x5f,0x49,0x4a,0x4c,0x69,0x39,
0x45,0x45,0x45,0x45,0x45,0x45,0x45,0x4e,0x53,0x42,0x5f,0x49,0x4a,0x4c,0x69,0x37,
0x45,0x4c,0x69,0x39,0x45,0x4c,0x69,0x38,0x45,0x45,0x45,0x45,0x78,0x45,0x45,0x53,
0x31,0x56,0x5f,0x4e,0x53,0x4e,0x5f,0x49,0x4e,0x53,0x34,0x5f,0x49,0x4a,0x53,0x51,
0x5f,0x53,0x54,0x5f,0x53,0x54,0x5f,0x53,0x56,0x5f,0x53,0x56,0x5f,0x45,0x45,0x45,
0x4e,0x53,0x34,0x5f,0x49,0x4a,0x53,0x31,0x38,0x5f,0x53,0x31,0x39,0x5f,0x53,0x31,
0x41,0x5f,0x53,0x31,0x42,0x5f,0x53,0x31,0x43,0x5f,0x45,0x45,0x45,0x4e,0x53,0x34,
0x5f,0x49,0x4a,0x53,0x31,0x47,0x5f,0x53,0x31,0x42,0x5f,0x53,0x31,0x43,0x5f,0x53,
0x31,0x45,0x5f,0x53,0x31,0x44,0x5f,0x45,0x45,0x45,0x4e,0x53,0x42,0x5f,0x49,0x4a,
0x4c,0x69,0x35,0x45,0x4c,0x69,0x36,0x45,0x45,0x45,0x45,0x78,0x45,0x45,0x4c,0x69,
0x36,0x34,0x45,0x4c,0x69,0x31,0x39,0x32,0x45,0x4c,0x69,0x34,0x38,0x45,0x4c,0x69,
0x38,0x45,0x4c,0x69,0x38,0x45,0x4c,0x69,0x34,0x38,0x45,0x4c,0x69,0x36,0x34,0x45,
0x4c,0x69,0x38,0x45,0x4c,0x69,0x31,0x36,0x45,0x4c,0x69,0x31,0x36,0x45,0x4c,0x69,
0x31,0x36,0x45,0x4c,0x69,0x31,0x45,0x4c,0x69,0x31,0x32,0x45,0x4c,0x69,0x33,0x45,
0x4c,0x69,0x31,0x32,0x38,0x45,0x53,0x43,0x5f,0x53,0x44,0x5f,0x53,0x44,0x5f,0x4c,
0x69,0x32,0x45,0x4c,0x69,0x38,0x45,0x4c,0x69,0x38,0x45,0x4c,0x62,0x31,0x45,0x4c,
0x62,0x30,0x45,0x4c,0x62,0x31,0x45,0x53,0x43,0x5f,0x53,0x44,0x5f,0x53,0x44,0x5f,
0x4c,0x69,0x32,0x45,0x4c,0x69,0x38,0x45,0x4c,0x69,0x38,0x45,0x4c,0x62,0x31,0x45,
0x4c,0x62,0x31,0x45,0x4c,0x62,0x31,0x45,0x53,0x45,0x5f,0x53,0x46,0x5f,0x53,0x46,
0x5f,0x4c,0x69,0x31,0x45,0x4c,0x69,0x32,0x45,0x4c,0x69,0x31,0x45,0x4c,0x62,0x30,
0x45,0x4c,0x62,0x31,0x45,0x4c,0x62,0x30,0x45,0x4c,0x69,0x31,0x45,0x4c,0x69,0x31,
0x45,0x53,0x47,0x5f,0x4c,0x69,0x38,0x45,0x4c,0x62,0x31,0x45,0x4c,0x62,0x30,0x45,
0x4c,0x69,0x31,0x45,0x4c,0x53,0x49,0x5f,0x30,0x45,0x4c,0x53,0x4a,0x5f,0x30,0x45,
0x45,0x45,0x44,0x46,0x31,0x36,0x5f,0x44,0x46,0x31,0x36,0x5f,0x44,0x46,0x31,0x36,
0x5f,0x44,0x46,0x31,0x36,0x5f,0x53,0x37,0x5f,0x53,0x37,0x5f,0x53,0x38,0x5f,0x53,
0x37,0x5f,0x53,0x37,0x5f,0x4c,0x62,0x30,0x45,0x45,0x45,0x76,0x50,0x50,0x4b,0x54,
0x31,0x5f,0x50,0x50,0x4b,0x54,0x32,0x5f,0x50,0x50,0x4b,0x54,0x33,0x5f,0x50,0x50,
0x54,0x34,0x5f,0x69,0x69,0x69,0x69,0x69,0x66,0x2e,0x6e,0x75,0x6d,0x62,0x65,0x72,
0x65,0x64,0x5f,0x73,0x67,0x70,0x72,0x00,0x61,0x6d,0x64,0x67,0x70,0x75,0x2e,0x6d,
0x61,0x78,0x5f,0x6e,0x75,0x6d,0x5f,0x61,0x67,0x70,0x72,0x00,0x5f,0x5a,0x4e,0x32,
0x63,0x6b,0x31,0x36,0x74,0x65,0x6e,0x73,0x6f,0x72,0x5f,0x6f,0x70,0x65,0x72,0x61,
0x74,0x69,0x6f,0x6e,0x36,0x64,0x65,0x76,0x69,0x63,0x65,0x34,0x31,0x6b,0x65,0x72,
0x6e,0x65,0x6c,0x5f,0x6d,0x75,0x6c,0x74,0x69,0x5f,0x68,0x65,0x61,0x64,0x5f,0x61,
0x74,0x74,0x65,0x6e,0x74,0x69,0x6f,0x6e,0x5f,0x77,0x6d,0x6d,0x61,0x5f,0x75,0x6e,
0x70,0x61,0x63,0x6b,0x65,0x64,0x49,0x4e,0x53,0x31,0x5f,0x34,0x39,0x44,0x65,0x76,
0x69,0x63,0x65,0x42,0x61,0x74,0x63,0x68,0x65,0x64,0x47,0x65,0x6d,0x6d,0x53,0x6f,
0x66,0x74,0x6d,0x61,0x78,0x47,0x65,0x6d,0x6d,0x50,0x65,0x72,0x6d,0x75,0x74,0x65,
0x5f,0x57,0x6d,0x6d,0x61,0x5f,0x43,0x53,0x68,0x75,0x66,0x66,0x6c,0x65,0x49,0x4c,
0x69,0x32,0x45,0x4c,0x69,0x31,0x45,0x4c,0x69,0x31,0x45,0x4c,0x69,0x31,0x45,0x4c,
0x69,0x31,0x45,0x44,0x46,0x31,0x36,0x5f,0x44,0x46,0x31,0x36,0x5f,0x44,0x46,0x31,
0x36,0x5f,0x44,0x46,0x31,0x36,0x5f,0x4e,0x53,0x5f,0x35,0x54,0x75,0x70,0x6c,0x65,
0x49,0x4a,0x45,0x45,0x45,0x66,0x53,0x35,0x5f,0x66,0x66,0x4e,0x53,0x30,0x5f,0x31,
0x32,0x65,0x6c,0x65,0x6d,0x65,0x6e,0x74,0x5f,0x77,0x69,0x73,0x65,0x31,0x31,0x50,
0x61,0x73,0x73,0x54,0x68,0x72,0x6f,0x75,0x67,0x68,0x45,0x53,0x37,0x5f,0x4e,0x53,
0x36,0x5f,0x35,0x53,0x63,0x61,0x6c,0x65,0x45,0x53,0x37,0x5f,0x53,0x37,0x5f,0x4c,
0x4e,0x53,0x31,0x5f,0x31,0x38,0x47,0x65,0x6d,0x6d,0x53,0x70,0x65,0x63,0x69,0x61,
0x6c,0x69,0x7a,0x61,0x74,0x69,0x6f,0x6e,0x45,0x31,0x35,0x45,0x4c,0x4e,0x53,0x31,
0x5f,0x32,0x30,0x54,0x65,0x6e,0x73,0x6f,0x72,0x53,0x70,0x65,0x63,0x69,0x61,0x6c,
0x69,0x7a,0x61,0x74,0x69,0x6f,0x6e,0x45,0x30,0x45,0x4c,0x53,0x41,0x5f,0x30,0x45,
0x4c,0x53,0x41,0x5f,0x30,0x45,0x4c,0x53,0x41,0x5f,0x30,0x45,0x4c,0x69,0x31,0x45,
0x4c,0x69,0x31,0x32,0x38,0x45,0x4c,0x69,0x36,0x34,0x45,0x4c,0x69,0x31,0x39,0x32,
0x45,0x4c,0x69,0x34,0x38,0x45,0x4c,0x69,0x38,0x45,0x4c,0x69,0x38,0x45,0x4c,0x69,
0x34,0x38,0x45,0x4c,0x69,0x36,0x34,0x45,0x4c,0x69,0x38,0x45,0x4c,0x69,0x31,0x36,
0x45,0x4c,0x69,0x31,0x36,0x45,0x4c,0x69,0x31,0x36,0x45,0x4c,0x69,0x31,0x45,0x4c,
0x69,0x31,0x32,0x45,0x4c,0x69,0x33,0x45,0x4e,0x53,0x5f,0x38,0x53,0x65,0x71,0x75,
0x65,0x6e,0x63,0x65,0x49,0x4a,0x4c,0x69,0x32,0x45,0x4c,0x69,0x36,0x34,0x45,0x4c,
0x69,0x31,0x45,0x45,0x45,0x45,0x4e,0x53,0x42,0x5f,0x49,0x4a,0x4c,0x69,0x31,0x45,
0x4c,0x69,0x30,0x45,0x4c,0x69,0x32,0x45,0x45,0x45,0x45,0x53,0x44,0x5f,0x4c,0x69,
0x32,0x45,0x4c,0x69,0x38,0x45,0x4c,0x69,0x38,0x45,0x4c,0x62,0x31,0x45,0x53,0x43,
0x5f,0x53,0x44,0x5f,0x53,0x44,0x5f,0x4c,0x69,0x32,0x45,0x4c,0x69,0x38,0x45,0x4c,
0x69,0x38,0x45,0x4c,0x62,0x31,0x45,0x4e,0x53,0x42,0x5f,0x49,0x4a,0x4c,0x69,0x32,
0x45,0x4c,0x69,0x38,0x45,0x4c,0x69,0x38,0x45,0x45,0x45,0x45,0x4e,0x53,0x42,0x5f,
0x49,0x4a,0x4c,0x69,0x30,0x45,0x4c,0x69,0x32,0x45,0x4c,0x69,0x31,0x45,0x45,0x45,
0x45,0x53,0x46,0x5f,0x4c,0x69,0x31,0x45,0x4c,0x69,0x32,0x45,0x4c,0x69,0x31,0x45,
0x4c,0x62,0x30,0x45,0x4c,0x69,0x31,0x45,0x4c,0x69,0x31,0x45,0x4e,0x53,0x42,0x5f,
0x49,0x4a,0x4c,0x69,0x31,0x45,0x4c,0x69,0x36,0x34,0x45,0x4c,0x69,0x31,0x45,0x4c,
0x69,0x32,0x45,0x45,0x45,0x45,0x4c,0x69,0x38,0x45,0x4c,0x4e,0x53,0x31,0x5f,0x32,
0x31,0x4d,0x61,0x73,0x6b,0x69,0x6e,0x67,0x53,0x70,0x65,0x63,0x69,0x61,0x6c,0x69,
0x7a,0x61,0x74,0x69,0x6f,0x6e,0x45,0x30,0x45,0x4c,0x4e,0x53,0x5f,0x31,0x33,0x4c,
0x6f,0x6f,0x70,0x53,0x63,0x68,0x65,0x64,0x75,0x6c,0x65,0x72,0x45,0x30,0x45,0x4c,
0x4e,0x53,0x5f,0x31,0x35,0x50,0x69,0x70,0x65,0x6c,0x69,0x6e,0x65,0x56,0x65,0x72,
0x73,0x69,0x6f,0x6e,0x45,0x30,0x45,0x45,0x45,0x4e,0x53,0x5f,0x33,0x35,0x47,0x72,
0x69,0x64,0x77,0x69,0x73,0x65,0x42,0x61,0x74,0x63,0x68,0x65,0x64,0x47,0x65,0x6d,
0x6d,0x53,0x6f,0x66,0x74,0x6d,0x61,0x78,0x47,0x65,0x6d,0x6d,0x5f,0x57,0x6d,0x6d,
0x61,0x49,0x44,0x46,0x31,0x36,0x5f,0x44,0x46,0x31,0x36,0x5f,0x66,0x44,0x46,0x31,
0x36,0x5f,0x66,0x66,0x44,0x46,0x31,0x36,0x5f,0x53,0x37,0x5f,0x53,0x37,0x5f,0x53,
0x38,0x5f,0x53,0x37,0x5f,0x53,0x37,0x5f,0x4c,0x4e,0x53,0x5f,0x32,0x35,0x49,0x6e,
0x4d,0x65,0x6d,0x6f,0x72,0x79,0x44,0x61,0x74,0x61,0x4f,0x70,0x65,0x72,0x61,0x74,
0x69,0x6f,0x6e,0x45,0x6e,0x75,0x6d,0x45,0x30,0x45,0x4e,0x53,0x5f,0x31,0x36,0x54,
0x65,0x6e,0x73,0x6f,0x72,0x44,0x65,0x73,0x63,0x72,0x69,0x70,0x74,0x6f,0x72,0x49,
0x4e,0x53,0x34,0x5f,0x49,0x4a,0x4e,0x53,0x5f,0x35,0x45,0x6d,0x62,0x65,0x64,0x49,
0x4e,0x53,0x34,0x5f,0x49,0x4a,0x69,0x69,0x45,0x45,0x45,0x53,0x50,0x5f,0x4c,0x62,
0x30,0x45,0x45,0x45,0x4e,0x53,0x5f,0x32,0x33,0x4d,0x65,0x72,0x67,0x65,0x5f,0x76,
0x32,0x5f,0x6d,0x61,0x67,0x69,0x63,0x5f,0x64,0x69,0x76,0x69,0x73,0x69,0x6f,0x6e,
0x49,0x4e,0x53,0x34,0x5f,0x49,0x4a,0x69,0x45,0x45,0x45,0x45,0x45,0x53,0x54,0x5f,
0x4e,0x53,0x5f,0x38,0x52,0x69,0x67,0x68,0x74,0x50,0x61,0x64,0x49,0x69,0x69,0x4c,
0x62,0x30,0x45,0x45,0x45,0x53,0x56,0x5f,0x4e,0x53,0x5f,0x37,0x55,0x6e,0x4d,0x65,
0x72,0x67,0x65,0x49,0x4e,0x53,0x34,0x5f,0x49,0x4a,0x69,0x4e,0x53,0x5f,0x31,0x37,
0x69,0x6e,0x74,0x65,0x67,0x72,0x61,0x6c,0x5f,0x63,0x6f,0x6e,0x73,0x74,0x61,0x6e,
0x74,0x49,0x69,0x4c,0x69,0x31,0x45,0x45,0x45,0x4e,0x53,0x58,0x5f,0x49,0x69,0x4c,
0x69,0x32,0x45,0x45,0x45,0x4e,0x53,0x58,0x5f,0x49,0x69,0x4c,0x69,0x38,0x45,0x45,
0x45,0x45,0x45,0x45,0x4c,0x62,0x30,0x45,0x45,0x45,0x4e,0x53,0x57,0x5f,0x49,0x4e,
0x53,0x34,0x5f,0x49,0x4a,0x69,0x4e,0x53,0x58,0x5f,0x49,0x69,0x4c,0x69,0x34,0x45,
0x45,0x45,0x4e,0x53,0x58,0x5f,0x49,0x69,0x4c,0x69,0x31,0x36,0x45,0x45,0x45,0x45,
0x45,0x45,0x4c,0x62,0x30,0x45,0x45,0x45,0x45,0x45,0x45,0x4e,0x53,0x34,0x5f,0x49,
0x4a,0x4e,0x53,0x42,0x5f,0x49,0x4a,0x4c,0x69,0x30,0x45,0x45,0x45,0x45,0x4e,0x53,
0x42,0x5f,0x49,0x4a,0x4c,0x69,0x31,0x45,0x45,0x45,0x45,0x4e,0x53,0x42,0x5f,0x49,
0x4a,0x4c,0x69,0x32,0x45,0x45,0x45,0x45,0x4e,0x53,0x42,0x5f,0x49,0x4a,0x4c,0x69,
0x33,0x45,0x45,0x45,0x45,0x4e,0x53,0x42,0x5f,0x49,0x4a,0x4c,0x69,0x34,0x45,0x45,
0x45,0x45,0x4e,0x53,0x42,0x5f,0x49,0x4a,0x4c,0x69,0x36,0x45,0x45,0x45,0x45,0x4e,
0x53,0x42,0x5f,0x49,0x4a,0x4c,0x69,0x35,0x45,0x45,0x45,0x45,0x45,0x45,0x45,0x4e,
0x53,0x34,0x5f,0x49,0x4a,0x4e,0x53,0x42,0x5f,0x49,0x4a,0x4c,0x69,0x31,0x45,0x4c,
0x69,0x32,0x45,0x45,0x45,0x45,0x53,0x31,0x42,0x5f,0x53,0x31,0x43,0x5f,0x53,0x31,
0x45,0x5f,0x53,0x31,0x44,0x5f,0x4e,0x53,0x42,0x5f,0x49,0x4a,0x4c,0x69,0x37,0x45,
0x4c,0x69,0x38,0x45,0x4c,0x69,0x39,0x45,0x4c,0x69,0x31,0x30,0x45,0x45,0x45,0x45,
0x4e,0x53,0x42,0x5f,0x49,0x4a,0x4c,0x69,0x31,0x31,0x45,0x4c,0x69,0x31,0x32,0x45,
0x4c,0x69,0x31,0x33,0x45,0x45,0x45,0x45,0x45,0x45,0x45,0x4e,0x53,0x42,0x5f,0x49,
0x4a,0x4c,0x69,0x37,0x45,0x4c,0x69,0x31,0x31,0x45,0x4c,0x69,0x31,0x32,0x45,0x4c,
0x69,0x38,0x45,0x4c,0x69,0x39,0x45,0x4c,0x69,0x31,0x33,0x45,0x4c,0x69,0x31,0x30,
0x45,0x45,0x45,0x45,0x78,0x45,0x45,0x4e,0x53,0x4e,0x5f,0x49,0x4e,0x53,0x34,0x5f,
0x49,0x4a,0x53,0x51,0x5f,0x53,0x54,0x5f,0x53,0x54,0x5f,0x53,0x56,0x5f,0x53,0x56,
0x5f,0x4e,0x53,0x57,0x5f,0x49,0x4e,0x53,0x34,0x5f,0x49,0x4a,0x69,0x53,0x31,0x30,
0x5f,0x45,0x45,0x45,0x4c,0x62,0x30,0x45,0x45,0x45,0x4e,0x53,0x5f,0x31,0x31,0x50,
0x61,0x73,0x73,0x54,0x68,0x72,0x6f,0x75,0x67,0x68,0x49,0x69,0x45,0x45,0x45,0x45,
0x45,0x53,0x31,0x46,0x5f,0x4e,0x53,0x34,0x5f,0x49,0x4a,0x53,0x31,0x47,0x5f,0x53,
0x31,0x42,0x5f,0x53,0x31,0x43,0x5f,0x53,0x31,0x45,0x5f,0x53,0x31,0x44,0x5f,0x4e,
0x53,0x42,0x5f,0x49,0x4a,0x4c,0x69,0x37,0x45,0x4c,0x69,0x38,0x45,0x45,0x45,0x45,
0x4e,0x53,0x42,0x5f,0x49,0x4a,0x4c,0x69,0x39,0x45,0x45,0x45,0x45,0x45,0x45,0x45,
0x4e,0x53,0x42,0x5f,0x49,0x4a,0x4c,0x69,0x37,0x45,0x4c,0x69,0x39,0x45,0x4c,0x69,
0x38,0x45,0x45,0x45,0x45,0x78,0x45,0x45,0x53,0x31,0x56,0x5f,0x4e,0x53,0x4e,0x5f,
0x49,0x4e,0x53,0x34,0x5f,0x49,0x4a,0x53,0x51,0x5f,0x53,0x54,0x5f,0x53,0x54,0x5f,
0x53,0x56,0x5f,0x53,0x56,0x5f,0x45,0x45,0x45,0x4e,0x53,0x34,0x5f,0x49,0x4a,0x53,
0x31,0x38,0x5f,0x53,0x31,0x39,0x5f,0x53,0x31,0x41,0x5f,0x53,0x31,0x42,0x5f,0x53,
0x31,0x43,0x5f,0x45,0x45,0x45,0x4e,0x53,0x34,0x5f,0x49,0x4a,0x53,0x31,0x47,0x5f,
0x53,0x31,0x42,0x5f,0x53,0x31,0x43,0x5f,0x53,0x31,0x45,0x5f,0x53,0x31,0x44,0x5f,
0x45,0x45,0x45,0x4e,0x53,0x42,0x5f,0x49,0x4a,0x4c,0x69,0x35,0x45,0x4c,0x69,0x36,
0x45,0x45,0x45,0x45,0x78,0x45,0x45,0x4c,0x69,0x36,0x34,0x45,0x4c,0x69,0x31,0x39,
0x32,0x45,0x4c,0x69,0x34,0x38,0x45,0x4c,0x69,0x38,0x45,0x4c,0x69,0x38,0x45,0x4c,
0x69,0x34,0x38,0x45,0x4c,0x69,0x36,0x34,0x45,0x4c,0x69,0x38,0x45,0x4c,0x69,0x31,
0x36,0x45,0x4c,0x69,0x31,0x36,0x45,0x4c,0x69,0x31,0x36,0x45,0x4c,0x69,0x31,0x45,
0x4c,0x69,0x31,0x32,0x45,0x4c,0x69,0x33,0x45,0x4c,0x69,0x31,0x32,0x38,0x45,0x53,
0x43,0x5f,0x53,0x44,0x5f,0x53,0x44,0x5f,0x4c,0x69,0x32,0x45,0x4c,0x69,0x38,0x45,
0x4c,0x69,0x38,0x45,0x4c,0x62,0x31,0x45,0x4c,0x62,0x30,0x45,0x4c,0x62,0x31,0x45,
0x53,0x43,0x5f,0x53,0x44,0x5f,0x53,0x44,0x5f,0x4c,0x69,0x32,0x45,0x4c,0x69,0x38,
0x45,0x4c,0x69,0x38,0x45,0x4c,0x62,0x31,0x45,0x4c,0x62,0x31,0x45,0x4c,0x62,0x31,
0x45,0x53,0x45,0x5f,0x53,0x46,0x5f,0x53,0x46,0x5f,0x4c,0x69,0x31,0x45,0x4c,0x69,
0x32,0x45,0x4c,0x69,0x31,0x45,0x4c,0x62,0x30,0x45,0x4c,0x62,0x31,0x45,0x4c,0x62,
0x30,0x45,0x4c,0x69,0x31,0x45,0x4c,0x69,0x31,0x45,0x53,0x47,0x5f,0x4c,0x69,0x38,
0x45,0x4c,0x62,0x31,0x45,0x4c,0x62,0x30,0x45,0x4c,0x69,0x31,0x45,0x4c,0x53,0x49,
0x5f,0x30,0x45,0x4c,0x53,0x4a,0x5f,0x30,0x45,0x45,0x45,0x44,0x46,0x31,0x36,0x5f,
0x44,0x46,0x31,0x36,0x5f,0x44,0x46,0x31,0x36,0x5f,0x44,0x46,0x31,0x36,0x5f,0x53,
0x37,0x5f,0x53,0x37,0x5f,0x53,0x38,0x5f,0x53,0x37,0x5f,0x53,0x37,0x5f,0x4c,0x62,
0x30,0x45,0x45,0x45,0x76,0x50,0x50,0x4b,0x54,0x31,0x5f,0x50,0x50,0x4b,0x54,0x32,
0x5f,0x50,0x50,0x4b,0x54,0x33,0x5f,0x50,0x50,0x54,0x34,0x5f,0x69,0x69,0x69,0x69,
0x69,0x66,0x2e,0x6e,0x75,0x6d,0x5f,0x61,0x67,0x70,0x72,0x00,0x2e,0x67,0x72,0x6f,
0x75,0x70,0x00,0x2e,0x72,0x6f,0x64,0x61,0x74,0x61,0x2e,0x5f,0x5a,0x54,0x43,0x53,
0x64,0x31,0x36,0x5f,0x53,0x6f,0x00,0x2e,0x72,0x6f,0x64,0x61,0x74,0x61,0x2e,0x5f,
0x5a,0x54,0x56,0x53,0x6f,0x00,0x5f,0x5a,0x4e,0x32,0x63,0x6b,0x31,0x36,0x74,0x65,
0x6e,0x73,0x6f,0x72,0x5f,0x6f,0x70,0x65,0x72,0x61,0x74,0x69,0x6f,0x6e,0x36,0x64,
0x65,0x76,0x69,0x63,0x65,0x34,0x31,0x6b,0x65,0x72,0x6e,0x65,0x6c,0x5f,0x6d,0x75,
0x6c,0x74,0x69,0x5f,0x68,0x65,0x61,0x64,0x5f,0x61,0x74,0x74,0x65,0x6e,0x74,0x69,
0x6f,0x6e,0x5f,0x77,0x6d,0x6d,0x61,0x5f,0x75,0x6e,0x70,0x61,0x63,0x6b,0x65,0x64,
0x49,0x4e,0x53,0x31,0x5f,0x34,0x39,0x44,0x65,0x76,0x69,0x63,0x65,0x42,0x61,0x74,
0x63,0x68,0x65,0x64,0x47,0x65,0x6d,0x6d,0x53,0x6f,0x66,0x74,0x6d,0x61,0x78,0x47,
0x65,0x6d,0x6d,0x50,0x65,0x72,0x6d,0x75,0x74,0x65,0x5f,0x57,0x6d,0x6d,0x61,0x5f,
0x43,0x53,0x68,0x75,0x66,0x66,0x6c,0x65,0x49,0x4c,0x69,0x32,0x45,0x4c,0x69,0x31,
0x45,0x4c,0x69,0x31,0x45,0x4c,0x69,0x31,0x45,0x4c,0x69,0x31,0x45,0x44,0x46,0x31,
0x36,0x5f,0x44,0x46,0x31,0x36,0x5f,0x44,0x46,0x31,0x36,0x5f,0x44,0x46,0x31,0x36,
0x5f,0x4e,0x53,0x5f,0x35,0x54,0x75,0x70,0x6c,0x65,0x49,0x4a,0x45,0x45,0x45,0x66,
0x53,0x35,0x5f,0x66,0x66,0x4e,0x53,0x30,0x5f,0x31,0x32,0x65,0x6c,0x65,0x6d,0x65,
0x6e,0x74,0x5f,0x77,0x69,0x73,0x65,0x31,0x31,0x50,0x61,0x73,0x73,0x54,0x68,0x72,
0x6f,0x75,0x67,0x68,0x45,0x53,0x37,0x5f,0x4e,0x53,0x36,0x5f,0x35,0x53,0x63,0x61,
0x6c,0x65,0x45,0x53,0x37,0x5f,0x53,0x37,0x5f,0x4c,0x4e,0x53,0x31,0x5f,0x31,0x38,
0x47,0x65,0x6d,0x6d,0x53,0x70,0x65,0x63,0x69,0x61,0x6c,0x69,0x7a,0x61,0x74,0x69,
0x6f,0x6e,0x45,0x31,0x35,0x45,0x4c,0x4e,0x53,0x31,0x5f,0x32,0x30,0x54,0x65,0x6e,
0x73,0x6f,0x72,0x53,0x70,0x65,0x63,0x69,0x61,0x6c,0x69,0x7a,0x61,0x74,0x69,0x6f,
0x6e,0x45,0x30,0x45,0x4c,0x53,0x41,0x5f,0x30,0x45,0x4c,0x53,0x41,0x5f,0x30,0x45,
0x4c,0x53,0x41,0x5f,0x30,0x45,0x4c,0x69,0x31,0x45,0x4c,0x69,0x31,0x32,0x38,0x45,
0x4c,0x69,0x36,0x34,0x45,0x4c,0x69,0x31,0x39,0x32,0x45,0x4c,0x69,0x34,0x38,0x45,
0x4c,0x69,0x38,0x45,0x4c,0x69,0x38,0x45,0x4c,0x69,0x34,0x38,0x45,0x4c,0x69,0x36,
0x34,0x45,0x4c,0x69,0x38,0x45,0x4c,0x69,0x31,0x36,0x45,0x4c,0x69,0x31,0x36,0x45,
0x4c,0x69,0x31,0x36,0x45,0x4c,0x69,0x31,0x45,0x4c,0x69,0x31,0x32,0x45,0x4c,0x69,
0x33,0x45,0x4e,0x53,0x5f,0x38,0x53,0x65,0x71,0x75,0x65,0x6e,0x63,0x65,0x49,0x4a,
0x4c,0x69,0x32,0x45,0x4c,0x69,0x36,0x34,0x45,0x4c,0x69,0x31,0x45,0x45,0x45,0x45,
0x4e,0x53,0x42,0x5f,0x49,0x4a,0x4c,0x69,0x31,0x45,0x4c,0x69,0x30,0x45,0x4c,0x69,
0x32,0x45,0x45,0x45,0x45,0x53,0x44,0x5f,0x4c,0x69,0x32,0x45,0x4c,0x69,0x38,0x45,
0x4c,0x69,0x38,0x45,0x4c,0x62,0x31,0x45,0x53,0x43,0x5f,0x53,0x44,0x5f,0x53,0x44,
0x5f,0x4c,0x69,0x32,0x45,0x4c,0x69,0x38,0x45,0x4c,0x69,0x38,0x45,0x4c,0x62,0x31,
0x45,0x4e,0x53,0x42,0x5f,0x49,0x4a,0x4c,0x69,0x32,0x45,0x4c,0x69,0x38,0x45,0x4c,
0x69,0x38,0x45,0x45,0x45,0x45,0x4e,0x53,0x42,0x5f,0x49,0x4a,0x4c,0x69,0x30,0x45,
0x4c,0x69,0x32,0x45,0x4c,0x69,0x31,0x45,0x45,0x45,0x45,0x53,0x46,0x5f,0x4c,0x69,
0x31,0x45,0x4c,0x69,0x32,0x45,0x4c,0x69,0x31,0x45,0x4c,0x62,0x30,0x45,0x4c,0x69,
0x31,0x45,0x4c,0x69,0x31,0x45,0x4e,0x53,0x42,0x5f,0x49,0x4a,0x4c,0x69,0x31,0x45,
0x4c,0x69,0x36,0x34,0x45,0x4c,0x69,0x31,0x45,0x4c,0x69,0x32,0x45,0x45,0x45,0x45,
0x4c,0x69,0x38,0x45,0x4c,0x4e,0x53,0x31,0x5f,0x32,0x31,0x4d,0x61,0x73,0x6b,0x69,
0x6e,0x67,0x53,0x70,0x65,0x63,0x69,0x61,0x6c,0x69,0x7a,0x61,0x74,0x69,0x6f,0x6e,
0x45,0x30,0x45,0x4c,0x4e,0x53,0x5f,0x31,0x33,0x4c,0x6f,0x6f,0x70,0x53,0x63,0x68,
0x65,0x64,0x75,0x6c,0x65,0x72,0x45,0x30,0x45,0x4c,0x4e,0x53,0x5f,0x31,0x35,0x50,
0x69,0x70,0x65,0x6c,0x69,0x6e,0x65,0x56,0x65,0x72,0x73,0x69,0x6f,0x6e,0x45,0x30,
0x45,0x45,0x45,0x4e,0x53,0x5f,0x33,0x35,0x47,0x72,0x69,0x64,0x77,0x69,0x73,0x65,
0x42,0x61,0x74,0x63,0x68,0x65,0x64,0x47,0x65,0x6d,0x6d,0x53,0x6f,0x66,0x74,0x6d,
0x61,0x78,0x47,0x65,0x6d,0x6d,0x5f,0x57,0x6d,0x6d,0x61,0x49,0x44,0x46,0x31,0x36,
0x5f,0x44,0x46,0x31,0x36,0x5f,0x66,0x44,0x46,0x31,0x36,0x5f,0x66,0x66,0x44,0x46,
0x31,0x36,0x5f,0x53,0x37,0x5f,0x53,0x37,0x5f,0x53,0x38,0x5f,0x53,0x37,0x5f,0x53,
0x37,0x5f,0x4c,0x4e,0x53,0x5f,0x32,0x35,0x49,0x6e,0x4d,0x65,0x6d,0x6f,0x72,0x79,
0x44,0x61,0x74,0x61,0x4f,0x70,0x65,0x72,0x61,0x74,0x69,0x6f,0x6e,0x45,0x6e,0x75,
0x6d,0x45,0x30,0x45,0x4e,0x53,0x5f,0x31,0x36,0x54,0x65,0x6e,0x73,0x6f,0x72,0x44,
0x65,0x73,0x63,0x72,0x69,0x70,0x74,0x6f,0x72,0x49,0x4e,0x53,0x34,0x5f,0x49,0x4a,
0x4e,0x53,0x5f,0x35,0x45,0x6d,0x62,0x65,0x64,0x49,0x4e,0x53,0x34,0x5f,0x49,0x4a,
0x69,0x69,0x45,0x45,0x45,0x53,0x50,0x5f,0x4c,0x62,0x30,0x45,0x45,0x45,0x4e,0x53,
0x5f,0x32,0x33,0x4d,0x65,0x72,0x67,0x65,0x5f,0x76,0x32,0x5f,0x6d,0x61,0x67,0x69,
0x63,0x5f,0x64,0x69,0x76,0x69,0x73,0x69,0x6f,0x6e,0x49,0x4e,0x53,0x34,0x5f,0x49,
0x4a,0x69,0x45,0x45,0x45,0x45,0x45,0x53,0x54,0x5f,0x4e,0x53,0x5f,0x38,0x52,0x69,
0x67,0x68,0x74,0x50,0x61,0x64,0x49,0x69,0x69,0x4c,0x62,0x30,0x45,0x45,0x45,0x53,
0x56,0x5f,0x4e,0x53,0x5f,0x37,0x55,0x6e,0x4d,0x65,0x72,0x67,0x65,0x49,0x4e,0x53,
0x34,0x5f,0x49,0x4a,0x69,0x4e,0x53,0x5f,0x31,0x37,0x69,0x6e,0x74,0x65,0x67,0x72,
0x61,0x6c,0x5f,0x63,0x6f,0x6e,0x73,0x74,0x61,0x6e,0x74,0x49,0x69,0x4c,0x69,0x31,
0x45,0x45,0x45,0x4e,0x53,0x58,0x5f,0x49,0x69,0x4c,0x69,0x32,0x45,0x45,0x45,0x4e,
0x53,0x58,0x5f,0x49,0x69,0x4c,0x69,0x38,0x45,0x45,0x45,0x45,0x45,0x45,0x4c,0x62,
0x30,0x45,0x45,0x45,0x4e,0x53,0x57,0x5f,0x49,0x4e,0x53,0x34,0x5f,0x49,0x4a,0x69,
0x4e,0x53,0x58,0x5f,0x49,0x69,0x4c,0x69,0x34,0x45,0x45,0x45,0x4e,0x53,0x58,0x5f,
0x49,0x69,0x4c,0x69,0x31,0x36,0x45,0x45,0x45,0x45,0x45,0x45,0x4c,0x62,0x30,0x45,
0x45,0x45,0x45,0x45,0x45,0x4e,0x53,0x34,0x5f,0x49,0x4a,0x4e,0x53,0x42,0x5f,0x49,
0x4a,0x4c,0x69,0x30,0x45,0x45,0x45,0x45,0x4e,0x53,0x42,0x5f,0x49,0x4a,0x4c,0x69,
0x31,0x45,0x45,0x45,0x45,0x4e,0x53,0x42,0x5f,0x49,0x4a,0x4c,0x69,0x32,0x45,0x45,
0x45,0x45,0x4e,0x53,0x42,0x5f,0x49,0x4a,0x4c,0x69,0x33,0x45,0x45,0x45,0x45,0x4e,
0x53,0x42,0x5f,0x49,0x4a,0x4c,0x69,0x34,0x45,0x45,0x45,0x45,0x4e,0x53,0x42,0x5f,
0x49,0x4a,0x4c,0x69,0x36,0x45,0x45,0x45,0x45,0x4e,0x53,0x42,0x5f,0x49,0x4a,0x4c,
0x69,0x35,0x45,0x45,0x45,0x45,0x45,0x45,0x45,0x4e,0x53,0x34,0x5f,0x49,0x4a,0x4e,
0x53,0x42,0x5f,0x49,0x4a,0x4c,0x69,0x31,0x45,0x4c,0x69,0x32,0x45,0x45,0x45,0x45,
0x53,0x31,0x42,0x5f,0x53,0x31,0x43,0x5f,0x53,0x31,0x45,0x5f,0x53,0x31,0x44,0x5f,
0x4e,0x53,0x42,0x5f,0x49,0x4a,0x4c,0x69,0x37,0x45,0x4c,0x69,0x38,0x45,0x4c,0x69,
0x39,0x45,0x4c,0x69,0x31,0x30,0x45,0x45,0x45,0x45,0x4e,0x53,0x42,0x5f,0x49,0x4a,
0x4c,0x69,0x31,0x31,0x45,0x4c,0x69,0x31,0x32,0x45,0x4c,0x69,0x31,0x33,0x45,0x45,
0x45,0x45,0x45,0x45,0x45,0x4e,0x53,0x42,0x5f,0x49,0x4a,0x4c,0x69,0x37,0x45,0x4c,
0x69,0x31,0x31,0x45,0x4c,0x69,0x31,0x32,0x45,0x4c,0x69,0x38,0x45,0x4c,0x69,0x39,
0x45,0x4c,0x69,0x31,0x33,0x45,0x4c,0x69,0x31,0x30,0x45,0x45,0x45,0x45,0x78,0x45,
0x45,0x4e,0x53,0x4e,0x5f,0x49,0x4e,0x53,0x34,0x5f,0x49,0x4a,0x53,0x51,0x5f,0x53,
0x54,0x5f,0x53,0x54,0x5f,0x53,0x56,0x5f,0x53,0x56,0x5f,0x4e,0x53,0x57,0x5f,0x49,
0x4e,0x53,0x34,0x5f,0x49,0x4a,0x69,0x53,0x31,0x30,0x5f,0x45,0x45,0x45,0x4c,0x62,
0x30,0x45,0x45,0x45,0x4e,0x53,0x5f,0x31,0x31,0x50,0x61,0x73,0x73,0x54,0x68,0x72,
0x6f,0x75,0x67,0x68,0x49,0x69,0x45,0x45,0x45,0x45,0x45,0x53,0x31,0x46,0x5f,0x4e,
0x53,0x34,0x5f,0x49,0x4a,0x53,0x31,0x47,0x5f,0x53,0x31,0x42,0x5f,0x53,0x31,0x43,
0x5f,0x53,0x31,0x45,0x5f,0x53,0x31,0x44,0x5f,0x4e,0x53,0x42,0x5f,0x49,0x4a,0x4c,
0x69,0x37,0x45,0x4c,0x69,0x38,0x45,0x45,0x45,0x45,0x4e,0x53,0x42,0x5f,0x49,0x4a,
0x4c,0x69,0x39,0x45,0x45,0x45,0x45,0x45,0x45,0x45,0x4e,0x53,0x42,0x5f,0x49,0x4a,
0x4c,0x69,0x37,0x45,0x4c,0x69,0x39,0x45,0x4c,0x69,0x38,0x45,0x45,0x45,0x45,0x78,
0x45,0x45,0x53,0x31,0x56,0x5f,0x4e,0x53,0x4e,0x5f,0x49,0x4e,0x53,0x34,0x5f,0x49,
0x4a,0x53,0x51,0x5f,0x53,0x54,0x5f,0x53,0x54,0x5f,0x53,0x56,0x5f,0x53,0x56,0x5f,
0x45,0x45,0x45,0x4e,0x53,0x34,0x5f,0x49,0x4a,0x53,0x31,0x38,0x5f,0x53,0x31,0x39,
0x5f,0x53,0x31,0x41,0x5f,0x53,0x31,0x42,0x5f,0x53,0x31,0x43,0x5f,0x45,0x45,0x45,
0x4e,0x53,0x34,0x5f,0x49,0x4a,0x53,0x31,0x47,0x5f,0x53,0x31,0x42,0x5f,0x53,0x31,
0x43,0x5f,0x53,0x31,0x45,0x5f,0x53,0x31,0x44,0x5f,0x45,0x45,0x45,0x4e,0x53,0x42,
0x5f,0x49,0x4a,0x4c,0x69,0x35,0x45,0x4c,0x69,0x36,0x45,0x45,0x45,0x45,0x78,0x45,
0x45,0x4c,0x69,0x36,0x34,0x45,0x4c,0x69,0x31,0x39,0x32,0x45,0x4c,0x69,0x34,0x38,
0x45,0x4c,0x69,0x38,0x45,0x4c,0x69,0x38,0x45,0x4c,0x69,0x34,0x38,0x45,0x4c,0x69,
0x36,0x34,0x45,0x4c,0x69,0x38,0x45,0x4c,0x69,0x31,0x36,0x45,0x4c,0x69,0x31,0x36,
0x45,0x4c,0x69,0x31,0x36,0x45,0x4c,0x69,0x31,0x45,0x4c,0x69,0x31,0x32,0x45,0x4c,
0x69,0x33,0x45,0x4c,0x69,0x31,0x32,0x38,0x45,0x53,0x43,0x5f,0x53,0x44,0x5f,0x53,
0x44,0x5f,0x4c,0x69,0x32,0x45,0x4c,0x69,0x38,0x45,0x4c,0x69,0x38,0x45,0x4c,0x62,
0x31,0x45,0x4c,0x62,0x30,0x45,0x4c,0x62,0x31,0x45,0x53,0x43,0x5f,0x53,0x44,0x5f,
0x53,0x44,0x5f,0x4c,0x69,0x32,0x45,0x4c,0x69,0x38,0x45,0x4c,0x69,0x38,0x45,0x4c,
0x62,0x31,0x45,0x4c,0x62,0x31,0x45,0x4c,0x62,0x31,0x45,0x53,0x45,0x5f,0x53,0x46,
0x5f,0x53,0x46,0x5f,0x4c,0x69,0x31,0x45,0x4c,0x69,0x32,0x45,0x4c,0x69,0x31,0x45,
0x4c,0x62,0x30,0x45,0x4c,0x62,0x31,0x45,0x4c,0x62,0x30,0x45,0x4c,0x69,0x31,0x45,
0x4c,0x69,0x31,0x45,0x53,0x47,0x5f,0x4c,0x69,0x38,0x45,0x4c,0x62,0x31,0x45,0x4c,
0x62,0x30,0x45,0x4c,0x69,0x31,0x45,0x4c,0x53,0x49,0x5f,0x30,0x45,0x4c,0x53,0x4a,
0x5f,0x30,0x45,0x45,0x45,0x44,0x46,0x31,0x36,0x5f,0x44,0x46,0x31,0x36,0x5f,0x44,
0x46,0x31,0x36,0x5f,0x44,0x46,0x31,0x36,0x5f,0x53,0x37,0x5f,0x53,0x37,0x5f,0x53,
0x38,0x5f,0x53,0x37,0x5f,0x53,0x37,0x5f,0x4c,0x62,0x30,0x45,0x45,0x45,0x76,0x50,
0x50,0x4b,0x54,0x31,0x5f,0x50,0x50,0x4b,0x54,0x32,0x5f,0x50,0x50,0x4b,0x54,0x33,
0x5f,0x50,0x50,0x54,0x34,0x5f,0x69,0x69,0x69,0x69,0x69,0x66,0x2e,0x68,0x61,0x73,
0x5f,0x72,0x65,0x63,0x75,0x72,0x73,0x69,0x6f,0x6e,0x00,0x5f,0x5a,0x4e,0x32,0x63,
0x6b,0x31,0x36,0x74,0x65,0x6e,0x73,0x6f,0x72,0x5f,0x6f,0x70,0x65,0x72,0x61,0x74,
0x69,0x6f,0x6e,0x36,0x64,0x65,0x76,0x69,0x63,0x65,0x34,0x31,0x6b,0x65,0x72,0x6e,
0x65,0x6c,0x5f,0x6d,0x75,0x6c,0x74,0x69,0x5f,0x68,0x65,0x61,0x64,0x5f,0x61,0x74,
0x74,0x65,0x6e,0x74,0x69,0x6f,0x6e,0x5f,0x77,0x6d,0x6d,0x61,0x5f,0x75,0x6e,0x70,
0x61,0x63,0x6b,0x65,0x64,0x49,0x4e,0x53,0x31,0x5f,0x34,0x39,0x44,0x65,0x76,0x69,
0x63,0x65,0x42,0x61,0x74,0x63,0x68,0x65,0x64,0x47,0x65,0x6d,0x6d,0x53,0x6f,0x66,
0x74,0x6d,0x61,0x78,0x47,0x65,0x6d,0x6d,0x50,0x65,0x72,0x6d,0x75,0x74,0x65,0x5f,
0x57,0x6d,0x6d,0x61,0x5f,0x43,0x53,0x68,0x75,0x66,0x66,0x6c,0x65,0x49,0x4c,0x69,
0x32,0x45,0x4c,0x69,0x31,0x45,0x4c,0x69,0x31,0x45,0x4c,0x69,0x31,0x45,0x4c,0x69,
0x31,0x45,0x44,0x46,0x31,0x36,0x5f,0x44,0x46,0x31,0x36,0x5f,0x44,0x46,0x31,0x36,
0x5f,0x44,0x46,0x31,0x36,0x5f,0x4e,0x53,0x5f,0x35,0x54,0x75,0x70,0x6c,0x65,0x49,
0x4a,0x45,0x45,0x45,0x66,0x53,0x35,0x5f,0x66,0x66,0x4e,0x53,0x30,0x5f,0x31,0x32,
0x65,0x6c,0x65,0x6d,0x65,0x6e,0x74,0x5f,0x77,0x69,0x73,0x65,0x31,0x31,0x50,0x61,
0x73,0x73,0x54,0x68,0x72,0x6f,0x75,0x67,0x68,0x45,0x53,0x37,0x5f,0x4e,0x53,0x36,
0x5f,0x35,0x53,0x63,0x61,0x6c,0x65,0x45,0x53,0x37,0x5f,0x53,0x37,0x5f,0x4c,0x4e,
0x53,0x31,0x5f,0x31,0x38,0x47,0x65,0x6d,0x6d,0x53,0x70,0x65,0x63,0x69,0x61,0x6c,
0x69,0x7a,0x61,0x74,0x69,0x6f,0x6e,0x45,0x31,0x35,0x45,0x4c,0x4e,0x53,0x31,0x5f,
0x32,0x30,0x54,0x65,0x6e,0x73,0x6f,0x72,0x53,0x70,0x65,0x63,0x69,0x61,0x6c,0x69,
0x7a,0x61,0x74,0x69,0x6f,0x6e,0x45,0x30,0x45,0x4c,0x53,0x41,0x5f,0x30,0x45,0x4c,
0x53,0x41,0x5f,0x30,0x45,0x4c,0x53,0x41,0x5f,0x30,0x45,0x4c,0x69,0x31,0x45,0x4c,
0x69,0x31,0x32,0x38,0x45,0x4c,0x69,0x36,0x34,0x45,0x4c,0x69,0x31,0x39,0x32,0x45,
0x4c,0x69,0x34,0x38,0x45,0x4c,0x69,0x38,0x45,0x4c,0x69,0x38,0x45,0x4c,0x69,0x34,
0x38,0x45,0x4c,0x69,0x36,0x34,0x45,0x4c,0x69,0x38,0x45,0x4c,0x69,0x31,0x36,0x45,
0x4c,0x69,0x31,0x36,0x45,0x4c,0x69,0x31,0x36,0x45,0x4c,0x69,0x31,0x45,0x4c,0x69,
0x31,0x32,0x45,0x4c,0x69,0x33,0x45,0x4e,0x53,0x5f,0x38,0x53,0x65,0x71,0x75,0x65,
0x6e,0x63,0x65,0x49,0x4a,0x4c,0x69,0x32,0x45,0x4c,0x69,0x36,0x34,0x45,0x4c,0x69,
0x31,0x45,0x45,0x45,0x45,0x4e,0x53,0x42,0x5f,0x49,0x4a,0x4c,0x69,0x31,0x45,0x4c,
0x69,0x30,0x45,0x4c,0x69,0x32,0x45,0x45,0x45,0x45,0x53,0x44,0x5f,0x4c,0x69,0x32,
0x45,0x4c,0x69,0x38,0x45,0x4c,0x69,0x38,0x45,0x4c,0x62,0x31,0x45,0x53,0x43,0x5f,
0x53,0x44,0x5f,0x53,0x44,0x5f,0x4c,0x69,0x32,0x45,0x4c,0x69,0x38,0x45,0x4c,0x69,
0x38,0x45,0x4c,0x62,0x31,0x45,0x4e,0x53,0x42,0x5f,0x49,0x4a,0x4c,0x69,0x32,0x45,
0x4c,0x69,0x38,0x45,0x4c,0x69,0x38,0x45,0x45,0x45,0x45,0x4e,0x53,0x42,0x5f,0x49,
0x4a,0x4c,0x69,0x30,0x45,0x4c,0x69,0x32,0x45,0x4c,0x69,0x31,0x45,0x45,0x45,0x45,
0x53,0x46,0x5f,0x4c,0x69,0x31,0x45,0x4c,0x69,0x32,0x45,0x4c,0x69,0x31,0x45,0x4c,
0x62,0x30,0x45,0x4c,0x69,0x31,0x45,0x4c,0x69,0x31,0x45,0x4e,0x53,0x42,0x5f,0x49,
0x4a,0x4c,0x69,0x31,0x45,0x4c,0x69,0x36,0x34,0x45,0x4c,0x69,0x31,0x45,0x4c,0x69,
0x32,0x45,0x45,0x45,0x45,0x4c,0x69,0x38,0x45,0x4c,0x4e,0x53,0x31,0x5f,0x32,0x31,
0x4d,0x61,0x73,0x6b,0x69,0x6e,0x67,0x53,0x70,0x65,0x63,0x69,0x61,0x6c,0x69,0x7a,
0x61,0x74,0x69,0x6f,0x6e,0x45,0x30,0x45,0x4c,0x4e,0x53,0x5f,0x31,0x33,0x4c,0x6f,
0x6f,0x70,0x53,0x63,0x68,0x65,0x64,0x75,0x6c,0x65,0x72,0x45,0x30,0x45,0x4c,0x4e,
0x53,0x5f,0x31,0x35,0x50,0x69,0x70,0x65,0x6c,0x69,0x6e,0x65,0x56,0x65,0x72,0x73,
0x69,0x6f,0x6e,0x45,0x30,0x45,0x45,0x45,0x4e,0x53,0x5f,0x33,0x35,0x47,0x72,0x69,
0x64,0x77,0x69,0x73,0x65,0x42,0x61,0x74,0x63,0x68,0x65,0x64,0x47,0x65,0x6d,0x6d,
0x53,0x6f,0x66,0x74,0x6d,0x61,0x78,0x47,0x65,0x6d,0x6d,0x5f,0x57,0x6d,0x6d,0x61,
0x49,0x44,0x46,0x31,0x36,0x5f,0x44,0x46,0x31,0x36,0x5f,0x66,0x44,0x46,0x31,0x36,
0x5f,0x66,0x66,0x44,0x46,0x31,0x36,0x5f,0x53,0x37,0x5f,0x53,0x37,0x5f,0x53,0x38,
0x5f,0x53,0x37,0x5f,0x53,0x37,0x5f,0x4c,0x4e,0x53,0x5f,0x32,0x35,0x49,0x6e,0x4d,
0x65,0x6d,0x6f,0x72,0x79,0x44,0x61,0x74,0x61,0x4f,0x70,0x65,0x72,0x61,0x74,0x69,
0x6f,0x6e,0x45,0x6e,0x75,0x6d,0x45,0x30,0x45,0x4e,0x53,0x5f,0x31,0x36,0x54,0x65,
0x6e,0x73,0x6f,0x72,0x44,0x65,0x73,0x63,0x72,0x69,0x70,0x74,0x6f,0x72,0x49,0x4e,
0x53,0x34,0x5f,0x49,0x4a,0x4e,0x53,0x5f,0x35,0x45,0x6d,0x62,0x65,0x64,0x49,0x4e,
0x53,0x34,0x5f,0x49,0x4a,0x69,0x69,0x45,0x45,0x45,0x53,0x50,0x5f,0x4c,0x62,0x30,
0x45,0x45,0x45,0x4e,0x53,0x5f,0x32,0x33,0x4d,0x65,0x72,0x67,0x65,0x5f,0x76,0x32,
0x5f,0x6d,0x61,0x67,0x69,0x63,0x5f,0x64,0x69,0x76,0x69,0x73,0x69,0x6f,0x6e,0x49,
0x4e,0x53,0x34,0x5f,0x49,0x4a,0x69,0x45,0x45,0x45,0x45,0x45,0x53,0x54,0x5f,0x4e,
0x53,0x5f,0x38,0x52,0x69,0x67,0x68,0x74,0x50,0x61,0x64,0x49,0x69,0x69,0x4c,0x62,
0x30,0x45,0x45,0x45,0x53,0x56,0x5f,0x4e,0x53,0x5f,0x37,0x55,0x6e,0x4d,0x65,0x72,
0x67,0x65,0x49,0x4e,0x53,0x34,0x5f,0x49,0x4a,0x69,0x4e,0x53,0x5f,0x31,0x37,0x69,
0x6e,0x74,0x65,0x67,0x72,0x61,0x6c,0x5f,0x63,0x6f,0x6e,0x73,0x74,0x61,0x6e,0x74,
0x49,0x69,0x4c,0x69,0x31,0x45,0x45,0x45,0x4e,0x53,0x58,0x5f,0x49,0x69,0x4c,0x69,
0x32,0x45,0x45,0x45,0x4e,0x53,0x58,0x5f,0x49,0x69,0x4c,0x69,0x38,0x45,0x45,0x45,
0x45,0x45,0x45,0x4c,0x62,0x30,0x45,0x45,0x45,0x4e,0x53,0x57,0x5f,0x49,0x4e,0x53,
0x34,0x5f,0x49,0x4a,0x69,0x4e,0x53,0x58,0x5f,0x49,0x69,0x4c,0x69,0x34,0x45,0x45,
0x45,0x4e,0x53,0x58,0x5f,0x49,0x69,0x4c,0x69,0x31,0x36,0x45,0x45,0x45,0x45,0x45,
0x45,0x4c,0x62,0x30,0x45,0x45,0x45,0x45,0x45,0x45,0x4e,0x53,0x34,0x5f,0x49,0x4a,
0x4e,0x53,0x42,0x5f,0x49,0x4a,0x4c,0x69,0x30,0x45,0x45,0x45,0x45,0x4e,0x53,0x42,
0x5f,0x49,0x4a,0x4c,0x69,0x31,0x45,0x45,0x45,0x45,0x4e,0x53,0x42,0x5f,0x49,0x4a,
0x4c,0x69,0x32,0x45,0x45,0x45,0x45,0x4e,0x53,0x42,0x5f,0x49,0x4a,0x4c,0x69,0x33,
0x45,0x45,0x45,0x45,0x4e,0x53,0x42,0x5f,0x49,0x4a,0x4c,0x69,0x34,0x45,0x45,0x45,
0x45,0x4e,0x53,0x42,0x5f,0x49,0x4a,0x4c,0x69,0x36,0x45,0x45,0x45,0x45,0x4e,0x53,
0x42,0x5f,0x49,0x4a,0x4c,0x69,0x35,0x45,0x45,0x45,0x45,0x45,0x45,0x45,0x4e,0x53,
0x34,0x5f,0x49,0x4a,0x4e,0x53,0x42,0x5f,0x49,0x4a,0x4c,0x69,0x31,0x45,0x4c,0x69,
0x32,0x45,0x45,0x45,0x45,0x53,0x31,0x42,0x5f,0x53,0x31,0x43,0x5f,0x53,0x31,0x45,
0x5f,0x53,0x31,0x44,0x5f,0x4e,0x53,0x42,0x5f,0x49,0x4a,0x4c,0x69,0x37,0x45,0x4c,
0x69,0x38,0x45,0x4c,0x69,0x39,0x45,0x4c,0x69,0x31,0x30,0x45,0x45,0x45,0x45,0x4e,
0x53,0x42,0x5f,0x49,0x4a,0x4c,0x69,0x31,0x31,0x45,0x4c,0x69,0x31,0x32,0x45,0x4c,
0x69,0x31,0x33,0x45,0x45,0x45,0x45,0x45,0x45,0x45,0x4e,0x53,0x42,0x5f,0x49,0x4a,
0x4c,0x69,0x37,0x45,0x4c,0x69,0x31,0x31,0x45,0x4c,0x69,0x31,0x32,0x45,0x4c,0x69,
0x38,0x45,0x4c,0x69,0x39,0x45,0x4c,0x69,0x31,0x33,0x45,0x4c,0x69,0x31,0x30,0x45,
0x45,0x45,0x45,0x78,0x45,0x45,0x4e,0x53,0x4e,0x5f,0x49,0x4e,0x53,0x34,0x5f,0x49,
0x4a,0x53,0x51,0x5f,0x53,0x54,0x5f,0x53,0x54,0x5f,0x53,0x56,0x5f,0x53,0x56,0x5f,
0x4e,0x53,0x57,0x5f,0x49,0x4e,0x53,0x34,0x5f,0x49,0x4a,0x69,0x53,0x31,0x30,0x5f,
0x45,0x45,0x45,0x4c,0x62,0x30,0x45,0x45,0x45,0x4e,0x53,0x5f,0x31,0x31,0x50,0x61,
0x73,0x73,0x54,0x68,0x72,0x6f,0x75,0x67,0x68,0x49,0x69,0x45,0x45,0x45,0x45,0x45,
0x53,0x31,0x46,0x5f,0x4e,0x53,0x34,0x5f,0x49,0x4a,0x53,0x31,0x47,0x5f,0x53,0x31,
0x42,0x5f,0x53,0x31,0x43,0x5f,0x53,0x31,0x45,0x5f,0x53,0x31,0x44,0x5f,0x4e,0x53,
0x42,0x5f,0x49,0x4a,0x4c,0x69,0x37,0x45,0x4c,0x69,0x38,0x45,0x45,0x45,0x45,0x4e,
0x53,0x42,0x5f,0x49,0x4a,0x4c,0x69,0x39,0x45,0x45,0x45,0x45,0x45,0x45,0x45,0x4e,
0x53,0x42,0x5f,0x49,0x4a,0x4c,0x69,0x37,0x45,0x4c,0x69,0x39,0x45,0x4c,0x69,0x38,
0x45,0x45,0x45,0x45,0x78,0x45,0x45,0x53,0x31,0x56,0x5f,0x4e,0x53,0x4e,0x5f,0x49,
0x4e,0x53,0x34,0x5f,0x49,0x4a,0x53,0x51,0x5f,0x53,0x54,0x5f,0x53,0x54,0x5f,0x53,
0x56,0x5f,0x53,0x56,0x5f,0x45,0x45,0x45,0x4e,0x53,0x34,0x5f,0x49,0x4a,0x53,0x31,
0x38,0x5f,0x53,0x31,0x39,0x5f,0x53,0x31,0x41,0x5f,0x53,0x31,0x42,0x5f,0x53,0x31,
0x43,0x5f,0x45,0x45,0x45,0x4e,0x53,0x34,0x5f,0x49,0x4a,0x53,0x31,0x47,0x5f,0x53,
0x31,0x42,0x5f,0x53,0x31,0x43,0x5f,0x53,0x31,0x45,0x5f,0x53,0x31,0x44,0x5f,0x45,
0x45,0x45,0x4e,0x53,0x42,0x5f,0x49,0x4a,0x4c,0x69,0x35,0x45,0x4c,0x69,0x36,0x45,
0x45,0x45,0x45,0x78,0x45,0x45,0x4c,0x69,0x36,0x34,0x45,0x4c,0x69,0x31,0x39,0x32,
0x45,0x4c,0x69,0x34,0x38,0x45,0x4c,0x69,0x38,0x45,0x4c,0x69,0x38,0x45,0x4c,0x69,
0x34,0x38,0x45,0x4c,0x69,0x36,0x34,0x45,0x4c,0x69,0x38,0x45,0x4c,0x69,0x31,0x36,
0x45,0x4c,0x69,0x31,0x36,0x45,0x4c,0x69,0x31,0x36,0x45,0x4c,0x69,0x31,0x45,0x4c,
0x69,0x31,0x32,0x45,0x4c,0x69,0x33,0x45,0x4c,0x69,0x31,0x32,0x38,0x45,0x53,0x43,
0x5f,0x53,0x44,0x5f,0x53,0x44,0x5f,0x4c,0x69,0x32,0x45,0x4c,0x69,0x38,0x45,0x4c,
0x69,0x38,0x45,0x4c,0x62,0x31,0x45,0x4c,0x62,0x30,0x45,0x4c,0x62,0x31,0x45,0x53,
0x43,0x5f,0x53,0x44,0x5f,0x53,0x44,0x5f,0x4c,0x69,0x32,0x45,0x4c,0x69,0x38,0x45,
0x4c,0x69,0x38,0x45,0x4c,0x62,0x31,0x45,0x4c,0x62,0x31,0x45,0x4c,0x62,0x31,0x45,
0x53,0x45,0x5f,0x53,0x46,0x5f,0x53,0x46,0x5f,0x4c,0x69,0x31,0x45,0x4c,0x69,0x32,
0x45,0x4c,0x69,0x31,0x45,0x4c,0x62,0x30,0x45,0x4c,0x62,0x31,0x45,0x4c,0x62,0x30,
0x45,0x4c,0x69,0x31,0x45,0x4c,0x69,0x31,0x45,0x53,0x47,0x5f,0x4c,0x69,0x38,0x45,
0x4c,0x62,0x31,0x45,0x4c,0x62,0x30,0x45,0x4c,0x69,0x31,0x45,0x4c,0x53,0x49,0x5f,
0x30,0x45,0x4c,0x53,0x4a,0x5f,0x30,0x45,0x45,0x45,0x44,0x46,0x31,0x36,0x5f,0x44,
0x46,0x31,0x36,0x5f,0x44,0x46,0x31,0x36,0x5f,0x44,0x46,0x31,0x36,0x5f,0x53,0x37,
0x5f,0x53,0x37,0x5f,0x53,0x38,0x5f,0x53,0x37,0x5f,0x53,0x37,0x5f,0x4c,0x62,0x30,
0x45,0x45,0x45,0x76,0x50,0x50,0x4b,0x54,0x31,0x5f,0x50,0x50,0x4b,0x54,0x32,0x5f,
0x50,0x50,0x4b,0x54,0x33,0x5f,0x50,0x50,0x54,0x34,0x5f,0x69,0x69,0x69,0x69,0x69,
0x66,0x2e,0x68,0x61,0x73,0x5f,0x69,0x6e,0x64,0x69,0x72,0x65,0x63,0x74,0x5f,0x63,
0x61,0x6c,0x6c,0x00,0x5f,0x5a,0x4e,0x32,0x63,0x6b,0x31,0x36,0x74,0x65,0x6e,0x73,
0x6f,0x72,0x5f,0x6f,0x70,0x65,0x72,0x61,0x74,0x69,0x6f,0x6e,0x36,0x64,0x65,0x76,
0x69,0x63,0x65,0x34,0x31,0x6b,0x65,0x72,0x6e,0x65,0x6c,0x5f,0x6d,0x75,0x6c,0x74,
0x69,0x5f,0x68,0x65,0x61,0x64,0x5f,0x61,0x74,0x74,0x65,0x6e,0x74,0x69,0x6f,0x6e,
0x5f,0x77,0x6d,0x6d,0x61,0x5f,0x75,0x6e,0x70,0x61,0x63,0x6b,0x65,0x64,0x49,0x4e,
0x53,0x31,0x5f,0x34,0x39,0x44,0x65,0x76,0x69,0x63,0x65,0x42,0x61,0x74,0x63,0x68,
0x65,0x64,0x47,0x65,0x6d,0x6d,0x53,0x6f,0x66,0x74,0x6d,0x61,0x78,0x47,0x65,0x6d,
0x6d,0x50,0x65,0x72,0x6d,0x75,0x74,0x65,0x5f,0x57,0x6d,0x6d,0x61,0x5f,0x43,0x53,
0x68,0x75,0x66,0x66,0x6c,0x65,0x49,0x4c,0x69,0x32,0x45,0x4c,0x69,0x31,0x45,0x4c,
0x69,0x31,0x45,0x4c,0x69,0x31,0x45,0x4c,0x69,0x31,0x45,0x44,0x46,0x31,0x36,0x5f,
0x44,0x46,0x31,0x36,0x5f,0x44,0x46,0x31,0x36,0x5f,0x44,0x46,0x31,0x36,0x5f,0x4e,
0x53,0x5f,0x35,0x54,0x75,0x70,0x6c,0x65,0x49,0x4a,0x45,0x45,0x45,0x66,0x53,0x35,
0x5f,0x66,0x66,0x4e,0x53,0x30,0x5f,0x31,0x32,0x65,0x6c,0x65,0x6d,0x65,0x6e,0x74,
0x5f,0x77,0x69,0x73,0x65,0x31,0x31,0x50,0x61,0x73,0x73,0x54,0x68,0x72,0x6f,0x75,
0x67,0x68,0x45,0x53,0x37,0x5f,0x4e,0x53,0x36,0x5f,0x35,0x53,0x63,0x61,0x6c,0x65,
0x45,0x53,0x37,0x5f,0x53,0x37,0x5f,0x4c,0x4e,0x53,0x31,0x5f,0x31,0x38,0x47,0x65,
0x6d,0x6d,0x53,0x70,0x65,0x63,0x69,0x61,0x6c,0x69,0x7a,0x61,0x74,0x69,0x6f,0x6e,
0x45,0x31,0x35,0x45,0x4c,0x4e,0x53,0x31,0x5f,0x32,0x30,0x54,0x65,0x6e,0x73,0x6f,
0x72,0x53,0x70,0x65,0x63,0x69,0x61,0x6c,0x69,0x7a,0x61,0x74,0x69,0x6f,0x6e,0x45,
0x30,0x45,0x4c,0x53,0x41,0x5f,0x30,0x45,0x4c,0x53,0x41,0x5f,0x30,0x45,0x4c,0x53,
0x41,0x5f,0x30,0x45,0x4c,0x69,0x31,0x45,0x4c,0x69,0x31,0x32,0x38,0x45,0x4c,0x69,
0x36,0x34,0x45,0x4c,0x69,0x31,0x39,0x32,0x45,0x4c,0x69,0x34,0x38,0x45,0x4c,0x69,
0x38,0x45,0x4c,0x69,0x38,0x45,0x4c,0x69,0x34,0x38,0x45,0x4c,0x69,0x36,0x34,0x45,
0x4c,0x69,0x38,0x45,0x4c,0x69,0x31,0x36,0x45,0x4c,0x69,0x31,0x36,0x45,0x4c,0x69,
0x31,0x36,0x45,0x4c,0x69,0x31,0x45,0x4c,0x69,0x31,0x32,0x45,0x4c,0x69,0x33,0x45,
0x4e,0x53,0x5f,0x38,0x53,0x65,0x71,0x75,0x65,0x6e,0x63,0x65,0x49,0x4a,0x4c,0x69,
0x32,0x45,0x4c,0x69,0x36,0x34,0x45,0x4c,0x69,0x31,0x45,0x45,0x45,0x45,0x4e,0x53,
0x42,0x5f,0x49,0x4a,0x4c,0x69,0x31,0x45,0x4c,0x69,0x30,0x45,0x4c,0x69,0x32,0x45,
0x45,0x45,0x45,0x53,0x44,0x5f,0x4c,0x69,0x32,0x45,0x4c,0x69,0x38,0x45,0x4c,0x69,
0x38,0x45,0x4c,0x62,0x31,0x45,0x53,0x43,0x5f,0x53,0x44,0x5f,0x53,0x44,0x5f,0x4c,
0x69,0x32,0x45,0x4c,0x69,0x38,0x45,0x4c,0x69,0x38,0x45,0x4c,0x62,0x31,0x45,0x4e,
0x53,0x42,0x5f,0x49,0x4a,0x4c,0x69,0x32,0x45,0x4c,0x69,0x38,0x45,0x4c,0x69,0x38,
0x45,0x45,0x45,0x45,0x4e,0x53,0x42,0x5f,0x49,0x4a,0x4c,0x69,0x30,0x45,0x4c,0x69,
0x32,0x45,0x4c,0x69,0x31,0x45,0x45,0x45,0x45,0x53,0x46,0x5f,0x4c,0x69,0x31,0x45,
0x4c,0x69,0x32,0x45,0x4c,0x69,0x31,0x45,0x4c,0x62,0x30,0x45,0x4c,0x69,0x31,0x45,
0x4c,0x69,0x31,0x45,0x4e,0x53,0x42,0x5f,0x49,0x4a,0x4c,0x69,0x31,0x45,0x4c,0x69,
0x36,0x34,0x45,0x4c,0x69,0x31,0x45,0x4c,0x69,0x32,0x45,0x45,0x45,0x45,0x4c,0x69,
0x38,0x45,0x4c,0x4e,0x53,0x31,0x5f,0x32,0x31,0x4d,0x61,0x73,0x6b,0x69,0x6e,0x67,
0x53,0x70,0x65,0x63,0x69,0x61,0x6c,0x69,0x7a,0x61,0x74,0x69,0x6f,0x6e,0x45,0x30,
0x45,0x4c,0x4e,0x53,0x5f,0x31,0x33,0x4c,0x6f,0x6f,0x70,0x53,0x63,0x68,0x65,0x64,
0x75,0x6c,0x65,0x72,0x45,0x30,0x45,0x4c,0x4e,0x53,0x5f,0x31,0x35,0x50,0x69,0x70,
0x65,0x6c,0x69,0x6e,0x65,0x56,0x65,0x72,0x73,0x69,0x6f,0x6e,0x45,0x30,0x45,0x45,
0x45,0x4e,0x53,0x5f,0x33,0x35,0x47,0x72,0x69,0x64,0x77,0x69,0x73,0x65,0x42,0x61,
0x74,0x63,0x68,0x65,0x64,0x47,0x65,0x6d,0x6d,0x53,0x6f,0x66,0x74,0x6d,0x61,0x78,
0x47,0x65,0x6d,0x6d,0x5f,0x57,0x6d,0x6d,0x61,0x49,0x44,0x46,0x31,0x36,0x5f,0x44,
0x46,0x31,0x36,0x5f,0x66,0x44,0x46,0x31,0x36,0x5f,0x66,0x66,0x44,0x46,0x31,0x36,
0x5f,0x53,0x37,0x5f,0x53,0x37,0x5f,0x53,0x38,0x5f,0x53,0x37,0x5f,0x53,0x37,0x5f,
0x4c,0x4e,0x53,0x5f,0x32,0x35,0x49,0x6e,0x4d,0x65,0x6d,0x6f,0x72,0x79,0x44,0x61,
0x74,0x61,0x4f,0x70,0x65,0x72,0x61,0x74,0x69,0x6f,0x6e,0x45,0x6e,0x75,0x6d,0x45,
0x30,0x45,0x4e,0x53,0x5f,0x31,0x36,0x54,0x65,0x6e,0x73,0x6f,0x72,0x44,0x65,0x73,
0x63,0x72,0x69,0x70,0x74,0x6f,0x72,0x49,0x4e,0x53,0x34,0x5f,0x49,0x4a,0x4e,0x53,
0x5f,0x35,0x45,0x6d,0x62,0x65,0x64,0x49,0x4e,0x53,0x34,0x5f,0x49,0x4a,0x69,0x69,
0x45,0x45,0x45,0x53,0x50,0x5f,0x4c,0x62,0x30,0x45,0x45,0x45,0x4e,0x53,0x5f,0x32,
0x33,0x4d,0x65,0x72,0x67,0x65,0x5f,0x76,0x32,0x5f,0x6d,0x61,0x67,0x69,0x63,0x5f,
0x64,0x69,0x76,0x69,0x73,0x69,0x6f,0x6e,0x49,0x4e,0x53,0x34,0x5f,0x49,0x4a,0x69,
0x45,0x45,0x45,0x45,0x45,0x53,0x54,0x5f,0x4e,0x53,0x5f,0x38,0x52,0x69,0x67,0x68,
0x74,0x50,0x61,0x64,0x49,0x69,0x69,0x4c,0x62,0x30,0x45,0x45,0x45,0x53,0x56,0x5f,
0x4e,0x53,0x5f,0x37,0x55,0x6e,0x4d,0x65,0x72,0x67,0x65,0x49,0x4e,0x53,0x34,0x5f,
0x49,0x4a,0x69,0x4e,0x53,0x5f,0x31,0x37,0x69,0x6e,0x74,0x65,0x67,0x72,0x61,0x6c,
0x5f,0x63,0x6f,0x6e,0x73,0x74,0x61,0x6e,0x74,0x49,0x69,0x4c,0x69,0x31,0x45,0x45,
0x45,0x4e,0x53,0x58,0x5f,0x49,0x69,0x4c,0x69,0x32,0x45,0x45,0x45,0x4e,0x53,0x58,
0x5f,0x49,0x69,0x4c,0x69,0x38,0x45,0x45,0x45,0x45,0x45,0x45,0x4c,0x62,0x30,0x45,
0x45,0x45,0x4e,0x53,0x57,0x5f,0x49,0x4e,0x53,0x34,0x5f,0x49,0x4a,0x69,0x4e,0x53,
0x58,0x5f,0x49,0x69,0x4c,0x69,0x34,0x45,0x45,0x45,0x4e,0x53,0x58,0x5f,0x49,0x69,
0x4c,0x69,0x31,0x36,0x45,0x45,0x45,0x45,0x45,0x45,0x4c,0x62,0x30,0x45,0x45,0x45,
0x45,0x45,0x45,0x4e,0x53,0x34,0x5f,0x49,0x4a,0x4e,0x53,0x42,0x5f,0x49,0x4a,0x4c,
0x69,0x30,0x45,0x45,0x45,0x45,0x4e,0x53,0x42,0x5f,0x49,0x4a,0x4c,0x69,0x31,0x45,
0x45,0x45,0x45,0x4e,0x53,0x42,0x5f,0x49,0x4a,0x4c,0x69,0x32,0x45,0x45,0x45,0x45,
0x4e,0x53,0x42,0x5f,0x49,0x4a,0x4c,0x69,0x33,0x45,0x45,0x45,0x45,0x4e,0x53,0x42,
0x5f,0x49,0x4a,0x4c,0x69,0x34,0x45,0x45,0x45,0x45,0x4e,0x53,0x42,0x5f,0x49,0x4a,
0x4c,0x69,0x36,0x45,0x45,0x45,0x45,0x4e,0x53,0x42,0x5f,0x49,0x4a,0x4c,0x69,0x35,
0x45,0x45,0x45,0x45,0x45,0x45,0x45,0x4e,0x53,0x34,0x5f,0x49,0x4a,0x4e,0x53,0x42,
0x5f,0x49,0x4a,0x4c,0x69,0x31,0x45,0x4c,0x69,0x32,0x45,0x45,0x45,0x45,0x53,0x31,
0x42,0x5f,0x53,0x31,0x43,0x5f,0x53,0x31,0x45,0x5f,0x53,0x31,0x44,0x5f,0x4e,0x53,
0x42,0x5f,0x49,0x4a,0x4c,0x69,0x37,0x45,0x4c,0x69,0x38,0x45,0x4c,0x69,0x39,0x45,
0x4c,0x69,0x31,0x30,0x45,0x45,0x45,0x45,0x4e,0x53,0x42,0x5f,0x49,0x4a,0x4c,0x69,
0x31,0x31,0x45,0x4c,0x69,0x31,0x32,0x45,0x4c,0x69,0x31,0x33,0x45,0x45,0x45,0x45,
0x45,0x45,0x45,0x4e,0x53,0x42,0x5f,0x49,0x4a,0x4c,0x69,0x37,0x45,0x4c,0x69,0x31,
0x31,0x45,0x4c,0x69,0x31,0x32,0x45,0x4c,0x69,0x38,0x45,0x4c,0x69,0x39,0x45,0x4c,
0x69,0x31,0x33,0x45,0x4c,0x69,0x31,0x30,0x45,0x45,0x45,0x45,0x78,0x45,0x45,0x4e,
0x53,0x4e,0x5f,0x49,0x4e,0x53,0x34,0x5f,0x49,0x4a,0x53,0x51,0x5f,0x53,0x54,0x5f,
0x53,0x54,0x5f,0x53,0x56,0x5f,0x53,0x56,0x5f,0x4e,0x53,0x57,0x5f,0x49,0x4e,0x53,
0x34,0x5f,0x49,0x4a,0x69,0x53,0x31,0x30,0x5f,0x45,0x45,0x45,0x4c,0x62,0x30,0x45,
0x45,0x45,0x4e,0x53,0x5f,0x31,0x31,0x50,0x61,0x73,0x73,0x54,0x68,0x72,0x6f,0x75,
0x67,0x68,0x49,0x69,0x45,0x45,0x45,0x45,0x45,0x53,0x31,0x46,0x5f,0x4e,0x53,0x34,
0x5f,0x49,0x4a,0x53,0x31,0x47,0x5f,0x53,0x31,0x42,0x5f,0x53,0x31,0x43,0x5f,0x53,
0x31,0x45,0x5f,0x53,0x31,0x44,0x5f,0x4e,0x53,0x42,0x5f,0x49,0x4a,0x4c,0x69,0x37,
0x45,0x4c,0x69,0x38,0x45,0x45,0x45,0x45,0x4e,0x53,0x42,0x5f,0x49,0x4a,0x4c,0x69,
0x39,0x45,0x45,0x45,0x45,0x45,0x45,0x45,0x4e,0x53,0x42,0x5f,0x49,0x4a,0x4c,0x69,
0x37,0x45,0x4c,0x69,0x39,0x45,0x4c,0x69,0x38,0x45,0x45,0x45,0x45,0x78,0x45,0x45,
0x53,0x31,0x56,0x5f,0x4e,0x53,0x4e,0x5f,0x49,0x4e,0x53,0x34,0x5f,0x49,0x4a,0x53,
0x51,0x5f,0x53,0x54,0x5f,0x53,0x54,0x5f,0x53,0x56,0x5f,0x53,0x56,0x5f,0x45,0x45,
0x45,0x4e,0x53,0x34,0x5f,0x49,0x4a,0x53,0x31,0x38,0x5f,0x53,0x31,0x39,0x5f,0x53,
0x31,0x41,0x5f,0x53,0x31,0x42,0x5f,0x53,0x31,0x43,0x5f,0x45,0x45,0x45,0x4e,0x53,
0x34,0x5f,0x49,0x4a,0x53,0x31,0x47,0x5f,0x53,0x31,0x42,0x5f,0x53,0x31,0x43,0x5f,
0x53,0x31,0x45,0x5f,0x53,0x31,0x44,0x5f,0x45,0x45,0x45,0x4e,0x53,0x42,0x5f,0x49,
0x4a,0x4c,0x69,0x35,0x45,0x4c,0x69,0x36,0x45,0x45,0x45,0x45,0x78,0x45,0x45,0x4c,
0x69,0x36,0x34,0x45,0x4c,0x69,0x31,0x39,0x32,0x45,0x4c,0x69,0x34,0x38,0x45,0x4c,
0x69,0x38,0x45,0x4c,0x69,0x38,0x45,0x4c,0x69,0x34,0x38,0x45,0x4c,0x69,0x36,0x34,
0x45,0x4c,0x69,0x38,0x45,0x4c,0x69,0x31,0x36,0x45,0x4c,0x69,0x31,0x36,0x45,0x4c,
0x69,0x31,0x36,0x45,0x4c,0x69,0x31,0x45,0x4c,0x69,0x31,0x32,0x45,0x4c,0x69,0x33,
0x45,0x4c,0x69,0x31,0x32,0x38,0x45,0x53,0x43,0x5f,0x53,0x44,0x5f,0x53,0x44,0x5f,
0x4c,0x69,0x32,0x45,0x4c,0x69,0x38,0x45,0x4c,0x69,0x38,0x45,0x4c,0x62,0x31,0x45,
0x4c,0x62,0x30,0x45,0x4c,0x62,0x31,0x45,0x53,0x43,0x5f,0x53,0x44,0x5f,0x53,0x44,
0x5f,0x4c,0x69,0x32,0x45,0x4c,0x69,0x38,0x45,0x4c,0x69,0x38,0x45,0x4c,0x62,0x31,
0x45,0x4c,0x62,0x31,0x45,0x4c,0x62,0x31,0x45,0x53,0x45,0x5f,0x53,0x46,0x5f,0x53,
0x46,0x5f,0x4c,0x69,0x31,0x45,0x4c,0x69,0x32,0x45,0x4c,0x69,0x31,0x45,0x4c,0x62,
0x30,0x45,0x4c,0x62,0x31,0x45,0x4c,0x62,0x30,0x45,0x4c,0x69,0x31,0x45,0x4c,0x69,
0x31,0x45,0x53,0x47,0x5f,0x4c,0x69,0x38,0x45,0x4c,0x62,0x31,0x45,0x4c,0x62,0x30,
0x45,0x4c,0x69,0x31,0x45,0x4c,0x53,0x49,0x5f,0x30,0x45,0x4c,0x53,0x4a,0x5f,0x30,
0x45,0x45,0x45,0x44,0x46,0x31,0x36,0x5f,0x44,0x46,0x31,0x36,0x5f,0x44,0x46,0x31,
0x36,0x5f,0x44,0x46,0x31,0x36,0x5f,0x53,0x37,0x5f,0x53,0x37,0x5f,0x53,0x38,0x5f,
0x53,0x37,0x5f,0x53,0x37,0x5f,0x4c,0x62,0x30,0x45,0x45,0x45,0x76,0x50,0x50,0x4b,
0x54,0x31,0x5f,0x50,0x50,0x4b,0x54,0x32,0x5f,0x50,0x50,0x4b,0x54,0x33,0x5f,0x50,
0x50,0x54,0x34,0x5f,0x69,0x69,0x69,0x69,0x69,0x66,0x2e,0x68,0x61,0x73,0x5f,0x64,
0x79,0x6e,0x5f,0x73,0x69,0x7a,0x65,0x64,0x5f,0x73,0x74,0x61,0x63,0x6b,0x00,0x2e,
0x6e,0x6f,0x74,0x65,0x2e,0x47,0x4e,0x55,0x2d,0x73,0x74,0x61,0x63,0x6b,0x00,0x2e,
0x72,0x6f,0x64,0x61,0x74,0x61,0x2e,0x5f,0x5a,0x54,0x43,0x53,0x64,0x30,0x5f,0x53,
0x69,0x00,0x2e,0x72,0x6f,0x64,0x61,0x74,0x61,0x2e,0x5f,0x5a,0x54,0x56,0x53,0x69,
0x00,0x5f,0x5a,0x4e,0x32,0x63,0x6b,0x31,0x36,0x74,0x65,0x6e,0x73,0x6f,0x72,0x5f,
0x6f,0x70,0x65,0x72,0x61,0x74,0x69,0x6f,0x6e,0x36,0x64,0x65,0x76,0x69,0x63,0x65,
0x34,0x31,0x6b,0x65,0x72,0x6e,0x65,0x6c,0x5f,0x6d,0x75,0x6c,0x74,0x69,0x5f,0x68,
0x65,0x61,0x64,0x5f,0x61,0x74,0x74,0x65,0x6e,0x74,0x69,0x6f,0x6e,0x5f,0x77,0x6d,
0x6d,0x61,0x5f,0x75,0x6e,0x70,0x61,0x63,0x6b,0x65,0x64,0x49,0x4e,0x53,0x31,0x5f,
0x34,0x39,0x44,0x65,0x76,0x69,0x63,0x65,0x42,0x61,0x74,0x63,0x68,0x65,0x64,0x47,
0x65,0x6d,0x6d,0x53,0x6f,0x66,0x74,0x6d,0x61,0x78,0x47,0x65,0x6d,0x6d,0x50,0x65,
0x72,0x6d,0x75,0x74,0x65,0x5f,0x57,0x6d,0x6d,0x61,0x5f,0x43,0x53,0x68,0x75,0x66,
0x66,0x6c,0x65,0x49,0x4c,0x69,0x32,0x45,0x4c,0x69,0x31,0x45,0x4c,0x69,0x31,0x45,
0x4c,0x69,0x31,0x45,0x4c,0x69,0x31,0x45,0x44,0x46,0x31,0x36,0x5f,0x44,0x46,0x31,
0x36,0x5f,0x44,0x46,0x31,0x36,0x5f,0x44,0x46,0x31,0x36,0x5f,0x4e,0x53,0x5f,0x35,
0x54,0x75,0x70,0x6c,0x65,0x49,0x4a,0x45,0x45,0x45,0x66,0x53,0x35,0x5f,0x66,0x66,
0x4e,0x53,0x30,0x5f,0x31,0x32,0x65,0x6c,0x65,0x6d,0x65,0x6e,0x74,0x5f,0x77,0x69,
0x73,0x65,0x31,0x31,0x50,0x61,0x73,0x73,0x54,0x68,0x72,0x6f,0x75,0x67,0x68,0x45,
0x53,0x37,0x5f,0x4e,0x53,0x36,0x5f,0x35,0x53,0x63,0x61,0x6c,0x65,0x45,0x53,0x37,
0x5f,0x53,0x37,0x5f,0x4c,0x4e,0x53,0x31,0x5f,0x31,0x38,0x47,0x65,0x6d,0x6d,0x53,
0x70,0x65,0x63,0x69,0x61,0x6c,0x69,0x7a,0x61,0x74,0x69,0x6f,0x6e,0x45,0x31,0x35,
0x45,0x4c,0x4e,0x53,0x31,0x5f,0x32,0x30,0x54,0x65,0x6e,0x73,0x6f,0x72,0x53,0x70,
0x65,0x63,0x69,0x61,0x6c,0x69,0x7a,0x61,0x74,0x69,0x6f,0x6e,0x45,0x30,0x45,0x4c,
0x53,0x41,0x5f,0x30,0x45,0x4c,0x53,0x41,0x5f,0x30,0x45,0x4c,0x53,0x41,0x5f,0x30,
0x45,0x4c,0x69,0x31,0x45,0x4c,0x69,0x31,0x32,0x38,0x45,0x4c,0x69,0x36,0x34,0x45,
0x4c,0x69,0x31,0x39,0x32,0x45,0x4c,0x69,0x34,0x38,0x45,0x4c,0x69,0x38,0x45,0x4c,
0x69,0x38,0x45,0x4c,0x69,0x34,0x38,0x45,0x4c,0x69,0x36,0x34,0x45,0x4c,0x69,0x38,
0x45,0x4c,0x69,0x31,0x36,0x45,0x4c,0x69,0x31,0x36,0x45,0x4c,0x69,0x31,0x36,0x45,
0x4c,0x69,0x31,0x45,0x4c,0x69,0x31,0x32,0x45,0x4c,0x69,0x33,0x45,0x4e,0x53,0x5f,
0x38,0x53,0x65,0x71,0x75,0x65,0x6e,0x63,0x65,0x49,0x4a,0x4c,0x69,0x32,0x45,0x4c,
0x69,0x36,0x34,0x45,0x4c,0x69,0x31,0x45,0x45,0x45,0x45,0x4e,0x53,0x42,0x5f,0x49,
0x4a,0x4c,0x69,0x31,0x45,0x4c,0x69,0x30,0x45,0x4c,0x69,0x32,0x45,0x45,0x45,0x45,
0x53,0x44,0x5f,0x4c,0x69,0x32,0x45,0x4c,0x69,0x38,0x45,0x4c,0x69,0x38,0x45,0x4c,
0x62,0x31,0x45,0x53,0x43,0x5f,0x53,0x44,0x5f,0x53,0x44,0x5f,0x4c,0x69,0x32,0x45,
0x4c,0x69,0x38,0x45,0x4c,0x69,0x38,0x45,0x4c,0x62,0x31,0x45,0x4e,0x53,0x42,0x5f,
0x49,0x4a,0x4c,0x69,0x32,0x45,0x4c,0x69,0x38,0x45,0x4c,0x69,0x38,0x45,0x45,0x45,
0x45,0x4e,0x53,0x42,0x5f,0x49,0x4a,0x4c,0x69,0x30,0x45,0x4c,0x69,0x32,0x45,0x4c,
0x69,0x31,0x45,0x45,0x45,0x45,0x53,0x46,0x5f,0x4c,0x69,0x31,0x45,0x4c,0x69,0x32,
0x45,0x4c,0x69,0x31,0x45,0x4c,0x62,0x30,0x45,0x4c,0x69,0x31,0x45,0x4c,0x69,0x31,
0x45,0x4e,0x53,0x42,0x5f,0x49,0x4a,0x4c,0x69,0x31,0x45,0x4c,0x69,0x36,0x34,0x45,
0x4c,0x69,0x31,0x45,0x4c,0x69,0x32,0x45,0x45,0x45,0x45,0x4c,0x69,0x38,0x45,0x4c,
0x4e,0x53,0x31,0x5f,0x32,0x31,0x4d,0x61,0x73,0x6b,0x69,0x6e,0x67,0x53,0x70,0x65,
0x63,0x69,0x61,0x6c,0x69,0x7a,0x61,0x74,0x69,0x6f,0x6e,0x45,0x30,0x45,0x4c,0x4e,
0x53,0x5f,0x31,0x33,0x4c,0x6f,0x6f,0x70,0x53,0x63,0x68,0x65,0x64,0x75,0x6c,0x65,
0x72,0x45,0x30,0x45,0x4c,0x4e,0x53,0x5f,0x31,0x35,0x50,0x69,0x70,0x65,0x6c,0x69,
0x6e,0x65,0x56,0x65,0x72,0x73,0x69,0x6f,0x6e,0x45,0x30,0x45,0x45,0x45,0x4e,0x53,
0x5f,0x33,0x35,0x47,0x72,0x69,0x64,0x77,0x69,0x73,0x65,0x42,0x61,0x74,0x63,0x68,
0x65,0x64,0x47,0x65,0x6d,0x6d,0x53,0x6f,0x66,0x74,0x6d,0x61,0x78,0x47,0x65,0x6d,
0x6d,0x5f,0x57,0x6d,0x6d,0x61,0x49,0x44,0x46,0x31,0x36,0x5f,0x44,0x46,0x31,0x36,
0x5f,0x66,0x44,0x46,0x31,0x36,0x5f,0x66,0x66,0x44,0x46,0x31,0x36,0x5f,0x53,0x37,
0x5f,0x53,0x37,0x5f,0x53,0x38,0x5f,0x53,0x37,0x5f,0x53,0x37,0x5f,0x4c,0x4e,0x53,
0x5f,0x32,0x35,0x49,0x6e,0x4d,0x65,0x6d,0x6f,0x72,0x79,0x44,0x61,0x74,0x61,0x4f,
0x70,0x65,0x72,0x61,0x74,0x69,0x6f,0x6e,0x45,0x6e,0x75,0x6d,0x45,0x30,0x45,0x4e,
0x53,0x5f,0x31,0x36,0x54,0x65,0x6e,0x73,0x6f,0x72,0x44,0x65,0x73,0x63,0x72,0x69,
0x70,0x74,0x6f,0x72,0x49,0x4e,0x53,0x34,0x5f,0x49,0x4a,0x4e,0x53,0x5f,0x35,0x45,
0x6d,0x62,0x65,0x64,0x49,0x4e,0x53,0x34,0x5f,0x49,0x4a,0x69,0x69,0x45,0x45,0x45,
0x53,0x50,0x5f,0x4c,0x62,0x30,0x45,0x45,0x45,0x4e,0x53,0x5f,0x32,0x33,0x4d,0x65,
0x72,0x67,0x65,0x5f,0x76,0x32,0x5f,0x6d,0x61,0x67,0x69,0x63,0x5f,0x64,0x69,0x76,
0x69,0x73,0x69,0x6f,0x6e,0x49,0x4e,0x53,0x34,0x5f,0x49,0x4a,0x69,0x45,0x45,0x45,
0x45,0x45,0x53,0x54,0x5f,0x4e,0x53,0x5f,0x38,0x52,0x69,0x67,0x68,0x74,0x50,0x61,
0x64,0x49,0x69,0x69,0x4c,0x62,0x30,0x45,0x45,0x45,0x53,0x56,0x5f,0x4e,0x53,0x5f,
0x37,0x55,0x6e,0x4d,0x65,0x72,0x67,0x65,0x49,0x4e,0x53,0x34,0x5f,0x49,0x4a,0x69,
0x4e,0x53,0x5f,0x31,0x37,0x69,0x6e,0x74,0x65,0x67,0x72,0x61,0x6c,0x5f,0x63,0x6f,
0x6e,0x73,0x74,0x61,0x6e,0x74,0x49,0x69,0x4c,0x69,0x31,0x45,0x45,0x45,0x4e,0x53,
0x58,0x5f,0x49,0x69,0x4c,0x69,0x32,0x45,0x45,0x45,0x4e,0x53,0x58,0x5f,0x49,0x69,
0x4c,0x69,0x38,0x45,0x45,0x45,0x45,0x45,0x45,0x4c,0x62,0x30,0x45,0x45,0x45,0x4e,
0x53,0x57,0x5f,0x49,0x4e,0x53,0x34,0x5f,0x49,0x4a,0x69,0x4e,0x53,0x58,0x5f,0x49,
0x69,0x4c,0x69,0x34,0x45,0x45,0x45,0x4e,0x53,0x58,0x5f,0x49,0x69,0x4c,0x69,0x31,
0x36,0x45,0x45,0x45,0x45,0x45,0x45,0x4c,0x62,0x30,0x45,0x45,0x45,0x45,0x45,0x45,
0x4e,0x53,0x34,0x5f,0x49,0x4a,0x4e,0x53,0x42,0x5f,0x49,0x4a,0x4c,0x69,0x30,0x45,
0x45,0x45,0x45,0x4e,0x53,0x42,0x5f,0x49,0x4a,0x4c,0x69,0x31,0x45,0x45,0x45,0x45,
0x4e,0x53,0x42,0x5f,0x49,0x4a,0x4c,0x69,0x32,0x45,0x45,0x45,0x45,0x4e,0x53,0x42,
0x5f,0x49,0x4a,0x4c,0x69,0x33,0x45,0x45,0x45,0x45,0x4e,0x53,0x42,0x5f,0x49,0x4a,
0x4c,0x69,0x34,0x45,0x45,0x45,0x45,0x4e,0x53,0x42,0x5f,0x49,0x4a,0x4c,0x69,0x36,
0x45,0x45,0x45,0x45,0x4e,0x53,0x42,0x5f,0x49,0x4a,0x4c,0x69,0x35,0x45,0x45,0x45,
0x45,0x45,0x45,0x45,0x4e,0x53,0x34,0x5f,0x49,0x4a,0x4e,0x53,0x42,0x5f,0x49,0x4a,
0x4c,0x69,0x31,0x45,0x4c,0x69,0x32,0x45,0x45,0x45,0x45,0x53,0x31,0x42,0x5f,0x53,
0x31,0x43,0x5f,0x53,0x31,0x45,0x5f,0x53,0x31,0x44,0x5f,0x4e,0x53,0x42,0x5f,0x49,
0x4a,0x4c,0x69,0x37,0x45,0x4c,0x69,0x38,0x45,0x4c,0x69,0x39,0x45,0x4c,0x69,0x31,
0x30,0x45,0x45,0x45,0x45,0x4e,0x53,0x42,0x5f,0x49,0x4a,0x4c,0x69,0x31,0x31,0x45,
0x4c,0x69,0x31,0x32,0x45,0x4c,0x69,0x31,0x33,0x45,0x45,0x45,0x45,0x45,0x45,0x45,
0x4e,0x53,0x42,0x5f,0x49,0x4a,0x4c,0x69,0x37,0x45,0x4c,0x69,0x31,0x31,0x45,0x4c,
0x69,0x31,0x32,0x45,0x4c,0x69,0x38,0x45,0x4c,0x69,0x39,0x45,0x4c,0x69,0x31,0x33,
0x45,0x4c,0x69,0x31,0x30,0x45,0x45,0x45,0x45,0x78,0x45,0x45,0x4e,0x53,0x4e,0x5f,
0x49,0x4e,0x53,0x34,0x5f,0x49,0x4a,0x53,0x51,0x5f,0x53,0x54,0x5f,0x53,0x54,0x5f,
0x53,0x56,0x5f,0x53,0x56,0x5f,0x4e,0x53,0x57,0x5f,0x49,0x4e,0x53,0x34,0x5f,0x49,
0x4a,0x69,0x53,0x31,0x30,0x5f,0x45,0x45,0x45,0x4c,0x62,0x30,0x45,0x45,0x45,0x4e,
0x53,0x5f,0x31,0x31,0x50,0x61,0x73,0x73,0x54,0x68,0x72,0x6f,0x75,0x67,0x68,0x49,
0x69,0x45,0x45,0x45,0x45,0x45,0x53,0x31,0x46,0x5f,0x4e,0x53,0x34,0x5f,0x49,0x4a,
0x53,0x31,0x47,0x5f,0x53,0x31,0x42,0x5f,0x53,0x31,0x43,0x5f,0x53,0x31,0x45,0x5f,
0x53,0x31,0x44,0x5f,0x4e,0x53,0x42,0x5f,0x49,0x4a,0x4c,0x69,0x37,0x45,0x4c,0x69,
0x38,0x45,0x45,0x45,0x45,0x4e,0x53,0x42,0x5f,0x49,0x4a,0x4c,0x69,0x39,0x45,0x45,
0x45,0x45,0x45,0x45,0x45,0x4e,0x53,0x42,0x5f,0x49,0x4a,0x4c,0x69,0x37,0x45,0x4c,
0x69,0x39,0x45,0x4c,0x69,0x38,0x45,0x45,0x45,0x45,0x78,0x45,0x45,0x53,0x31,0x56,
0x5f,0x4e,0x53,0x4e,0x5f,0x49,0x4e,0x53,0x34,0x5f,0x49,0x4a,0x53,0x51,0x5f,0x53,
0x54,0x5f,0x53,0x54,0x5f,0x53,0x56,0x5f,0x53,0x56,0x5f,0x45,0x45,0x45,0x4e,0x53,
0x34,0x5f,0x49,0x4a,0x53,0x31,0x38,0x5f,0x53,0x31,0x39,0x5f,0x53,0x31,0x41,0x5f,
0x53,0x31,0x42,0x5f,0x53,0x31,0x43,0x5f,0x45,0x45,0x45,0x4e,0x53,0x34,0x5f,0x49,
0x4a,0x53,0x31,0x47,0x5f,0x53,0x31,0x42,0x5f,0x53,0x31,0x43,0x5f,0x53,0x31,0x45,
0x5f,0x53,0x31,0x44,0x5f,0x45,0x45,0x45,0x4e,0x53,0x42,0x5f,0x49,0x4a,0x4c,0x69,
0x35,0x45,0x4c,0x69,0x36,0x45,0x45,0x45,0x45,0x78,0x45,0x45,0x4c,0x69,0x36,0x34,
0x45,0x4c,0x69,0x31,0x39,0x32,0x45,0x4c,0x69,0x34,0x38,0x45,0x4c,0x69,0x38,0x45,
0x4c,0x69,0x38,0x45,0x4c,0x69,0x34,0x38,0x45,0x4c,0x69,0x36,0x34,0x45,0x4c,0x69,
0x38,0x45,0x4c,0x69,0x31,0x36,0x45,0x4c,0x69,0x31,0x36,0x45,0x4c,0x69,0x31,0x36,
0x45,0x4c,0x69,0x31,0x45,0x4c,0x69,0x31,0x32,0x45,0x4c,0x69,0x33,0x45,0x4c,0x69,
0x31,0x32,0x38,0x45,0x53,0x43,0x5f,0x53,0x44,0x5f,0x53,0x44,0x5f,0x4c,0x69,0x32,
0x45,0x4c,0x69,0x38,0x45,0x4c,0x69,0x38,0x45,0x4c,0x62,0x31,0x45,0x4c,0x62,0x30,
0x45,0x4c,0x62,0x31,0x45,0x53,0x43,0x5f,0x53,0x44,0x5f,0x53,0x44,0x5f,0x4c,0x69,
0x32,0x45,0x4c,0x69,0x38,0x45,0x4c,0x69,0x38,0x45,0x4c,0x62,0x31,0x45,0x4c,0x62,
0x31,0x45,0x4c,0x62,0x31,0x45,0x53,0x45,0x5f,0x53,0x46,0x5f,0x53,0x46,0x5f,0x4c,
0x69,0x31,0x45,0x4c,0x69,0x32,0x45,0x4c,0x69,0x31,0x45,0x4c,0x62,0x30,0x45,0x4c,
0x62,0x31,0x45,0x4c,0x62,0x30,0x45,0x4c,0x69,0x31,0x45,0x4c,0x69,0x31,0x45,0x53,
0x47,0x5f,0x4c,0x69,0x38,0x45,0x4c,0x62,0x31,0x45,0x4c,0x62,0x30,0x45,0x4c,0x69,
0x31,0x45,0x4c,0x53,0x49,0x5f,0x30,0x45,0x4c,0x53,0x4a,0x5f,0x30,0x45,0x45,0x45,
0x44,0x46,0x31,0x36,0x5f,0x44,0x46,0x31,0x36,0x5f,0x44,0x46,0x31,0x36,0x5f,0x44,
0x46,0x31,0x36,0x5f,0x53,0x37,0x5f,0x53,0x37,0x5f,0x53,0x38,0x5f,0x53,0x37,0x5f,
0x53,0x37,0x5f,0x4c,0x62,0x30,0x45,0x45,0x45,0x76,0x50,0x50,0x4b,0x54,0x31,0x5f,
0x50,0x50,0x4b,0x54,0x32,0x5f,0x50,0x50,0x4b,0x54,0x33,0x5f,0x50,0x50,0x54,0x34,
0x5f,0x69,0x69,0x69,0x69,0x69,0x66,0x2e,0x75,0x73,0x65,0x73,0x5f,0x66,0x6c,0x61,
0x74,0x5f,0x73,0x63,0x72,0x61,0x74,0x63,0x68,0x00,0x2e,0x6c,0x6c,0x76,0x6d,0x5f,
0x61,0x64,0x64,0x72,0x73,0x69,0x67,0x00,0x2e,0x72,0x65,0x6c,0x61,0x2e,0x74,0x65,
0x78,0x74,0x2e,0x5f,0x5a,0x4e,0x32,0x63,0x6b,0x31,0x36,0x74,0x65,0x6e,0x73,0x6f,
0x72,0x5f,0x6f,0x70,0x65,0x72,0x61,0x74,0x69,0x6f,0x6e,0x36,0x64,0x65,0x76,0x69,
0x63,0x65,0x34,0x31,0x6b,0x65,0x72,0x6e,0x65,0x6c,0x5f,0x6d,0x75,0x6c,0x74,0x69,
0x5f,0x68,0x65,0x61,0x64,0x5f,0x61,0x74,0x74,0x65,0x6e,0x74,0x69,0x6f,0x6e,0x5f,
0x77,0x6d,0x6d,0x61,0x5f,0x75,0x6e,0x70,0x61,0x63,0x6b,0x65,0x64,0x49,0x4e,0x53,
0x31,0x5f,0x34,0x39,0x44,0x65,0x76,0x69,0x63,0x65,0x42,0x61,0x74,0x63,0x68,0x65,
0x64,0x47,0x65,0x6d,0x6d,0x53,0x6f,0x66,0x74,0x6d,0x61,0x78,0x47,0x65,0x6d,0x6d,
0x50,0x65,0x72,0x6d,0x75,0x74,0x65,0x5f,0x57,0x6d,0x6d,0x61,0x5f,0x43,0x53,0x68,
0x75,0x66,0x66,0x6c,0x65,0x49,0x4c,0x69,0x32,0x45,0x4c,0x69,0x31,0x45,0x4c,0x69,
0x31,0x45,0x4c,0x69,0x31,0x45,0x4c,0x69,0x31,0x45,0x44,0x46,0x31,0x36,0x5f,0x44,
0x46,0x31,0x36,0x5f,0x44,0x46,0x31,0x36,0x5f,0x44,0x46,0x31,0x36,0x5f,0x4e,0x53,
0x5f,0x35,0x54,0x75,0x70,0x6c,0x65,0x49,0x4a,0x45,0x45,0x45,0x66,0x53,0x35,0x5f,
0x66,0x66,0x4e,0x53,0x30,0x5f,0x31,0x32,0x65,0x6c,0x65,0x6d,0x65,0x6e,0x74,0x5f,
0x77,0x69,0x73,0x65,0x31,0x31,0x50,0x61,0x73,0x73,0x54,0x68,0x72,0x6f,0x75,0x67,
0x68,0x45,0x53,0x37,0x5f,0x4e,0x53,0x36,0x5f,0x35,0x53,0x63,0x61,0x6c,0x65,0x45,
0x53,0x37,0x5f,0x53,0x37,0x5f,0x4c,0x4e,0x53,0x31,0x5f,0x31,0x38,0x47,0x65,0x6d,
0x6d,0x53,0x70,0x65,0x63,0x69,0x61,0x6c,0x69,0x7a,0x61,0x74,0x69,0x6f,0x6e,0x45,
0x31,0x35,0x45,0x4c,0x4e,0x53,0x31,0x5f,0x32,0x30,0x54,0x65,0x6e,0x73,0x6f,0x72,
0x53,0x70,0x65,0x63,0x69,0x61,0x6c,0x69,0x7a,0x61,0x74,0x69,0x6f,0x6e,0x45,0x30,
0x45,0x4c,0x53,0x41,0x5f,0x30,0x45,0x4c,0x53,0x41,0x5f,0x30,0x45,0x4c,0x53,0x41,
0x5f,0x30,0x45,0x4c,0x69,0x31,0x45,0x4c,0x69,0x31,0x32,0x38,0x45,0x4c,0x69,0x36,
0x34,0x45,0x4c,0x69,0x31,0x39,0x32,0x45,0x4c,0x69,0x34,0x38,0x45,0x4c,0x69,0x38,
0x45,0x4c,0x69,0x38,0x45,0x4c,0x69,0x34,0x38,0x45,0x4c,0x69,0x36,0x34,0x45,0x4c,
0x69,0x38,0x45,0x4c,0x69,0x31,0x36,0x45,0x4c,0x69,0x31,0x36,0x45,0x4c,0x69,0x31,
0x36,0x45,0x4c,0x69,0x31,0x45,0x4c,0x69,0x31,0x32,0x45,0x4c,0x69,0x33,0x45,0x4e,
0x53,0x5f,0x38,0x53,0x65,0x71,0x75,0x65,0x6e,0x63,0x65,0x49,0x4a,0x4c,0x69,0x32,
0x45,0x4c,0x69,0x36,0x34,0x45,0x4c,0x69,0x31,0x45,0x45,0x45,0x45,0x4e,0x53,0x42,
0x5f,0x49,0x4a,0x4c,0x69,0x31,0x45,0x4c,0x69,0x30,0x45,0x4c,0x69,0x32,0x45,0x45,
0x45,0x45,0x53,0x44,0x5f,0x4c,0x69,0x32,0x45,0x4c,0x69,0x38,0x45,0x4c,0x69,0x38,
0x45,0x4c,0x62,0x31,0x45,0x53,0x43,0x5f,0x53,0x44,0x5f,0x53,0x44,0x5f,0x4c,0x69,
0x32,0x45,0x4c,0x69,0x38,0x45,0x4c,0x69,0x38,0x45,0x4c,0x62,0x31,0x45,0x4e,0x53,
0x42,0x5f,0x49,0x4a,0x4c,0x69,0x32,0x45,0x4c,0x69,0x38,0x45,0x4c,0x69,0x38,0x45,
0x45,0x45,0x45,0x4e,0x53,0x42,0x5f,0x49,0x4a,0x4c,0x69,0x30,0x45,0x4c,0x69,0x32,
0x45,0x4c,0x69,0x31,0x45,0x45,0x45,0x45,0x53,0x46,0x5f,0x4c,0x69,0x31,0x45,0x4c,
0x69,0x32,0x45,0x4c,0x69,0x31,0x45,0x4c,0x62,0x30,0x45,0x4c,0x69,0x31,0x45,0x4c,
0x69,0x31,0x45,0x4e,0x53,0x42,0x5f,0x49,0x4a,0x4c,0x69,0x31,0x45,0x4c,0x69,0x36,
0x34,0x45,0x4c,0x69,0x31,0x45,0x4c,0x69,0x32,0x45,0x45,0x45,0x45,0x4c,0x69,0x38,
0x45,0x4c,0x4e,0x53,0x31,0x5f,0x32,0x31,0x4d,0x61,0x73,0x6b,0x69,0x6e,0x67,0x53,
0x70,0x65,0x63,0x69,0x61,0x6c,0x69,0x7a,0x61,0x74,0x69,0x6f,0x6e,0x45,0x30,0x45,
0x4c,0x4e,0x53,0x5f,0x31,0x33,0x4c,0x6f,0x6f,0x70,0x53,0x63,0x68,0x65,0x64,0x75,
0x6c,0x65,0x72,0x45,0x30,0x45,0x4c,0x4e,0x53,0x5f,0x31,0x35,0x50,0x69,0x70,0x65,
0x6c,0x69,0x6e,0x65,0x56,0x65,0x72,0x73,0x69,0x6f,0x6e,0x45,0x30,0x45,0x45,0x45,
0x4e,0x53,0x5f,0x33,0x35,0x47,0x72,0x69,0x64,0x77,0x69,0x73,0x65,0x42,0x61,0x74,
0x63,0x68,0x65,0x64,0x47,0x65,0x6d,0x6d,0x53,0x6f,0x66,0x74,0x6d,0x61,0x78,0x47,
0x65,0x6d,0x6d,0x5f,0x57,0x6d,0x6d,0x61,0x49,0x44,0x46,0x31,0x36,0x5f,0x44,0x46,
0x31,0x36,0x5f,0x66,0x44,0x46,0x31,0x36,0x5f,0x66,0x66,0x44,0x46,0x31,0x36,0x5f,
0x53,0x37,0x5f,0x53,0x37,0x5f,0x53,0x38,0x5f,0x53,0x37,0x5f,0x53,0x37,0x5f,0x4c,
0x4e,0x53,0x5f,0x32,0x35,0x49,0x6e,0x4d,0x65,0x6d,0x6f,0x72,0x79,0x44,0x61,0x74,
0x61,0x4f,0x70,0x65,0x72,0x61,0x74,0x69,0x6f,0x6e,0x45,0x6e,0x75,0x6d,0x45,0x30,
0x45,0x4e,0x53,0x5f,0x31,0x36,0x54,0x65,0x6e,0x73,0x6f,0x72,0x44,0x65,0x73,0x63,
0x72,0x69,0x70,0x74,0x6f,0x72,0x49,0x4e,0x53,0x34,0x5f,0x49,0x4a,0x4e,0x53,0x5f,
0x35,0x45,0x6d,0x62,0x65,0x64,0x49,0x4e,0x53,0x34,0x5f,0x49,0x4a,0x69,0x69,0x45,
0x45,0x45,0x53,0x50,0x5f,0x4c,0x62,0x30,0x45,0x45,0x45,0x4e,0x53,0x5f,0x32,0x33,
0x4d,0x65,0x72,0x67,0x65,0x5f,0x76,0x32,0x5f,0x6d,0x61,0x67,0x69,0x63,0x5f,0x64,
0x69,0x76,0x69,0x73,0x69,0x6f,0x6e,0x49,0x4e,0x53,0x34,0x5f,0x49,0x4a,0x69,0x45,
0x45,0x45,0x45,0x45,0x53,0x54,0x5f,0x4e,0x53,0x5f,0x38,0x52,0x69,0x67,0x68,0x74,
0x50,0x61,0x64,0x49,0x69,0x69,0x4c,0x62,0x30,0x45,0x45,0x45,0x53,0x56,0x5f,0x4e,
0x53,0x5f,0x37,0x55,0x6e,0x4d,0x65,0x72,0x67,0x65,0x49,0x4e,0x53,0x34,0x5f,0x49,
0x4a,0x69,0x4e,0x53,0x5f,0x31,0x37,0x69,0x6e,0x74,0x65,0x67,0x72,0x61,0x6c,0x5f,
0x63,0x6f,0x6e,0x73,0x74,0x61,0x6e,0x74,0x49,0x69,0x4c,0x69,0x31,0x45,0x45,0x45,
0x4e,0x53,0x58,0x5f,0x49,0x69,0x4c,0x69,0x32,0x45,0x45,0x45,0x4e,0x53,0x58,0x5f,
0x49,0x69,0x4c,0x69,0x38,0x45,0x45,0x45,0x45,0x45,0x45,0x4c,0x62,0x30,0x45,0x45,
0x45,0x4e,0x53,0x57,0x5f,0x49,0x4e,0x53,0x34,0x5f,0x49,0x4a,0x69,0x4e,0x53,0x58,
0x5f,0x49,0x69,0x4c,0x69,0x34,0x45,0x45,0x45,0x4e,0x53,0x58,0x5f,0x49,0x69,0x4c,
0x69,0x31,0x36,0x45,0x45,0x45,0x45,0x45,0x45,0x4c,0x62,0x30,0x45,0x45,0x45,0x45,
0x45,0x45,0x4e,0x53,0x34,0x5f,0x49,0x4a,0x4e,0x53,0x42,0x5f,0x49,0x4a,0x4c,0x69,
0x30,0x45,0x45,0x45,0x45,0x4e,0x53,0x42,0x5f,0x49,0x4a,0x4c,0x69,0x31,0x45,0x45,
0x45,0x45,0x4e,0x53,0x42,0x5f,0x49,0x4a,0x4c,0x69,0x32,0x45,0x45,0x45,0x45,0x4e,
0x53,0x42,0x5f,0x49,0x4a,0x4c,0x69,0x33,0x45,0x45,0x45,0x45,0x4e,0x53,0x42,0x5f,
0x49,0x4a,0x4c,0x69,0x34,0x45,0x45,0x45,0x45,0x4e,0x53,0x42,0x5f,0x49,0x4a,0x4c,
0x69,0x36,0x45,0x45,0x45,0x45,0x4e,0x53,0x42,0x5f,0x49,0x4a,0x4c,0x69,0x35,0x45,
0x45,0x45,0x45,0x45,0x45,0x45,0x4e,0x53,0x34,0x5f,0x49,0x4a,0x4e,0x53,0x42,0x5f,
0x49,0x4a,0x4c,0x69,0x31,0x45,0x4c,0x69,0x32,0x45,0x45,0x45,0x45,0x53,0x31,0x42,
0x5f,0x53,0x31,0x43,0x5f,0x53,0x31,0x45,0x5f,0x53,0x31,0x44,0x5f,0x4e,0x53,0x42,
0x5f,0x49,0x4a,0x4c,0x69,0x37,0x45,0x4c,0x69,0x38,0x45,0x4c,0x69,0x39,0x45,0x4c,
0x69,0x31,0x30,0x45,0x45,0x45,0x45,0x4e,0x53,0x42,0x5f,0x49,0x4a,0x4c,0x69,0x31,
0x31,0x45,0x4c,0x69,0x31,0x32,0x45,0x4c,0x69,0x31,0x33,0x45,0x45,0x45,0x45,0x45,
0x45,0x45,0x4e,0x53,0x42,0x5f,0x49,0x4a,0x4c,0x69,0x37,0x45,0x4c,0x69,0x31,0x31,
0x45,0x4c,0x69,0x31,0x32,0x45,0x4c,0x69,0x38,0x45,0x4c,0x69,0x39,0x45,0x4c,0x69,
0x31,0x33,0x45,0x4c,0x69,0x31,0x30,0x45,0x45,0x45,0x45,0x78,0x45,0x45,0x4e,0x53,
0x4e,0x5f,0x49,0x4e,0x53,0x34,0x5f,0x49,0x4a,0x53,0x51,0x5f,0x53,0x54,0x5f,0x53,
0x54,0x5f,0x53,0x56,0x5f,0x53,0x56,0x5f,0x4e,0x53,0x57,0x5f,0x49,0x4e,0x53,0x34,
0x5f,0x49,0x4a,0x69,0x53,0x31,0x30,0x5f,0x45,0x45,0x45,0x4c,0x62,0x30,0x45,0x45,
0x45,0x4e,0x53,0x5f,0x31,0x31,0x50,0x61,0x73,0x73,0x54,0x68,0x72,0x6f,0x75,0x67,
0x68,0x49,0x69,0x45,0x45,0x45,0x45,0x45,0x53,0x31,0x46,0x5f,0x4e,0x53,0x34,0x5f,
0x49,0x4a,0x53,0x31,0x47,0x5f,0x53,0x31,0x42,0x5f,0x53,0x31,0x43,0x5f,0x53,0x31,
0x45,0x5f,0x53,0x31,0x44,0x5f,0x4e,0x53,0x42,0x5f,0x49,0x4a,0x4c,0x69,0x37,0x45,
0x4c,0x69,0x38,0x45,0x45,0x45,0x45,0x4e,0x53,0x42,0x5f,0x49,0x4a,0x4c,0x69,0x39,
0x45,0x45,0x45,0x45,0x45,0x45,0x45,0x4e,0x53,0x42,0x5f,0x49,0x4a,0x4c,0x69,0x37,
0x45,0x4c,0x69,0x39,0x45,0x4c,0x69,0x38,0x45,0x45,0x45,0x45,0x78,0x45,0x45,0x53,
0x31,0x56,0x5f,0x4e,0x53,0x4e,0x5f,0x49,0x4e,0x53,0x34,0x5f,0x49,0x4a,0x53,0x51,
0x5f,0x53,0x54,0x5f,0x53,0x54,0x5f,0x53,0x56,0x5f,0x53,0x56,0x5f,0x45,0x45,0x45,
0x4e,0x53,0x34,0x5f,0x49,0x4a,0x53,0x31,0x38,0x5f,0x53,0x31,0x39,0x5f,0x53,0x31,
0x41,0x5f,0x53,0x31,0x42,0x5f,0x53,0x31,0x43,0x5f,0x45,0x45,0x45,0x4e,0x53,0x34,
0x5f,0x49,0x4a,0x53,0x31,0x47,0x5f,0x53,0x31,0x42,0x5f,0x53,0x31,0x43,0x5f,0x53,
0x31,0x45,0x5f,0x53,0x31,0x44,0x5f,0x45,0x45,0x45,0x4e,0x53,0x42,0x5f,0x49,0x4a,
0x4c,0x69,0x35,0x45,0x4c,0x69,0x36,0x45,0x45,0x45,0x45,0x78,0x45,0x45,0x4c,0x69,
0x36,0x34,0x45,0x4c,0x69,0x31,0x39,0x32,0x45,0x4c,0x69,0x34,0x38,0x45,0x4c,0x69,
0x38,0x45,0x4c,0x69,0x38,0x45,0x4c,0x69,0x34,0x38,0x45,0x4c,0x69,0x36,0x34,0x45,
0x4c,0x69,0x38,0x45,0x4c,0x69,0x31,0x36,0x45,0x4c,0x69,0x31,0x36,0x45,0x4c,0x69,
0x31,0x36,0x45,0x4c,0x69,0x31,0x45,0x4c,0x69,0x31,0x32,0x45,0x4c,0x69,0x33,0x45,
0x4c,0x69,0x31,0x32,0x38,0x45,0x53,0x43,0x5f,0x53,0x44,0x5f,0x53,0x44,0x5f,0x4c,
0x69,0x32,0x45,0x4c,0x69,0x38,0x45,0x4c,0x69,0x38,0x45,0x4c,0x62,0x31,0x45,0x4c,
0x62,0x30,0x45,0x4c,0x62,0x31,0x45,0x53,0x43,0x5f,0x53,0x44,0x5f,0x53,0x44,0x5f,
0x4c,0x69,0x32,0x45,0x4c,0x69,0x38,0x45,0x4c,0x69,0x38,0x45,0x4c,0x62,0x31,0x45,
0x4c,0x62,0x31,0x45,0x4c,0x62,0x31,0x45,0x53,0x45,0x5f,0x53,0x46,0x5f,0x53,0x46,
0x5f,0x4c,0x69,0x31,0x45,0x4c,0x69,0x32,0x45,0x4c,0x69,0x31,0x45,0x4c,0x62,0x30,
0x45,0x4c,0x62,0x31,0x45,0x4c,0x62,0x30,0x45,0x4c,0x69,0x31,0x45,0x4c,0x69,0x31,
0x45,0x53,0x47,0x5f,0x4c,0x69,0x38,0x45,0x4c,0x62,0x31,0x45,0x4c,0x62,0x30,0x45,
0x4c,0x69,0x31,0x45,0x4c,0x53,0x49,0x5f,0x30,0x45,0x4c,0x53,0x4a,0x5f,0x30,0x45,
0x45,0x45,0x44,0x46,0x31,0x36,0x5f,0x44,0x46,0x31,0x36,0x5f,0x44,0x46,0x31,0x36,
0x5f,0x44,0x46,0x31,0x36,0x5f,0x53,0x37,0x5f,0x53,0x37,0x5f,0x53,0x38,0x5f,0x53,
0x37,0x5f,0x53,0x37,0x5f,0x4c,0x62,0x30,0x45,0x45,0x45,0x76,0x50,0x50,0x4b,0x54,
0x31,0x5f,0x50,0x50,0x4b,0x54,0x32,0x5f,0x50,0x50,0x4b,0x54,0x33,0x5f,0x50,0x50,
0x54,0x34,0x5f,0x69,0x69,0x69,0x69,0x69,0x66,0x00,0x5f,0x5a,0x4e,0x32,0x63,0x6b,
0x31,0x36,0x74,0x65,0x6e,0x73,0x6f,0x72,0x5f,0x6f,0x70,0x65,0x72,0x61,0x74,0x69,
0x6f,0x6e,0x36,0x64,0x65,0x76,0x69,0x63,0x65,0x34,0x31,0x6b,0x65,0x72,0x6e,0x65,
0x6c,0x5f,0x6d,0x75,0x6c,0x74,0x69,0x5f,0x68,0x65,0x61,0x64,0x5f,0x61,0x74,0x74,
0x65,0x6e,0x74,0x69,0x6f,0x6e,0x5f,0x77,0x6d,0x6d,0x61,0x5f,0x75,0x6e,0x70,0x61,
0x63,0x6b,0x65,0x64,0x49,0x4e,0x53,0x31,0x5f,0x34,0x39,0x44,0x65,0x76,0x69,0x63,
0x65,0x42,0x61,0x74,0x63,0x68,0x65,0x64,0x47,0x65,0x6d,0x6d,0x53,0x6f,0x66,0x74,
0x6d,0x61,0x78,0x47,0x65,0x6d,0x6d,0x50,0x65,0x72,0x6d,0x75,0x74,0x65,0x5f,0x57,
0x6d,0x6d,0x61,0x5f,0x43,0x53,0x68,0x75,0x66,0x66,0x6c,0x65,0x49,0x4c,0x69,0x32,
0x45,0x4c,0x69,0x31,0x45,0x4c,0x69,0x31,0x45,0x4c,0x69,0x31,0x45,0x4c,0x69,0x31,
0x45,0x44,0x46,0x31,0x36,0x5f,0x44,0x46,0x31,0x36,0x5f,0x44,0x46,0x31,0x36,0x5f,
0x44,0x46,0x31,0x36,0x5f,0x4e,0x53,0x5f,0x35,0x54,0x75,0x70,0x6c,0x65,0x49,0x4a,
0x45,0x45,0x45,0x66,0x53,0x35,0x5f,0x66,0x66,0x4e,0x53,0x30,0x5f,0x31,0x32,0x65,
0x6c,0x65,0x6d,0x65,0x6e,0x74,0x5f,0x77,0x69,0x73,0x65,0x31,0x31,0x50,0x61,0x73,
0x73,0x54,0x68,0x72,0x6f,0x75,0x67,0x68,0x45,0x53,0x37,0x5f,0x4e,0x53,0x36,0x5f,
0x35,0x53,0x63,0x61,0x6c,0x65,0x45,0x53,0x37,0x5f,0x53,0x37,0x5f,0x4c,0x4e,0x53,
0x31,0x5f,0x31,0x38,0x47,0x65,0x6d,0x6d,0x53,0x70,0x65,0x63,0x69,0x61,0x6c,0x69,
0x7a,0x61,0x74,0x69,0x6f,0x6e,0x45,0x31,0x35,0x45,0x4c,0x4e,0x53,0x31,0x5f,0x32,
0x30,0x54,0x65,0x6e,0x73,0x6f,0x72,0x53,0x70,0x65,0x63,0x69,0x61,0x6c,0x69,0x7a,
0x61,0x74,0x69,0x6f,0x6e,0x45,0x30,0x45,0x4c,0x53,0x41,0x5f,0x30,0x45,0x4c,0x53,
0x41,0x5f,0x30,0x45,0x4c,0x53,0x41,0x5f,0x30,0x45,0x4c,0x69,0x31,0x45,0x4c,0x69,
0x31,0x32,0x38,0x45,0x4c,0x69,0x36,0x34,0x45,0x4c,0x69,0x31,0x39,0x32,0x45,0x4c,
0x69,0x34,0x38,0x45,0x4c,0x69,0x38,0x45,0x4c,0x69,0x38,0x45,0x4c,0x69,0x34,0x38,
0x45,0x4c,0x69,0x36,0x34,0x45,0x4c,0x69,0x38,0x45,0x4c,0x69,0x31,0x36,0x45,0x4c,
0x69,0x31,0x36,0x45,0x4c,0x69,0x31,0x36,0x45,0x4c,0x69,0x31,0x45,0x4c,0x69,0x31,
0x32,0x45,0x4c,0x69,0x33,0x45,0x4e,0x53,0x5f,0x38,0x53,0x65,0x71,0x75,0x65,0x6e,
0x63,0x65,0x49,0x4a,0x4c,0x69,0x32,0x45,0x4c,0x69,0x36,0x34,0x45,0x4c,0x69,0x31,
0x45,0x45,0x45,0x45,0x4e,0x53,0x42,0x5f,0x49,0x4a,0x4c,0x69,0x31,0x45,0x4c,0x69,
0x30,0x45,0x4c,0x69,0x32,0x45,0x45,0x45,0x45,0x53,0x44,0x5f,0x4c,0x69,0x32,0x45,
0x4c,0x69,0x38,0x45,0x4c,0x69,0x38,0x45,0x4c,0x62,0x31,0x45,0x53,0x43,0x5f,0x53,
0x44,0x5f,0x53,0x44,0x5f,0x4c,0x69,0x32,0x45,0x4c,0x69,0x38,0x45,0x4c,0x69,0x38,
0x45,0x4c,0x62,0x31,0x45,0x4e,0x53,0x42,0x5f,0x49,0x4a,0x4c,0x69,0x32,0x45,0x4c,
0x69,0x38,0x45,0x4c,0x69,0x38,0x45,0x45,0x45,0x45,0x4e,0x53,0x42,0x5f,0x49,0x4a,
0x4c,0x69,0x30,0x45,0x4c,0x69,0x32,0x45,0x4c,0x69,0x31,0x45,0x45,0x45,0x45,0x53,
0x46,0x5f,0x4c,0x69,0x31,0x45,0x4c,0x69,0x32,0x45,0x4c,0x69,0x31,0x45,0x4c,0x62,
0x30,0x45,0x4c,0x69,0x31,0x45,0x4c,0x69,0x31,0x45,0x4e,0x53,0x42,0x5f,0x49,0x4a,
0x4c,0x69,0x31,0x45,0x4c,0x69,0x36,0x34,0x45,0x4c,0x69,0x31,0x45,0x4c,0x69,0x32,
0x45,0x45,0x45,0x45,0x4c,0x69,0x38,0x45,0x4c,0x4e,0x53,0x31,0x5f,0x32,0x31,0x4d,
0x61,0x73,0x6b,0x69,0x6e,0x67,0x53,0x70,0x65,0x63,0x69,0x61,0x6c,0x69,0x7a,0x61,
0x74,0x69,0x6f,0x6e,0x45,0x30,0x45,0x4c,0x4e,0x53,0x5f,0x31,0x33,0x4c,0x6f,0x6f,
0x70,0x53,0x63,0x68,0x65,0x64,0x75,0x6c,0x65,0x72,0x45,0x30,0x45,0x4c,0x4e,0x53,
0x5f,0x31,0x35,0x50,0x69,0x70,0x65,0x6c,0x69,0x6e,0x65,0x56,0x65,0x72,0x73,0x69,
0x6f,0x6e,0x45,0x30,0x45,0x45,0x45,0x4e,0x53,0x5f,0x33,0x35,0x47,0x72,0x69,0x64,
0x77,0x69,0x73,0x65,0x42,0x61,0x74,0x63,0x68,0x65,0x64,0x47,0x65,0x6d,0x6d,0x53,
0x6f,0x66,0x74,0x6d,0x61,0x78,0x47,0x65,0x6d,0x6d,0x5f,0x57,0x6d,0x6d,0x61,0x49,
0x44,0x46,0x31,0x36,0x5f,0x44,0x46,0x31,0x36,0x5f,0x66,0x44,0x46,0x31,0x36,0x5f,
0x66,0x66,0x44,0x46,0x31,0x36,0x5f,0x53,0x37,0x5f,0x53,0x37,0x5f,0x53,0x38,0x5f,
0x53,0x37,0x5f,0x53,0x37,0x5f,0x4c,0x4e,0x53,0x5f,0x32,0x35,0x49,0x6e,0x4d,0x65,
0x6d,0x6f,0x72,0x79,0x44,0x61,0x74,0x61,0x4f,0x70,0x65,0x72,0x61,0x74,0x69,0x6f,
0x6e,0x45,0x6e,0x75,0x6d,0x45,0x30,0x45,0x4e,0x53,0x5f,0x31,0x36,0x54,0x65,0x6e,
0x73,0x6f,0x72,0x44,0x65,0x73,0x63,0x72,0x69,0x70,0x74,0x6f,0x72,0x49,0x4e,0x53,
0x34,0x5f,0x49,0x4a,0x4e,0x53,0x5f,0x35,0x45,0x6d,0x62,0x65,0x64,0x49,0x4e,0x53,
0x34,0x5f,0x49,0x4a,0x69,0x69,0x45,0x45,0x45,0x53,0x50,0x5f,0x4c,0x62,0x30,0x45,
0x45,0x45,0x4e,0x53,0x5f,0x32,0x33,0x4d,0x65,0x72,0x67,0x65,0x5f,0x76,0x32,0x5f,
0x6d,0x61,0x67,0x69,0x63,0x5f,0x64,0x69,0x76,0x69,0x73,0x69,0x6f,0x6e,0x49,0x4e,
0x53,0x34,0x5f,0x49,0x4a,0x69,0x45,0x45,0x45,0x45,0x45,0x53,0x54,0x5f,0x4e,0x53,
0x5f,0x38,0x52,0x69,0x67,0x68,0x74,0x50,0x61,0x64,0x49,0x69,0x69,0x4c,0x62,0x30,
0x45,0x45,0x45,0x53,0x56,0x5f,0x4e,0x53,0x5f,0x37,0x55,0x6e,0x4d,0x65,0x72,0x67,
0x65,0x49,0x4e,0x53,0x34,0x5f,0x49,0x4a,0x69,0x4e,0x53,0x5f,0x31,0x37,0x69,0x6e,
0x74,0x65,0x67,0x72,0x61,0x6c,0x5f,0x63,0x6f,0x6e,0x73,0x74,0x61,0x6e,0x74,0x49,
0x69,0x4c,0x69,0x31,0x45,0x45,0x45,0x4e,0x53,0x58,0x5f,0x49,0x69,0x4c,0x69,0x32,
0x45,0x45,0x45,0x4e,0x53,0x58,0x5f,0x49,0x69,0x4c,0x69,0x38,0x45,0x45,0x45,0x45,
0x45,0x45,0x4c,0x62,0x30,0x45,0x45,0x45,0x4e,0x53,0x57,0x5f,0x49,0x4e,0x53,0x34,
0x5f,0x49,0x4a,0x69,0x4e,0x53,0x58,0x5f,0x49,0x69,0x4c,0x69,0x34,0x45,0x45,0x45,
0x4e,0x53,0x58,0x5f,0x49,0x69,0x4c,0x69,0x31,0x36,0x45,0x45,0x45,0x45,0x45,0x45,
0x4c,0x62,0x30,0x45,0x45,0x45,0x45,0x45,0x45,0x4e,0x53,0x34,0x5f,0x49,0x4a,0x4e,
0x53,0x42,0x5f,0x49,0x4a,0x4c,0x69,0x30,0x45,0x45,0x45,0x45,0x4e,0x53,0x42,0x5f,
0x49,0x4a,0x4c,0x69,0x31,0x45,0x45,0x45,0x45,0x4e,0x53,0x42,0x5f,0x49,0x4a,0x4c,
0x69,0x32,0x45,0x45,0x45,0x45,0x4e,0x53,0x42,0x5f,0x49,0x4a,0x4c,0x69,0x33,0x45,
0x45,0x45,0x45,0x4e,0x53,0x42,0x5f,0x49,0x4a,0x4c,0x69,0x34,0x45,0x45,0x45,0x45,
0x4e,0x53,0x42,0x5f,0x49,0x4a,0x4c,0x69,0x36,0x45,0x45,0x45,0x45,0x4e,0x53,0x42,
0x5f,0x49,0x4a,0x4c,0x69,0x35,0x45,0x45,0x45,0x45,0x45,0x45,0x45,0x4e,0x53,0x34,
0x5f,0x49,0x4a,0x4e,0x53,0x42,0x5f,0x49,0x4a,0x4c,0x69,0x31,0x45,0x4c,0x69,0x32,
0x45,0x45,0x45,0x45,0x53,0x31,0x42,0x5f,0x53,0x31,0x43,0x5f,0x53,0x31,0x45,0x5f,
0x53,0x31,0x44,0x5f,0x4e,0x53,0x42,0x5f,0x49,0x4a,0x4c,0x69,0x37,0x45,0x4c,0x69,
0x38,0x45,0x4c,0x69,0x39,0x45,0x4c,0x69,0x31,0x30,0x45,0x45,0x45,0x45,0x4e,0x53,
0x42,0x5f,0x49,0x4a,0x4c,0x69,0x31,0x31,0x45,0x4c,0x69,0x31,0x32,0x45,0x4c,0x69,
0x31,0x33,0x45,0x45,0x45,0x45,0x45,0x45,0x45,0x4e,0x53,0x42,0x5f,0x49,0x4a,0x4c,
0x69,0x37,0x45,0x4c,0x69,0x31,0x31,0x45,0x4c,0x69,0x31,0x32,0x45,0x4c,0x69,0x38,
0x45,0x4c,0x69,0x39,0x45,0x4c,0x69,0x31,0x33,0x45,0x4c,0x69,0x31,0x30,0x45,0x45,
0x45,0x45,0x78,0x45,0x45,0x4e,0x53,0x4e,0x5f,0x49,0x4e,0x53,0x34,0x5f,0x49,0x4a,
0x53,0x51,0x5f,0x53,0x54,0x5f,0x53,0x54,0x5f,0x53,0x56,0x5f,0x53,0x56,0x5f,0x4e,
0x53,0x57,0x5f,0x49,0x4e,0x53,0x34,0x5f,0x49,0x4a,0x69,0x53,0x31,0x30,0x5f,0x45,
0x45,0x45,0x4c,0x62,0x30,0x45,0x45,0x45,0x4e,0x53,0x5f,0x31,0x31,0x50,0x61,0x73,
0x73,0x54,0x68,0x72,0x6f,0x75,0x67,0x68,0x49,0x69,0x45,0x45,0x45,0x45,0x45,0x53,
0x31,0x46,0x5f,0x4e,0x53,0x34,0x5f,0x49,0x4a,0x53,0x31,0x47,0x5f,0x53,0x31,0x42,
0x5f,0x53,0x31,0x43,0x5f,0x53,0x31,0x45,0x5f,0x53,0x31,0x44,0x5f,0x4e,0x53,0x42,
0x5f,0x49,0x4a,0x4c,0x69,0x37,0x45,0x4c,0x69,0x38,0x45,0x45,0x45,0x45,0x4e,0x53,
0x42,0x5f,0x49,0x4a,0x4c,0x69,0x39,0x45,0x45,0x45,0x45,0x45,0x45,0x45,0x4e,0x53,
0x42,0x5f,0x49,0x4a,0x4c,0x69,0x37,0x45,0x4c,0x69,0x39,0x45,0x4c,0x69,0x38,0x45,
0x45,0x45,0x45,0x78,0x45,0x45,0x53,0x31,0x56,0x5f,0x4e,0x53,0x4e,0x5f,0x49,0x4e,
0x53,0x34,0x5f,0x49,0x4a,0x53,0x51,0x5f,0x53,0x54,0x5f,0x53,0x54,0x5f,0x53,0x56,
0x5f,0x53,0x56,0x5f,0x45,0x45,0x45,0x4e,0x53,0x34,0x5f,0x49,0x4a,0x53,0x31,0x38,
0x5f,0x53,0x31,0x39,0x5f,0x53,0x31,0x41,0x5f,0x53,0x31,0x42,0x5f,0x53,0x31,0x43,
0x5f,0x45,0x45,0x45,0x4e,0x53,0x34,0x5f,0x49,0x4a,0x53,0x31,0x47,0x5f,0x53,0x31,
0x42,0x5f,0x53,0x31,0x43,0x5f,0x53,0x31,0x45,0x5f,0x53,0x31,0x44,0x5f,0x45,0x45,
0x45,0x4e,0x53,0x42,0x5f,0x49,0x4a,0x4c,0x69,0x35,0x45,0x4c,0x69,0x36,0x45,0x45,
0x45,0x45,0x78,0x45,0x45,0x4c,0x69,0x36,0x34,0x45,0x4c,0x69,0x31,0x39,0x32,0x45,
0x4c,0x69,0x34,0x38,0x45,0x4c,0x69,0x38,0x45,0x4c,0x69,0x38,0x45,0x4c,0x69,0x34,
0x38,0x45,0x4c,0x69,0x36,0x34,0x45,0x4c,0x69,0x38,0x45,0x4c,0x69,0x31,0x36,0x45,
0x4c,0x69,0x31,0x36,0x45,0x4c,0x69,0x31,0x36,0x45,0x4c,0x69,0x31,0x45,0x4c,0x69,
0x31,0x32,0x45,0x4c,0x69,0x33,0x45,0x4c,0x69,0x31,0x32,0x38,0x45,0x53,0x43,0x5f,
0x53,0x44,0x5f,0x53,0x44,0x5f,0x4c,0x69,0x32,0x45,0x4c,0x69,0x38,0x45,0x4c,0x69,
0x38,0x45,0x4c,0x62,0x31,0x45,0x4c,0x62,0x30,0x45,0x4c,0x62,0x31,0x45,0x53,0x43,
0x5f,0x53,0x44,0x5f,0x53,0x44,0x5f,0x4c,0x69,0x32,0x45,0x4c,0x69,0x38,0x45,0x4c,
0x69,0x38,0x45,0x4c,0x62,0x31,0x45,0x4c,0x62,0x31,0x45,0x4c,0x62,0x31,0x45,0x53,
0x45,0x5f,0x53,0x46,0x5f,0x53,0x46,0x5f,0x4c,0x69,0x31,0x45,0x4c,0x69,0x32,0x45,
0x4c,0x69,0x31,0x45,0x4c,0x62,0x30,0x45,0x4c,0x62,0x31,0x45,0x4c,0x62,0x30,0x45,
0x4c,0x69,0x31,0x45,0x4c,0x69,0x31,0x45,0x53,0x47,0x5f,0x4c,0x69,0x38,0x45,0x4c,
0x62,0x31,0x45,0x4c,0x62,0x30,0x45,0x4c,0x69,0x31,0x45,0x4c,0x53,0x49,0x5f,0x30,
0x45,0x4c,0x53,0x4a,0x5f,0x30,0x45,0x45,0x45,0x44,0x46,0x31,0x36,0x5f,0x44,0x46,
0x31,0x36,0x5f,0x44,0x46,0x31,0x36,0x5f,0x44,0x46,0x31,0x36,0x5f,0x53,0x37,0x5f,
0x53,0x37,0x5f,0x53,0x38,0x5f,0x53,0x37,0x5f,0x53,0x37,0x5f,0x4c,0x62,0x30,0x45,
0x45,0x45,0x76,0x50,0x50,0x4b,0x54,0x31,0x5f,0x50,0x50,0x4b,0x54,0x32,0x5f,0x50,
0x50,0x4b,0x54,0x33,0x5f,0x50,0x50,0x54,0x34,0x5f,0x69,0x69,0x69,0x69,0x69,0x66,
0x2e,0x70,0x72,0x69,0x76,0x61,0x74,0x65,0x5f,0x73,0x65,0x67,0x5f,0x73,0x69,0x7a,
0x65,0x00,0x2e,0x6e,0x6f,0x74,0x65,0x00,0x5f,0x5a,0x4e,0x32,0x63,0x6b,0x31,0x36,
0x74,0x65,0x6e,0x73,0x6f,0x72,0x5f,0x6f,0x70,0x65,0x72,0x61,0x74,0x69,0x6f,0x6e,
0x36,0x64,0x65,0x76,0x69,0x63,0x65,0x34,0x31,0x6b,0x65,0x72,0x6e,0x65,0x6c,0x5f,
0x6d,0x75,0x6c,0x74,0x69,0x5f,0x68,0x65,0x61,0x64,0x5f,0x61,0x74,0x74,0x65,0x6e,
0x74,0x69,0x6f,0x6e,0x5f,0x77,0x6d,0x6d,0x61,0x5f,0x75,0x6e,0x70,0x61,0x63,0x6b,
0x65,0x64,0x49,0x4e,0x53,0x31,0x5f,0x34,0x39,0x44,0x65,0x76,0x69,0x63,0x65,0x42,
0x61,0x74,0x63,0x68,0x65,0x64,0x47,0x65,0x6d,0x6d,0x53,0x6f,0x66,0x74,0x6d,0x61,
0x78,0x47,0x65,0x6d,0x6d,0x50,0x65,0x72,0x6d,0x75,0x74,0x65,0x5f,0x57,0x6d,0x6d,
0x61,0x5f,0x43,0x53,0x68,0x75,0x66,0x66,0x6c,0x65,0x49,0x4c,0x69,0x32,0x45,0x4c,
0x69,0x31,0x45,0x4c,0x69,0x31,0x45,0x4c,0x69,0x31,0x45,0x4c,0x69,0x31,0x45,0x44,
0x46,0x31,0x36,0x5f,0x44,0x46,0x31,0x36,0x5f,0x44,0x46,0x31,0x36,0x5f,0x44,0x46,
0x31,0x36,0x5f,0x4e,0x53,0x5f,0x35,0x54,0x75,0x70,0x6c,0x65,0x49,0x4a,0x45,0x45,
0x45,0x66,0x53,0x35,0x5f,0x66,0x66,0x4e,0x53,0x30,0x5f,0x31,0x32,0x65,0x6c,0x65,
0x6d,0x65,0x6e,0x74,0x5f,0x77,0x69,0x73,0x65,0x31,0x31,0x50,0x61,0x73,0x73,0x54,
0x68,0x72,0x6f,0x75,0x67,0x68,0x45,0x53,0x37,0x5f,0x4e,0x53,0x36,0x5f,0x35,0x53,
0x63,0x61,0x6c,0x65,0x45,0x53,0x37,0x5f,0x53,0x37,0x5f,0x4c,0x4e,0x53,0x31,0x5f,
0x31,0x38,0x47,0x65,0x6d,0x6d,0x53,0x70,0x65,0x63,0x69,0x61,0x6c,0x69,0x7a,0x61,
0x74,0x69,0x6f,0x6e,0x45,0x31,0x35,0x45,0x4c,0x4e,0x53,0x31,0x5f,0x32,0x30,0x54,
0x65,0x6e,0x73,0x6f,0x72,0x53,0x70,0x65,0x63,0x69,0x61,0x6c,0x69,0x7a,0x61,0x74,
0x69,0x6f,0x6e,0x45,0x30,0x45,0x4c,0x53,0x41,0x5f,0x30,0x45,0x4c,0x53,0x41,0x5f,
0x30,0x45,0x4c,0x53,0x41,0x5f,0x30,0x45,0x4c,0x69,0x31,0x45,0x4c,0x69,0x31,0x32,
0x38,0x45,0x4c,0x69,0x36,0x34,0x45,0x4c,0x69,0x31,0x39,0x32,0x45,0x4c,0x69,0x34,
0x38,0x45,0x4c,0x69,0x38,0x45,0x4c,0x69,0x38,0x45,0x4c,0x69,0x34,0x38,0x45,0x4c,
0x69,0x36,0x34,0x45,0x4c,0x69,0x38,0x45,0x4c,0x69,0x31,0x36,0x45,0x4c,0x69,0x31,
0x36,0x45,0x4c,0x69,0x31,0x36,0x45,0x4c,0x69,0x31,0x45,0x4c,0x69,0x31,0x32,0x45,
0x4c,0x69,0x33,0x45,0x4e,0x53,0x5f,0x38,0x53,0x65,0x71,0x75,0x65,0x6e,0x63,0x65,
0x49,0x4a,0x4c,0x69,0x32,0x45,0x4c,0x69,0x36,0x34,0x45,0x4c,0x69,0x31,0x45,0x45,
0x45,0x45,0x4e,0x53,0x42,0x5f,0x49,0x4a,0x4c,0x69,0x31,0x45,0x4c,0x69,0x30,0x45,
0x4c,0x69,0x32,0x45,0x45,0x45,0x45,0x53,0x44,0x5f,0x4c,0x69,0x32,0x45,0x4c,0x69,
0x38,0x45,0x4c,0x69,0x38,0x45,0x4c,0x62,0x31,0x45,0x53,0x43,0x5f,0x53,0x44,0x5f,
0x53,0x44,0x5f,0x4c,0x69,0x32,0x45,0x4c,0x69,0x38,0x45,0x4c,0x69,0x38,0x45,0x4c,
0x62,0x31,0x45,0x4e,0x53,0x42,0x5f,0x49,0x4a,0x4c,0x69,0x32,0x45,0x4c,0x69,0x38,
0x45,0x4c,0x69,0x38,0x45,0x45,0x45,0x45,0x4e,0x53,0x42,0x5f,0x49,0x4a,0x4c,0x69,
0x30,0x45,0x4c,0x69,0x32,0x45,0x4c,0x69,0x31,0x45,0x45,0x45,0x45,0x53,0x46,0x5f,
0x4c,0x69,0x31,0x45,0x4c,0x69,0x32,0x45,0x4c,0x69,0x31,0x45,0x4c,0x62,0x30,0x45,
0x4c,0x69,0x31,0x45,0x4c,0x69,0x31,0x45,0x4e,0x53,0x42,0x5f,0x49,0x4a,0x4c,0x69,
0x31,0x45,0x4c,0x69,0x36,0x34,0x45,0x4c,0x69,0x31,0x45,0x4c,0x69,0x32,0x45,0x45,
0x45,0x45,0x4c,0x69,0x38,0x45,0x4c,0x4e,0x53,0x31,0x5f,0x32,0x31,0x4d,0x61,0x73,
0x6b,0x69,0x6e,0x67,0x53,0x70,0x65,0x63,0x69,0x61,0x6c,0x69,0x7a,0x61,0x74,0x69,
0x6f,0x6e,0x45,0x30,0x45,0x4c,0x4e,0x53,0x5f,0x31,0x33,0x4c,0x6f,0x6f,0x70,0x53,
0x63,0x68,0x65,0x64,0x75,0x6c,0x65,0x72,0x45,0x30,0x45,0x4c,0x4e,0x53,0x5f,0x31,
0x35,0x50,0x69,0x70,0x65,0x6c,0x69,0x6e,0x65,0x56,0x65,0x72,0x73,0x69,0x6f,0x6e,
0x45,0x30,0x45,0x45,0x45,0x4e,0x53,0x5f,0x33,0x35,0x47,0x72,0x69,0x64,0x77,0x69,
0x73,0x65,0x42,0x61,0x74,0x63,0x68,0x65,0x64,0x47,0x65,0x6d,0x6d,0x53,0x6f,0x66,
0x74,0x6d,0x61,0x78,0x47,0x65,0x6d,0x6d,0x5f,0x57,0x6d,0x6d,0x61,0x49,0x44,0x46,
0x31,0x36,0x5f,0x44,0x46,0x31,0x36,0x5f,0x66,0x44,0x46,0x31,0x36,0x5f,0x66,0x66,
0x44,0x46,0x31,0x36,0x5f,0x53,0x37,0x5f,0x53,0x37,0x5f,0x53,0x38,0x5f,0x53,0x37,
0x5f,0x53,0x37,0x5f,0x4c,0x4e,0x53,0x5f,0x32,0x35,0x49,0x6e,0x4d,0x65,0x6d,0x6f,
0x72,0x79,0x44,0x61,0x74,0x61,0x4f,0x70,0x65,0x72,0x61,0x74,0x69,0x6f,0x6e,0x45,
0x6e,0x75,0x6d,0x45,0x30,0x45,0x4e,0x53,0x5f,0x31,0x36,0x54,0x65,0x6e,0x73,0x6f,
0x72,0x44,0x65,0x73,0x63,0x72,0x69,0x70,0x74,0x6f,0x72,0x49,0x4e,0x53,0x34,0x5f,
0x49,0x4a,0x4e,0x53,0x5f,0x35,0x45,0x6d,0x62,0x65,0x64,0x49,0x4e,0x53,0x34,0x5f,
0x49,0x4a,0x69,0x69,0x45,0x45,0x45,0x53,0x50,0x5f,0x4c,0x62,0x30,0x45,0x45,0x45,
0x4e,0x53,0x5f,0x32,0x33,0x4d,0x65,0x72,0x67,0x65,0x5f,0x76,0x32,0x5f,0x6d,0x61,
0x67,0x69,0x63,0x5f,0x64,0x69,0x76,0x69,0x73,0x69,0x6f,0x6e,0x49,0x4e,0x53,0x34,
0x5f,0x49,0x4a,0x69,0x45,0x45,0x45,0x45,0x45,0x53,0x54,0x5f,0x4e,0x53,0x5f,0x38,
0x52,0x69,0x67,0x68,0x74,0x50,0x61,0x64,0x49,0x69,0x69,0x4c,0x62,0x30,0x45,0x45,
0x45,0x53,0x56,0x5f,0x4e,0x53,0x5f,0x37,0x55,0x6e,0x4d,0x65,0x72,0x67,0x65,0x49,
0x4e,0x53,0x34,0x5f,0x49,0x4a,0x69,0x4e,0x53,0x5f,0x31,0x37,0x69,0x6e,0x74,0x65,
0x67,0x72,0x61,0x6c,0x5f,0x63,0x6f,0x6e,0x73,0x74,0x61,0x6e,0x74,0x49,0x69,0x4c,
0x69,0x31,0x45,0x45,0x45,0x4e,0x53,0x58,0x5f,0x49,0x69,0x4c,0x69,0x32,0x45,0x45,
0x45,0x4e,0x53,0x58,0x5f,0x49,0x69,0x4c,0x69,0x38,0x45,0x45,0x45,0x45,0x45,0x45,
0x4c,0x62,0x30,0x45,0x45,0x45,0x4e,0x53,0x57,0x5f,0x49,0x4e,0x53,0x34,0x5f,0x49,
0x4a,0x69,0x4e,0x53,0x58,0x5f,0x49,0x69,0x4c,0x69,0x34,0x45,0x45,0x45,0x4e,0x53,
0x58,0x5f,0x49,0x69,0x4c,0x69,0x31,0x36,0x45,0x45,0x45,0x45,0x45,0x45,0x4c,0x62,
0x30,0x45,0x45,0x45,0x45,0x45,0x45,0x4e,0x53,0x34,0x5f,0x49,0x4a,0x4e,0x53,0x42,
0x5f,0x49,0x4a,0x4c,0x69,0x30,0x45,0x45,0x45,0x45,0x4e,0x53,0x42,0x5f,0x49,0x4a,
0x4c,0x69,0x31,0x45,0x45,0x45,0x45,0x4e,0x53,0x42,0x5f,0x49,0x4a,0x4c,0x69,0x32,
0x45,0x45,0x45,0x45,0x4e,0x53,0x42,0x5f,0x49,0x4a,0x4c,0x69,0x33,0x45,0x45,0x45,
0x45,0x4e,0x53,0x42,0x5f,0x49,0x4a,0x4c,0x69,0x34,0x45,0x45,0x45,0x45,0x4e,0x53,
0x42,0x5f,0x49,0x4a,0x4c,0x69,0x36,0x45,0x45,0x45,0x45,0x4e,0x53,0x42,0x5f,0x49,
0x4a,0x4c,0x69,0x35,0x45,0x45,0x45,0x45,0x45,0x45,0x45,0x4e,0x53,0x34,0x5f,0x49,
0x4a,0x4e,0x53,0x42,0x5f,0x49,0x4a,0x4c,0x69,0x31,0x45,0x4c,0x69,0x32,0x45,0x45,
0x45,0x45,0x53,0x31,0x42,0x5f,0x53,0x31,0x43,0x5f,0x53,0x31,0x45,0x5f,0x53,0x31,
0x44,0x5f,0x4e,0x53,0x42,0x5f,0x49,0x4a,0x4c,0x69,0x37,0x45,0x4c,0x69,0x38,0x45,
0x4c,0x69,0x39,0x45,0x4c,0x69,0x31,0x30,0x45,0x45,0x45,0x45,0x4e,0x53,0x42,0x5f,
0x49,0x4a,0x4c,0x69,0x31,0x31,0x45,0x4c,0x69,0x31,0x32,0x45,0x4c,0x69,0x31,0x33,
0x45,0x45,0x45,0x45,0x45,0x45,0x45,0x4e,0x53,0x42,0x5f,0x49,0x4a,0x4c,0x69,0x37,
0x45,0x4c,0x69,0x31,0x31,0x45,0x4c,0x69,0x31,0x32,0x45,0x4c,0x69,0x38,0x45,0x4c,
0x69,0x39,0x45,0x4c,0x69,0x31,0x33,0x45,0x4c,0x69,0x31,0x30,0x45,0x45,0x45,0x45,
0x78,0x45,0x45,0x4e,0x53,0x4e,0x5f,0x49,0x4e,0x53,0x34,0x5f,0x49,0x4a,0x53,0x51,
0x5f,0x53,0x54,0x5f,0x53,0x54,0x5f,0x53,0x56,0x5f,0x53,0x56,0x5f,0x4e,0x53,0x57,
0x5f,0x49,0x4e,0x53,0x34,0x5f,0x49,0x4a,0x69,0x53,0x31,0x30,0x5f,0x45,0x45,0x45,
0x4c,0x62,0x30,0x45,0x45,0x45,0x4e,0x53,0x5f,0x31,0x31,0x50,0x61,0x73,0x73,0x54,
0x68,0x72,0x6f,0x75,0x67,0x68,0x49,0x69,0x45,0x45,0x45,0x45,0x45,0x53,0x31,0x46,
0x5f,0x4e,0x53,0x34,0x5f,0x49,0x4a,0x53,0x31,0x47,0x5f,0x53,0x31,0x42,0x5f,0x53,
0x31,0x43,0x5f,0x53,0x31,0x45,0x5f,0x53,0x31,0x44,0x5f,0x4e,0x53,0x42,0x5f,0x49,
0x4a,0x4c,0x69,0x37,0x45,0x4c,0x69,0x38,0x45,0x45,0x45,0x45,0x4e,0x53,0x42,0x5f,
0x49,0x4a,0x4c,0x69,0x39,0x45,0x45,0x45,0x45,0x45,0x45,0x45,0x4e,0x53,0x42,0x5f,
0x49,0x4a,0x4c,0x69,0x37,0x45,0x4c,0x69,0x39,0x45,0x4c,0x69,0x38,0x45,0x45,0x45,
0x45,0x78,0x45,0x45,0x53,0x31,0x56,0x5f,0x4e,0x53,0x4e,0x5f,0x49,0x4e,0x53,0x34,
0x5f,0x49,0x4a,0x53,0x51,0x5f,0x53,0x54,0x5f,0x53,0x54,0x5f,0x53,0x56,0x5f,0x53,
0x56,0x5f,0x45,0x45,0x45,0x4e,0x53,0x34,0x5f,0x49,0x4a,0x53,0x31,0x38,0x5f,0x53,
0x31,0x39,0x5f,0x53,0x31,0x41,0x5f,0x53,0x31,0x42,0x5f,0x53,0x31,0x43,0x5f,0x45,
0x45,0x45,0x4e,0x53,0x34,0x5f,0x49,0x4a,0x53,0x31,0x47,0x5f,0x53,0x31,0x42,0x5f,
0x53,0x31,0x43,0x5f,0x53,0x31,0x45,0x5f,0x53,0x31,0x44,0x5f,0x45,0x45,0x45,0x4e,
0x53,0x42,0x5f,0x49,0x4a,0x4c,0x69,0x35,0x45,0x4c,0x69,0x36,0x45,0x45,0x45,0x45,
0x78,0x45,0x45,0x4c,0x69,0x36,0x34,0x45,0x4c,0x69,0x31,0x39,0x32,0x45,0x4c,0x69,
0x34,0x38,0x45,0x4c,0x69,0x38,0x45,0x4c,0x69,0x38,0x45,0x4c,0x69,0x34,0x38,0x45,
0x4c,0x69,0x36,0x34,0x45,0x4c,0x69,0x38,0x45,0x4c,0x69,0x31,0x36,0x45,0x4c,0x69,
0x31,0x36,0x45,0x4c,0x69,0x31,0x36,0x45,0x4c,0x69,0x31,0x45,0x4c,0x69,0x31,0x32,
0x45,0x4c,0x69,0x33,0x45,0x4c,0x69,0x31,0x32,0x38,0x45,0x53,0x43,0x5f,0x53,0x44,
0x5f,0x53,0x44,0x5f,0x4c,0x69,0x32,0x45,0x4c,0x69,0x38,0x45,0x4c,0x69,0x38,0x45,
0x4c,0x62,0x31,0x45,0x4c,0x62,0x30,0x45,0x4c,0x62,0x31,0x45,0x53,0x43,0x5f,0x53,
0x44,0x5f,0x53,0x44,0x5f,0x4c,0x69,0x32,0x45,0x4c,0x69,0x38,0x45,0x4c,0x69,0x38,
0x45,0x4c,0x62,0x31,0x45,0x4c,0x62,0x31,0x45,0x4c,0x62,0x31,0x45,0x53,0x45,0x5f,
0x53,0x46,0x5f,0x53,0x46,0x5f,0x4c,0x69,0x31,0x45,0x4c,0x69,0x32,0x45,0x4c,0x69,
0x31,0x45,0x4c,0x62,0x30,0x45,0x4c,0x62,0x31,0x45,0x4c,0x62,0x30,0x45,0x4c,0x69,
0x31,0x45,0x4c,0x69,0x31,0x45,0x53,0x47,0x5f,0x4c,0x69,0x38,0x45,0x4c,0x62,0x31,
0x45,0x4c,0x62,0x30,0x45,0x4c,0x69,0x31,0x45,0x4c,0x53,0x49,0x5f,0x30,0x45,0x4c,
0x53,0x4a,0x5f,0x30,0x45,0x45,0x45,0x44,0x46,0x31,0x36,0x5f,0x44,0x46,0x31,0x36,
0x5f,0x44,0x46,0x31,0x36,0x5f,0x44,0x46,0x31,0x36,0x5f,0x53,0x37,0x5f,0x53,0x37,
0x5f,0x53,0x38,0x5f,0x53,0x37,0x5f,0x53,0x37,0x5f,0x4c,0x62,0x30,0x45,0x45,0x45,
0x76,0x50,0x50,0x4b,0x54,0x31,0x5f,0x50,0x50,0x4b,0x54,0x32,0x5f,0x50,0x50,0x4b,
0x54,0x33,0x5f,0x50,0x50,0x54,0x34,0x5f,0x69,0x69,0x69,0x69,0x69,0x66,0x2e,0x6b,
0x64,0x00,0x2e,0x72,0x6f,0x64,0x61,0x74,0x61,0x2e,0x5f,0x5a,0x54,0x56,0x53,0x64,
0x00,0x5f,0x5a,0x4e,0x32,0x63,0x6b,0x31,0x36,0x74,0x65,0x6e,0x73,0x6f,0x72,0x5f,
0x6f,0x70,0x65,0x72,0x61,0x74,0x69,0x6f,0x6e,0x36,0x64,0x65,0x76,0x69,0x63,0x65,
0x34,0x31,0x6b,0x65,0x72,0x6e,0x65,0x6c,0x5f,0x6d,0x75,0x6c,0x74,0x69,0x5f,0x68,
0x65,0x61,0x64,0x5f,0x61,0x74,0x74,0x65,0x6e,0x74,0x69,0x6f,0x6e,0x5f,0x77,0x6d,
0x6d,0x61,0x5f,0x75,0x6e,0x70,0x61,0x63,0x6b,0x65,0x64,0x49,0x4e,0x53,0x31,0x5f,
0x34,0x39,0x44,0x65,0x76,0x69,0x63,0x65,0x42,0x61,0x74,0x63,0x68,0x65,0x64,0x47,
0x65,0x6d,0x6d,0x53,0x6f,0x66,0x74,0x6d,0x61,0x78,0x47,0x65,0x6d,0x6d,0x50,0x65,
0x72,0x6d,0x75,0x74,0x65,0x5f,0x57,0x6d,0x6d,0x61,0x5f,0x43,0x53,0x68,0x75,0x66,
0x66,0x6c,0x65,0x49,0x4c,0x69,0x32,0x45,0x4c,0x69,0x31,0x45,0x4c,0x69,0x31,0x45,
0x4c,0x69,0x31,0x45,0x4c,0x69,0x31,0x45,0x44,0x46,0x31,0x36,0x5f,0x44,0x46,0x31,
0x36,0x5f,0x44,0x46,0x31,0x36,0x5f,0x44,0x46,0x31,0x36,0x5f,0x4e,0x53,0x5f,0x35,
0x54,0x75,0x70,0x6c,0x65,0x49,0x4a,0x45,0x45,0x45,0x66,0x53,0x35,0x5f,0x66,0x66,
0x4e,0x53,0x30,0x5f,0x31,0x32,0x65,0x6c,0x65,0x6d,0x65,0x6e,0x74,0x5f,0x77,0x69,
0x73,0x65,0x31,0x31,0x50,0x61,0x73,0x73,0x54,0x68,0x72,0x6f,0x75,0x67,0x68,0x45,
0x53,0x37,0x5f,0x4e,0x53,0x36,0x5f,0x35,0x53,0x63,0x61,0x6c,0x65,0x45,0x53,0x37,
0x5f,0x53,0x37,0x5f,0x4c,0x4e,0x53,0x31,0x5f,0x31,0x38,0x47,0x65,0x6d,0x6d,0x53,
0x70,0x65,0x63,0x69,0x61,0x6c,0x69,0x7a,0x61,0x74,0x69,0x6f,0x6e,0x45,0x31,0x35,
0x45,0x4c,0x4e,0x53,0x31,0x5f,0x32,0x30,0x54,0x65,0x6e,0x73,0x6f,0x72,0x53,0x70,
0x65,0x63,0x69,0x61,0x6c,0x69,0x7a,0x61,0x74,0x69,0x6f,0x6e,0x45,0x30,0x45,0x4c,
0x53,0x41,0x5f,0x30,0x45,0x4c,0x53,0x41,0x5f,0x30,0x45,0x4c,0x53,0x41,0x5f,0x30,
0x45,0x4c,0x69,0x31,0x45,0x4c,0x69,0x31,0x32,0x38,0x45,0x4c,0x69,0x36,0x34,0x45,
0x4c,0x69,0x31,0x39,0x32,0x45,0x4c,0x69,0x34,0x38,0x45,0x4c,0x69,0x38,0x45,0x4c,
0x69,0x38,0x45,0x4c,0x69,0x34,0x38,0x45,0x4c,0x69,0x36,0x34,0x45,0x4c,0x69,0x38,
0x45,0x4c,0x69,0x31,0x36,0x45,0x4c,0x69,0x31,0x36,0x45,0x4c,0x69,0x31,0x36,0x45,
0x4c,0x69,0x31,0x45,0x4c,0x69,0x31,0x32,0x45,0x4c,0x69,0x33,0x45,0x4e,0x53,0x5f,
0x38,0x53,0x65,0x71,0x75,0x65,0x6e,0x63,0x65,0x49,0x4a,0x4c,0x69,0x32,0x45,0x4c,
0x69,0x36,0x34,0x45,0x4c,0x69,0x31,0x45,0x45,0x45,0x45,0x4e,0x53,0x42,0x5f,0x49,
0x4a,0x4c,0x69,0x31,0x45,0x4c,0x69,0x30,0x45,0x4c,0x69,0x32,0x45,0x45,0x45,0x45,
0x53,0x44,0x5f,0x4c,0x69,0x32,0x45,0x4c,0x69,0x38,0x45,0x4c,0x69,0x38,0x45,0x4c,
0x62,0x31,0x45,0x53,0x43,0x5f,0x53,0x44,0x5f,0x53,0x44,0x5f,0x4c,0x69,0x32,0x45,
0x4c,0x69,0x38,0x45,0x4c,0x69,0x38,0x45,0x4c,0x62,0x31,0x45,0x4e,0x53,0x42,0x5f,
0x49,0x4a,0x4c,0x69,0x32,0x45,0x4c,0x69,0x38,0x45,0x4c,0x69,0x38,0x45,0x45,0x45,
0x45,0x4e,0x53,0x42,0x5f,0x49,0x4a,0x4c,0x69,0x30,0x45,0x4c,0x69,0x32,0x45,0x4c,
0x69,0x31,0x45,0x45,0x45,0x45,0x53,0x46,0x5f,0x4c,0x69,0x31,0x45,0x4c,0x69,0x32,
0x45,0x4c,0x69,0x31,0x45,0x4c,0x62,0x30,0x45,0x4c,0x69,0x31,0x45,0x4c,0x69,0x31,
0x45,0x4e,0x53,0x42,0x5f,0x49,0x4a,0x4c,0x69,0x31,0x45,0x4c,0x69,0x36,0x34,0x45,
0x4c,0x69,0x31,0x45,0x4c,0x69,0x32,0x45,0x45,0x45,0x45,0x4c,0x69,0x38,0x45,0x4c,
0x4e,0x53,0x31,0x5f,0x32,0x31,0x4d,0x61,0x73,0x6b,0x69,0x6e,0x67,0x53,0x70,0x65,
0x63,0x69,0x61,0x6c,0x69,0x7a,0x61,0x74,0x69,0x6f,0x6e,0x45,0x30,0x45,0x4c,0x4e,
0x53,0x5f,0x31,0x33,0x4c,0x6f,0x6f,0x70,0x53,0x63,0x68,0x65,0x64,0x75,0x6c,0x65,
0x72,0x45,0x30,0x45,0x4c,0x4e,0x53,0x5f,0x31,0x35,0x50,0x69,0x70,0x65,0x6c,0x69,
0x6e,0x65,0x56,0x65,0x72,0x73,0x69,0x6f,0x6e,0x45,0x30,0x45,0x45,0x45,0x4e,0x53,
0x5f,0x33,0x35,0x47,0x72,0x69,0x64,0x77,0x69,0x73,0x65,0x42,0x61,0x74,0x63,0x68,
0x65,0x64,0x47,0x65,0x6d,0x6d,0x53,0x6f,0x66,0x74,0x6d,0x61,0x78,0x47,0x65,0x6d,
0x6d,0x5f,0x57,0x6d,0x6d,0x61,0x49,0x44,0x46,0x31,0x36,0x5f,0x44,0x46,0x31,0x36,
0x5f,0x66,0x44,0x46,0x31,0x36,0x5f,0x66,0x66,0x44,0x46,0x31,0x36,0x5f,0x53,0x37,
0x5f,0x53,0x37,0x5f,0x53,0x38,0x5f,0x53,0x37,0x5f,0x53,0x37,0x5f,0x4c,0x4e,0x53,
0x5f,0x32,0x35,0x49,0x6e,0x4d,0x65,0x6d,0x6f,0x72,0x79,0x44,0x61,0x74,0x61,0x4f,
0x70,0x65,0x72,0x61,0x74,0x69,0x6f,0x6e,0x45,0x6e,0x75,0x6d,0x45,0x30,0x45,0x4e,
0x53,0x5f,0x31,0x36,0x54,0x65,0x6e,0x73,0x6f,0x72,0x44,0x65,0x73,0x63,0x72,0x69,
0x70,0x74,0x6f,0x72,0x49,0x4e,0x53,0x34,0x5f,0x49,0x4a,0x4e,0x53,0x5f,0x35,0x45,
0x6d,0x62,0x65,0x64,0x49,0x4e,0x53,0x34,0x5f,0x49,0x4a,0x69,0x69,0x45,0x45,0x45,
0x53,0x50,0x5f,0x4c,0x62,0x30,0x45,0x45,0x45,0x4e,0x53,0x5f,0x32,0x33,0x4d,0x65,
0x72,0x67,0x65,0x5f,0x76,0x32,0x5f,0x6d,0x61,0x67,0x69,0x63,0x5f,0x64,0x69,0x76,
0x69,0x73,0x69,0x6f,0x6e,0x49,0x4e,0x53,0x34,0x5f,0x49,0x4a,0x69,0x45,0x45,0x45,
0x45,0x45,0x53,0x54,0x5f,0x4e,0x53,0x5f,0x38,0x52,0x69,0x67,0x68,0x74,0x50,0x61,
0x64,0x49,0x69,0x69,0x4c,0x62,0x30,0x45,0x45,0x45,0x53,0x56,0x5f,0x4e,0x53,0x5f,
0x37,0x55,0x6e,0x4d,0x65,0x72,0x67,0x65,0x49,0x4e,0x53,0x34,0x5f,0x49,0x4a,0x69,
0x4e,0x53,0x5f,0x31,0x37,0x69,0x6e,0x74,0x65,0x67,0x72,0x61,0x6c,0x5f,0x63,0x6f,
0x6e,0x73,0x74,0x61,0x6e,0x74,0x49,0x69,0x4c,0x69,0x31,0x45,0x45,0x45,0x4e,0x53,
0x58,0x5f,0x49,0x69,0x4c,0x69,0x32,0x45,0x45,0x45,0x4e,0x53,0x58,0x5f,0x49,0x69,
0x4c,0x69,0x38,0x45,0x45,0x45,0x45,0x45,0x45,0x4c,0x62,0x30,0x45,0x45,0x45,0x4e,
0x53,0x57,0x5f,0x49,0x4e,0x53,0x34,0x5f,0x49,0x4a,0x69,0x4e,0x53,0x58,0x5f,0x49,
0x69,0x4c,0x69,0x34,0x45,0x45,0x45,0x4e,0x53,0x58,0x5f,0x49,0x69,0x4c,0x69,0x31,
0x36,0x45,0x45,0x45,0x45,0x45,0x45,0x4c,0x62,0x30,0x45,0x45,0x45,0x45,0x45,0x45,
0x4e,0x53,0x34,0x5f,0x49,0x4a,0x4e,0x53,0x42,0x5f,0x49,0x4a,0x4c,0x69,0x30,0x45,
0x45,0x45,0x45,0x4e,0x53,0x42,0x5f,0x49,0x4a,0x4c,0x69,0x31,0x45,0x45,0x45,0x45,
0x4e,0x53,0x42,0x5f,0x49,0x4a,0x4c,0x69,0x32,0x45,0x45,0x45,0x45,0x4e,0x53,0x42,
0x5f,0x49,0x4a,0x4c,0x69,0x33,0x45,0x45,0x45,0x45,0x4e,0x53,0x42,0x5f,0x49,0x4a,
0x4c,0x69,0x34,0x45,0x45,0x45,0x45,0x4e,0x53,0x42,0x5f,0x49,0x4a,0x4c,0x69,0x36,
0x45,0x45,0x45,0x45,0x4e,0x53,0x42,0x5f,0x49,0x4a,0x4c,0x69,0x35,0x45,0x45,0x45,
0x45,0x45,0x45,0x45,0x4e,0x53,0x34,0x5f,0x49,0x4a,0x4e,0x53,0x42,0x5f,0x49,0x4a,
0x4c,0x69,0x31,0x45,0x4c,0x69,0x32,0x45,0x45,0x45,0x45,0x53,0x31,0x42,0x5f,0x53,
0x31,0x43,0x5f,0x53,0x31,0x45,0x5f,0x53,0x31,0x44,0x5f,0x4e,0x53,0x42,0x5f,0x49,
0x4a,0x4c,0x69,0x37,0x45,0x4c,0x69,0x38,0x45,0x4c,0x69,0x39,0x45,0x4c,0x69,0x31,
0x30,0x45,0x45,0x45,0x45,0x4e,0x53,0x42,0x5f,0x49,0x4a,0x4c,0x69,0x31,0x31,0x45,
0x4c,0x69,0x31,0x32,0x45,0x4c,0x69,0x31,0x33,0x45,0x45,0x45,0x45,0x45,0x45,0x45,
0x4e,0x53,0x42,0x5f,0x49,0x4a,0x4c,0x69,0x37,0x45,0x4c,0x69,0x31,0x31,0x45,0x4c,
0x69,0x31,0x32,0x45,0x4c,0x69,0x38,0x45,0x4c,0x69,0x39,0x45,0x4c,0x69,0x31,0x33,
0x45,0x4c,0x69,0x31,0x30,0x45,0x45,0x45,0x45,0x78,0x45,0x45,0x4e,0x53,0x4e,0x5f,
0x49,0x4e,0x53,0x34,0x5f,0x49,0x4a,0x53,0x51,0x5f,0x53,0x54,0x5f,0x53,0x54,0x5f,
0x53,0x56,0x5f,0x53,0x56,0x5f,0x4e,0x53,0x57,0x5f,0x49,0x4e,0x53,0x34,0x5f,0x49,
0x4a,0x69,0x53,0x31,0x30,0x5f,0x45,0x45,0x45,0x4c,0x62,0x30,0x45,0x45,0x45,0x4e,
0x53,0x5f,0x31,0x31,0x50,0x61,0x73,0x73,0x54,0x68,0x72,0x6f,0x75,0x67,0x68,0x49,
0x69,0x45,0x45,0x45,0x45,0x45,0x53,0x31,0x46,0x5f,0x4e,0x53,0x34,0x5f,0x49,0x4a,
0x53,0x31,0x47,0x5f,0x53,0x31,0x42,0x5f,0x53,0x31,0x43,0x5f,0x53,0x31,0x45,0x5f,
0x53,0x31,0x44,0x5f,0x4e,0x53,0x42,0x5f,0x49,0x4a,0x4c,0x69,0x37,0x45,0x4c,0x69,
0x38,0x45,0x45,0x45,0x45,0x4e,0x53,0x42,0x5f,0x49,0x4a,0x4c,0x69,0x39,0x45,0x45,
0x45,0x45,0x45,0x45,0x45,0x4e,0x53,0x42,0x5f,0x49,0x4a,0x4c,0x69,0x37,0x45,0x4c,
0x69,0x39,0x45,0x4c,0x69,0x38,0x45,0x45,0x45,0x45,0x78,0x45,0x45,0x53,0x31,0x56,
0x5f,0x4e,0x53,0x4e,0x5f,0x49,0x4e,0x53,0x34,0x5f,0x49,0x4a,0x53,0x51,0x5f,0x53,
0x54,0x5f,0x53,0x54,0x5f,0x53,0x56,0x5f,0x53,0x56,0x5f,0x45,0x45,0x45,0x4e,0x53,
0x34,0x5f,0x49,0x4a,0x53,0x31,0x38,0x5f,0x53,0x31,0x39,0x5f,0x53,0x31,0x41,0x5f,
0x53,0x31,0x42,0x5f,0x53,0x31,0x43,0x5f,0x45,0x45,0x45,0x4e,0x53,0x34,0x5f,0x49,
0x4a,0x53,0x31,0x47,0x5f,0x53,0x31,0x42,0x5f,0x53,0x31,0x43,0x5f,0x53,0x31,0x45,
0x5f,0x53,0x31,0x44,0x5f,0x45,0x45,0x45,0x4e,0x53,0x42,0x5f,0x49,0x4a,0x4c,0x69,
0x35,0x45,0x4c,0x69,0x36,0x45,0x45,0x45,0x45,0x78,0x45,0x45,0x4c,0x69,0x36,0x34,
0x45,0x4c,0x69,0x31,0x39,0x32,0x45,0x4c,0x69,0x34,0x38,0x45,0x4c,0x69,0x38,0x45,
0x4c,0x69,0x38,0x45,0x4c,0x69,0x34,0x38,0x45,0x4c,0x69,0x36,0x34,0x45,0x4c,0x69,
0x38,0x45,0x4c,0x69,0x31,0x36,0x45,0x4c,0x69,0x31,0x36,0x45,0x4c,0x69,0x31,0x36,
0x45,0x4c,0x69,0x31,0x45,0x4c,0x69,0x31,0x32,0x45,0x4c,0x69,0x33,0x45,0x4c,0x69,
0x31,0x32,0x38,0x45,0x53,0x43,0x5f,0x53,0x44,0x5f,0x53,0x44,0x5f,0x4c,0x69,0x32,
0x45,0x4c,0x69,0x38,0x45,0x4c,0x69,0x38,0x45,0x4c,0x62,0x31,0x45,0x4c,0x62,0x30,
0x45,0x4c,0x62,0x31,0x45,0x53,0x43,0x5f,0x53,0x44,0x5f,0x53,0x44,0x5f,0x4c,0x69,
0x32,0x45,0x4c,0x69,0x38,0x45,0x4c,0x69,0x38,0x45,0x4c,0x62,0x31,0x45,0x4c,0x62,
0x31,0x45,0x4c,0x62,0x31,0x45,0x53,0x45,0x5f,0x53,0x46,0x5f,0x53,0x46,0x5f,0x4c,
0x69,0x31,0x45,0x4c,0x69,0x32,0x45,0x4c,0x69,0x31,0x45,0x4c,0x62,0x30,0x45,0x4c,
0x62,0x31,0x45,0x4c,0x62,0x30,0x45,0x4c,0x69,0x31,0x45,0x4c,0x69,0x31,0x45,0x53,
0x47,0x5f,0x4c,0x69,0x38,0x45,0x4c,0x62,0x31,0x45,0x4c,0x62,0x30,0x45,0x4c,0x69,
0x31,0x45,0x4c,0x53,0x49,0x5f,0x30,0x45,0x4c,0x53,0x4a,0x5f,0x30,0x45,0x45,0x45,
0x44,0x46,0x31,0x36,0x5f,0x44,0x46,0x31,0x36,0x5f,0x44,0x46,0x31,0x36,0x5f,0x44,
0x46,0x31,0x36,0x5f,0x53,0x37,0x5f,0x53,0x37,0x5f,0x53,0x38,0x5f,0x53,0x37,0x5f,
0x53,0x37,0x5f,0x4c,0x62,0x30,0x45,0x45,0x45,0x76,0x50,0x50,0x4b,0x54,0x31,0x5f,
0x50,0x50,0x4b,0x54,0x32,0x5f,0x50,0x50,0x4b,0x54,0x33,0x5f,0x50,0x50,0x54,0x34,
0x5f,0x69,0x69,0x69,0x69,0x69,0x66,0x2e,0x75,0x73,0x65,0x73,0x5f,0x76,0x63,0x63,
0x00,0x2e,0x73,0x74,0x72,0x74,0x61,0x62,0x00,0x2e,0x73,0x79,0x6d,0x74,0x61,0x62,
0x00,0x2e,0x41,0x4d,0x44,0x47,0x50,0x55,0x2e,0x63,0x73,0x64,0x61,0x74,0x61,0x00,
0x2e,0x72,0x65,0x6c,0x61,0x2e,0x72,0x6f,0x64,0x61,0x74,0x61,0x00,0x2e,0x72,0x6f,
0x64,0x61,0x74,0x61,0x2e,0x5f,0x5a,0x4e,0x32,0x63,0x6b,0x31,0x36,0x74,0x65,0x6e,
0x73,0x6f,0x72,0x5f,0x6f,0x70,0x65,0x72,0x61,0x74,0x69,0x6f,0x6e,0x36,0x30,0x54,
0x72,0x61,0x6e,0x73,0x66,0x6f,0x72,0x6d,0x42,0x61,0x74,0x63,0x68,0x65,0x64,0x43,
0x6f,0x6e,0x74,0x72,0x61,0x63,0x74,0x69,0x6f,0x6e,0x43,0x6f,0x6e,0x74,0x72,0x61,
0x63,0x74,0x69,0x6f,0x6e,0x54,0x6f,0x42,0x61,0x74,0x63,0x68,0x65,0x64,0x47,0x65,
0x6d,0x6d,0x47,0x65,0x6d,0x6d,0x5f,0x57,0x6d,0x6d,0x61,0x49,0x4e,0x53,0x5f,0x38,
0x53,0x65,0x71,0x75,0x65,0x6e,0x63,0x65,0x49,0x4a,0x4c,0x69,0x32,0x45,0x4c,0x69,
0x31,0x45,0x4c,0x69,0x31,0x45,0x4c,0x69,0x31,0x45,0x4c,0x69,0x31,0x45,0x45,0x45,
0x45,0x4e,0x53,0x32,0x5f,0x49,0x4a,0x4c,0x69,0x36,0x34,0x45,0x4c,0x69,0x31,0x39,
0x32,0x45,0x4c,0x69,0x34,0x38,0x45,0x4c,0x69,0x34,0x38,0x45,0x45,0x45,0x45,0x4c,
0x4e,0x53,0x30,0x5f,0x36,0x64,0x65,0x76,0x69,0x63,0x65,0x31,0x38,0x47,0x65,0x6d,
0x6d,0x53,0x70,0x65,0x63,0x69,0x61,0x6c,0x69,0x7a,0x61,0x74,0x69,0x6f,0x6e,0x45,
0x31,0x35,0x45,0x4c,0x4e,0x53,0x35,0x5f,0x32,0x30,0x54,0x65,0x6e,0x73,0x6f,0x72,
0x53,0x70,0x65,0x63,0x69,0x61,0x6c,0x69,0x7a,0x61,0x74,0x69,0x6f,0x6e,0x45,0x30,
0x45,0x4c,0x53,0x37,0x5f,0x30,0x45,0x4c,0x53,0x37,0x5f,0x30,0x45,0x4c,0x53,0x37,
0x5f,0x30,0x45,0x45,0x31,0x33,0x6d,0x61,0x74,0x72,0x69,0x78,0x5f,0x70,0x61,0x64,
0x64,0x65,0x72,0x45,0x00,0x2e,0x72,0x6f,0x64,0x61,0x74,0x61,0x2e,0x5f,0x5a,0x54,
0x43,0x53,0x74,0x31,0x34,0x62,0x61,0x73,0x69,0x63,0x5f,0x69,0x6f,0x73,0x74,0x72,
0x65,0x61,0x6d,0x49,0x77,0x53,0x74,0x31,0x31,0x63,0x68,0x61,0x72,0x5f,0x74,0x72,
0x61,0x69,0x74,0x73,0x49,0x77,0x45,0x45,0x31,0x36,0x5f,0x53,0x74,0x31,0x33,0x62,
0x61,0x73,0x69,0x63,0x5f,0x6f,0x73,0x74,0x72,0x65,0x61,0x6d,0x49,0x77,0x53,0x31,
0x5f,0x45,0x00,0x2e,0x72,0x6f,0x64,0x61,0x74,0x61,0x2e,0x5f,0x5a,0x54,0x43,0x53,
0x74,0x31,0x34,0x62,0x61,0x73,0x69,0x63,0x5f,0x69,0x6f,0x73,0x74,0x72,0x65,0x61,
0x6d,0x49,0x77,0x53,0x74,0x31,0x31,0x63,0x68,0x61,0x72,0x5f,0x74,0x72,0x61,0x69,
0x74,0x73,0x49,0x77,0x45,0x45,0x30,0x5f,0x53,0x74,0x31,0x33,0x62,0x61,0x73,0x69,
0x63,0x5f,0x69,0x73,0x74,0x72,0x65,0x61,0x6d,0x49,0x77,0x53,0x31,0x5f,0x45,0x00,
0x2e,0x72,0x6f,0x64,0x61,0x74,0x61,0x2e,0x5f,0x5a,0x54,0x56,0x53,0x74,0x31,0x34,
0x62,0x61,0x73,0x69,0x63,0x5f,0x69,0x6f,0x73,0x74,0x72,0x65,0x61,0x6d,0x49,0x77,
0x53,0x74,0x31,0x31,0x63,0x68,0x61,0x72,0x5f,0x74,0x72,0x61,0x69,0x74,0x73,0x49,
0x77,0x45,0x45,0x00,0x2e,0x72,0x6f,0x64,0x61,0x74,0x61,0x2e,0x5f,0x5a,0x54,0x56,
0x53,0x74,0x31,0x33,0x62,0x61,0x73,0x69,0x63,0x5f,0x6f,0x73,0x74,0x72,0x65,0x61,
0x6d,0x49,0x77,0x53,0x74,0x31,0x31,0x63,0x68,0x61,0x72,0x5f,0x74,0x72,0x61,0x69,
0x74,0x73,0x49,0x77,0x45,0x45,0x00,0x2e,0x72,0x6f,0x64,0x61,0x74,0x61,0x2e,0x5f,
0x5a,0x54,0x56,0x53,0x74,0x31,0x33,0x62,0x61,0x73,0x69,0x63,0x5f,0x69,0x73,0x74,
0x72,0x65,0x61,0x6d,0x49,0x77,0x53,0x74,0x31,0x31,0x63,0x68,0x61,0x72,0x5f,0x74,
0x72,0x61,0x69,0x74,0x73,0x49,0x77,0x45,0x45,0x00,0x5f,0x5f,0x68,0x69,0x70,0x5f,
0x63,0x75,0x69,0x64,0x5f,0x36,0x64,0x65,0x35,0x66,0x35,0x39,0x38,0x37,0x34,0x64,
0x34,0x39,0x35,0x63,0x36,0x00,0x43,0x6c,0x61,0x6e,0x67,0x20,0x32,0x31,0x2e,0x30,
0x2e,0x30,0x20,0x6f,0x6e,0x20,0x57,0x69,0x6e,0x64,0x6f,0x77,0x73,0x0d,0x0a,0x00,
0x00,0x00,0x00,0x00,0x00,0x00,0x00,0x00,0x00,0x00,0x00,0x00,0x00,0x00,0x00,0x00,
0x00,0x00,0x00,0x00,0x00,0x00,0x00,0x00,0x00,0x00,0x00,0x00,0x00,0x00,0x00,0x00,
0x00,0x00,0x00,0x00,0x00,0x00,0x00,0x00,0x00,0x00,0x00,0x00,0x00,0x00,0x00,0x00,
0x00,0x00,0x00,0x00,0x00,0x00,0x00,0x00,0x00,0x00,0x00,0x00,0x00,0x00,0x00,0x00,
0x20,0x50,0x00,0x00,0x03,0x00,0x00,0x00,0x00,0x00,0x00,0x00,0x00,0x00,0x00,0x00,
0x00,0x00,0x00,0x00,0x00,0x00,0x00,0x00,0x31,0xa1,0x00,0x00,0x00,0x00,0x00,0x00,
0xa5,0x52,0x00,0x00,0x00,0x00,0x00,0x00,0x00,0x00,0x00,0x00,0x00,0x00,0x00,0x00,
0x01,0x00,0x00,0x00,0x00,0x00,0x00,0x00,0x00,0x00,0x00,0x00,0x00,0x00,0x00,0x00,
0x01,0x00,0x00,0x00,0x01,0x00,0x00,0x00,0x06,0x00,0x00,0x00,0x00,0x00,0x00,0x00,
0x00,0x00,0x00,0x00,0x00,0x00,0x00,0x00,0x80,0x00,0x00,0x00,0x00,0x00,0x00,0x00,
0x80,0x01,0x00,0x00,0x00,0x00,0x00,0x00,0x00,0x00,0x00,0x00,0x00,0x00,0x00,0x00,
0x80,0x00,0x00,0x00,0x00,0x00,0x00,0x00,0x00,0x00,0x00,0x00,0x00,0x00,0x00,0x00,
0xfb,0x15,0x00,0x00,0x11,0x00,0x00,0x00,0x00,0x00,0x00,0x00,0x00,0x00,0x00,0x00,
0x00,0x00,0x00,0x00,0x00,0x00,0x00,0x00,0xfc,0x9d,0x00,0x00,0x00,0x00,0x00,0x00,
0x0c,0x00,0x00,0x00,0x00,0x00,0x00,0x00,0x24,0x00,0x00,0x00,0x0d,0x00,0x00,0x00,
0x04,0x00,0x00,0x00,0x00,0x00,0x00,0x00,0x04,0x00,0x00,0x00,0x00,0x00,0x00,0x00,
0x4c,0x33,0x00,0x00,0x01,0x00,0x00,0x00,0x06,0x02,0x00,0x00,0x00,0x00,0x00,0x00,
0x00,0x00,0x00,0x00,0x00,0x00,0x00,0x00,0x00,0x02,0x00,0x00,0x00,0x00,0x00,0x00,
0xc8,0x82,0x00,0x00,0x00,0x00,0x00,0x00,0x00,0x00,0x00,0x00,0x00,0x00,0x00,0x00,
0x00,0x01,0x00,0x00,0x00,0x00,0x00,0x00,0x00,0x00,0x00,0x00,0x00,0x00,0x00,0x00,
0x47,0x33,0x00,0x00,0x04,0x00,0x00,0x00,0x00,0x02,0x00,0x00,0x00,0x00,0x00,0x00,
0x00,0x00,0x00,0x00,0x00,0x00,0x00,0x00,0xe8,0xa0,0x00,0x00,0x00,0x00,0x00,0x00,
0x30,0x00,0x00,0x00,0x00,0x00,0x00,0x00,0x24,0x00,0x00,0x00,0x04,0x00,0x00,0x00,
0x08,0x00,0x00,0x00,0x00,0x00,0x00,0x00,0x18,0x00,0x00,0x00,0x00,0x00,0x00,0x00,
0x44,0x50,0x00,0x00,0x01,0x00,0x00,0x00,0x02,0x00,0x00,0x00,0x00,0x00,0x00,0x00,
0x00,0x00,0x00,0x00,0x00,0x00,0x00,0x00,0x00,0x85,0x00,0x00,0x00,0x00,0x00,0x00,
0x40,0x00,0x00,0x00,0x00,0x00,0x00,0x00,0x00,0x00,0x00,0x00,0x00,0x00,0x00,0x00,
0x40,0x00,0x00,0x00,0x00,0x00,0x00,0x00,0x00,0x00,0x00,0x00,0x00,0x00,0x00,0x00,
0x3f,0x50,0x00,0x00,0x04,0x00,0x00,0x00,0x40,0x00,0x00,0x00,0x00,0x00,0x00,0x00,
0x00,0x00,0x00,0x00,0x00,0x00,0x00,0x00,0x18,0xa1,0x00,0x00,0x00,0x00,0x00,0x00,
0x18,0x00,0x00,0x00,0x00,0x00,0x00,0x00,0x24,0x00,0x00,0x00,0x06,0x00,0x00,0x00,
0x08,0x00,0x00,0x00,0x00,0x00,0x00,0x00,0x18,0x00,0x00,0x00,0x00,0x00,0x00,0x00,
0x30,0x50,0x00,0x00,0x01,0x00,0x00,0x00,0x00,0x00,0x00,0x00,0x00,0x00,0x00,0x00,
0x00,0x00,0x00,0x00,0x00,0x00,0x00,0x00,0x40,0x85,0x00,0x00,0x00,0x00,0x00,0x00,
0x00,0x00,0x00,0x00,0x00,0x00,0x00,0x00,0x00,0x00,0x00,0x00,0x00,0x00,0x00,0x00,
0x01,0x00,0x00,0x00,0x00,0x00,0x00,0x00,0x00,0x00,0x00,0x00,0x00,0x00,0x00,0x00,
0x15,0x00,0x00,0x00,0x01,0x00,0x00,0x00,0x00,0x00,0x00,0x00,0x00,0x00,0x00,0x00,
0x00,0x00,0x00,0x00,0x00,0x00,0x00,0x00,0x40,0x85,0x00,0x00,0x00,0x00,0x00,0x00,
0x00,0x00,0x00,0x00,0x00,0x00,0x00,0x00,0x00,0x00,0x00,0x00,0x00,0x00,0x00,0x00,
0x01,0x00,0x00,0x00,0x00,0x00,0x00,0x00,0x00,0x00,0x00,0x00,0x00,0x00,0x00,0x00,
0xfb,0x15,0x00,0x00,0x11,0x00,0x00,0x00,0x00,0x00,0x00,0x00,0x00,0x00,0x00,0x00,
0x00,0x00,0x00,0x00,0x00,0x00,0x00,0x00,0x08,0x9e,0x00,0x00,0x00,0x00,0x00,0x00,
0x08,0x00,0x00,0x00,0x00,0x00,0x00,0x00,0x24,0x00,0x00,0x00,0x10,0x00,0x00,0x00,
0x04,0x00,0x00,0x00,0x00,0x00,0x00,0x00,0x04,0x00,0x00,0x00,0x00,0x00,0x00,0x00,
0x16,0x16,0x00,0x00,0x01,0x00,0x00,0x00,0x02,0x02,0x00,0x00,0x00,0x00,0x00,0x00,
0x00,0x00,0x00,0x00,0x00,0x00,0x00,0x00,0x40,0x85,0x00,0x00,0x00,0x00,0x00,0x00,
0x50,0x00,0x00,0x00,0x00,0x00,0x00,0x00,0x00,0x00,0x00,0x00,0x00,0x00,0x00,0x00,
0x08,0x00,0x00,0x00,0x00,0x00,0x00,0x00,0x00,0x00,0x00,0x00,0x00,0x00,0x00,0x00,
0xfb,0x15,0x00,0x00,0x11,0x00,0x00,0x00,0x00,0x00,0x00,0x00,0x00,0x00,0x00,0x00,
0x00,0x00,0x00,0x00,0x00,0x00,0x00,0x00,0x10,0x9e,0x00,0x00,0x00,0x00,0x00,0x00,
0x08,0x00,0x00,0x00,0x00,0x00,0x00,0x00,0x24,0x00,0x00,0x00,0x11,0x00,0x00,0x00,
0x04,0x00,0x00,0x00,0x00,0x00,0x00,0x00,0x04,0x00,0x00,0x00,0x00,0x00,0x00,0x00,
0x23,0x52,0x00,0x00,0x01,0x00,0x00,0x00,0x02,0x02,0x00,0x00,0x00,0x00,0x00,0x00,
0x00,0x00,0x00,0x00,0x00,0x00,0x00,0x00,0x90,0x85,0x00,0x00,0x00,0x00,0x00,0x00,
0x50,0x00,0x00,0x00,0x00,0x00,0x00,0x00,0x00,0x00,0x00,0x00,0x00,0x00,0x00,0x00,
0x08,0x00,0x00,0x00,0x00,0x00,0x00,0x00,0x00,0x00,0x00,0x00,0x00,0x00,0x00,0x00,
0xfb,0x15,0x00,0x00,0x11,0x00,0x00,0x00,0x00,0x00,0x00,0x00,0x00,0x00,0x00,0x00,
0x00,0x00,0x00,0x00,0x00,0x00,0x00,0x00,0x18,0x9e,0x00,0x00,0x00,0x00,0x00,0x00,
0x08,0x00,0x00,0x00,0x00,0x00,0x00,0x00,0x24,0x00,0x00,0x00,0x12,0x00,0x00,0x00,
0x04,0x00,0x00,0x00,0x00,0x00,0x00,0x00,0x04,0x00,0x00,0x00,0x00,0x00,0x00,0x00,
0xf1,0x2b,0x00,0x00,0x01,0x00,0x00,0x00,0x02,0x02,0x00,0x00,0x00,0x00,0x00,0x00,
0x00,0x00,0x00,0x00,0x00,0x00,0x00,0x00,0xe0,0x85,0x00,0x00,0x00,0x00,0x00,0x00,
0x50,0x00,0x00,0x00,0x00,0x00,0x00,0x00,0x00,0x00,0x00,0x00,0x00,0x00,0x00,0x00,
0x08,0x00,0x00,0x00,0x00,0x00,0x00,0x00,0x00,0x00,0x00,0x00,0x00,0x00,0x00,0x00,
0xfb,0x15,0x00,0x00,0x11,0x00,0x00,0x00,0x00,0x00,0x00,0x00,0x00,0x00,0x00,0x00,
0x00,0x00,0x00,0x00,0x00,0x00,0x00,0x00,0x20,0x9e,0x00,0x00,0x00,0x00,0x00,0x00,
0x08,0x00,0x00,0x00,0x00,0x00,0x00,0x00,0x24,0x00,0x00,0x00,0x13,0x00,0x00,0x00,
0x04,0x00,0x00,0x00,0x00,0x00,0x00,0x00,0x04,0x00,0x00,0x00,0x00,0x00,0x00,0x00,
0x56,0x52,0x00,0x00,0x01,0x00,0x00,0x00,0x02,0x02,0x00,0x00,0x00,0x00,0x00,0x00,
0x00,0x00,0x00,0x00,0x00,0x00,0x00,0x00,0x30,0x86,0x00,0x00,0x00,0x00,0x00,0x00,
0x50,0x00,0x00,0x00,0x00,0x00,0x00,0x00,0x00,0x00,0x00,0x00,0x00,0x00,0x00,0x00,
0x08,0x00,0x00,0x00,0x00,0x00,0x00,0x00,0x00,0x00,0x00,0x00,0x00,0x00,0x00,0x00,
0xfb,0x15,0x00,0x00,0x11,0x00,0x00,0x00,0x00,0x00,0x00,0x00,0x00,0x00,0x00,0x00,
0x00,0x00,0x00,0x00,0x00,0x00,0x00,0x00,0x28,0x9e,0x00,0x00,0x00,0x00,0x00,0x00,
0x08,0x00,0x00,0x00,0x00,0x00,0x00,0x00,0x24,0x00,0x00,0x00,0x14,0x00,0x00,0x00,
0x04,0x00,0x00,0x00,0x00,0x00,0x00,0x00,0x04,0x00,0x00,0x00,0x00,0x00,0x00,0x00,
0xe1,0x48,0x00,0x00,0x01,0x00,0x00,0x00,0x02,0x02,0x00,0x00,0x00,0x00,0x00,0x00,
0x00,0x00,0x00,0x00,0x00,0x00,0x00,0x00,0x80,0x86,0x00,0x00,0x00,0x00,0x00,0x00,
0xa0,0x00,0x00,0x00,0x00,0x00,0x00,0x00,0x00,0x00,0x00,0x00,0x00,0x00,0x00,0x00,
0x08,0x00,0x00,0x00,0x00,0x00,0x00,0x00,0x00,0x00,0x00,0x00,0x00,0x00,0x00,0x00,
0xfb,0x15,0x00,0x00,0x11,0x00,0x00,0x00,0x00,0x00,0x00,0x00,0x00,0x00,0x00,0x00,
0x00,0x00,0x00,0x00,0x00,0x00,0x00,0x00,0x30,0x9e,0x00,0x00,0x00,0x00,0x00,0x00,
0x08,0x00,0x00,0x00,0x00,0x00,0x00,0x00,0x24,0x00,0x00,0x00,0x15,0x00,0x00,0x00,
0x04,0x00,0x00,0x00,0x00,0x00,0x00,0x00,0x04,0x00,0x00,0x00,0x00,0x00,0x00,0x00,
0xde,0x2b,0x00,0x00,0x01,0x00,0x00,0x00,0x02,0x02,0x00,0x00,0x00,0x00,0x00,0x00,
0x00,0x00,0x00,0x00,0x00,0x00,0x00,0x00,0x20,0x87,0x00,0x00,0x00,0x00,0x00,0x00,
0x50,0x00,0x00,0x00,0x00,0x00,0x00,0x00,0x00,0x00,0x00,0x00,0x00,0x00,0x00,0x00,
0x08,0x00,0x00,0x00,0x00,0x00,0x00,0x00,0x00,0x00,0x00,0x00,0x00,0x00,0x00,0x00,
0xfb,0x15,0x00,0x00,0x11,0x00,0x00,0x00,0x00,0x00,0x00,0x00,0x00,0x00,0x00,0x00,
0x00,0x00,0x00,0x00,0x00,0x00,0x00,0x00,0x38,0x9e,0x00,0x00,0x00,0x00,0x00,0x00,
0x08,0x00,0x00,0x00,0x00,0x00,0x00,0x00,0x24,0x00,0x00,0x00,0x16,0x00,0x00,0x00,
0x04,0x00,0x00,0x00,0x00,0x00,0x00,0x00,0x04,0x00,0x00,0x00,0x00,0x00,0x00,0x00,
0x02,0x16,0x00,0x00,0x01,0x00,0x00,0x00,0x02,0x02,0x00,0x00,0x00,0x00,0x00,0x00,
0x00,0x00,0x00,0x00,0x00,0x00,0x00,0x00,0x70,0x87,0x00,0x00,0x00,0x00,0x00,0x00,
0x50,0x00,0x00,0x00,0x00,0x00,0x00,0x00,0x00,0x00,0x00,0x00,0x00,0x00,0x00,0x00,
0x08,0x00,0x00,0x00,0x00,0x00,0x00,0x00,0x00,0x00,0x00,0x00,0x00,0x00,0x00,0x00,
0xfb,0x15,0x00,0x00,0x11,0x00,0x00,0x00,0x00,0x00,0x00,0x00,0x00,0x00,0x00,0x00,
0x00,0x00,0x00,0x00,0x00,0x00,0x00,0x00,0x40,0x9e,0x00,0x00,0x00,0x00,0x00,0x00,
0x08,0x00,0x00,0x00,0x00,0x00,0x00,0x00,0x24,0x00,0x00,0x00,0x17,0x00,0x00,0x00,
0x04,0x00,0x00,0x00,0x00,0x00,0x00,0x00,0x04,0x00,0x00,0x00,0x00,0x00,0x00,0x00,
0xef,0x51,0x00,0x00,0x01,0x00,0x00,0x00,0x02,0x02,0x00,0x00,0x00,0x00,0x00,0x00,
0x00,0x00,0x00,0x00,0x00,0x00,0x00,0x00,0xc0,0x87,0x00,0x00,0x00,0x00,0x00,0x00,
0xa0,0x00,0x00,0x00,0x00,0x00,0x00,0x00,0x00,0x00,0x00,0x00,0x00,0x00,0x00,0x00,
0x08,0x00,0x00,0x00,0x00,0x00,0x00,0x00,0x00,0x00,0x00,0x00,0x00,0x00,0x00,0x00,
0xfb,0x15,0x00,0x00,0x11,0x00,0x00,0x00,0x00,0x00,0x00,0x00,0x00,0x00,0x00,0x00,
0x00,0x00,0x00,0x00,0x00,0x00,0x00,0x00,0x48,0x9e,0x00,0x00,0x00,0x00,0x00,0x00,
0x08,0x00,0x00,0x00,0x00,0x00,0x00,0x00,0x24,0x00,0x00,0x00,0x18,0x00,0x00,0x00,
0x04,0x00,0x00,0x00,0x00,0x00,0x00,0x00,0x04,0x00,0x00,0x00,0x00,0x00,0x00,0x00,
0xa2,0x51,0x00,0x00,0x01,0x00,0x00,0x00,0x02,0x02,0x00,0x00,0x00,0x00,0x00,0x00,
0x00,0x00,0x00,0x00,0x00,0x00,0x00,0x00,0x60,0x88,0x00,0x00,0x00,0x00,0x00,0x00,
0x50,0x00,0x00,0x00,0x00,0x00,0x00,0x00,0x00,0x00,0x00,0x00,0x00,0x00,0x00,0x00,
0x08,0x00,0x00,0x00,0x00,0x00,0x00,0x00,0x00,0x00,0x00,0x00,0x00,0x00,0x00,0x00,
0xfb,0x15,0x00,0x00,0x11,0x00,0x00,0x00,0x00,0x00,0x00,0x00,0x00,0x00,0x00,0x00,
0x00,0x00,0x00,0x00,0x00,0x00,0x00,0x00,0x50,0x9e,0x00,0x00,0x00,0x00,0x00,0x00,
0x08,0x00,0x00,0x00,0x00,0x00,0x00,0x00,0x24,0x00,0x00,0x00,0x19,0x00,0x00,0x00,
0x04,0x00,0x00,0x00,0x00,0x00,0x00,0x00,0x04,0x00,0x00,0x00,0x00,0x00,0x00,0x00,
0x54,0x51,0x00,0x00,0x01,0x00,0x00,0x00,0x02,0x02,0x00,0x00,0x00,0x00,0x00,0x00,
0x00,0x00,0x00,0x00,0x00,0x00,0x00,0x00,0xb0,0x88,0x00,0x00,0x00,0x00,0x00,0x00,
0x50,0x00,0x00,0x00,0x00,0x00,0x00,0x00,0x00,0x00,0x00,0x00,0x00,0x00,0x00,0x00,
0x08,0x00,0x00,0x00,0x00,0x00,0x00,0x00,0x00,0x00,0x00,0x00,0x00,0x00,0x00,0x00,
0xfb,0x15,0x00,0x00,0x11,0x00,0x00,0x00,0x00,0x00,0x00,0x00,0x00,0x00,0x00,0x00,
0x00,0x00,0x00,0x00,0x00,0x00,0x00,0x00,0x58,0x9e,0x00,0x00,0x00,0x00,0x00,0x00,
0x08,0x00,0x00,0x00,0x00,0x00,0x00,0x00,0x24,0x00,0x00,0x00,0x0e,0x00,0x00,0x00,
0x04,0x00,0x00,0x00,0x00,0x00,0x00,0x00,0x04,0x00,0x00,0x00,0x00,0x00,0x00,0x00,
0x4c,0x50,0x00,0x00,0x01,0x00,0x00,0x00,0x02,0x02,0x00,0x00,0x00,0x00,0x00,0x00,
0x00,0x00,0x00,0x00,0x00,0x00,0x00,0x00,0x00,0x89,0x00,0x00,0x00,0x00,0x00,0x00,
0x10,0x00,0x00,0x00,0x00,0x00,0x00,0x00,0x00,0x00,0x00,0x00,0x00,0x00,0x00,0x00,
0x04,0x00,0x00,0x00,0x00,0x00,0x00,0x00,0x00,0x00,0x00,0x00,0x00,0x00,0x00,0x00,
0x10,0x00,0x00,0x00,0x08,0x00,0x00,0x00,0x03,0x00,0x00,0x00,0x00,0x00,0x00,0x00,
0x00,0x00,0x00,0x00,0x00,0x00,0x00,0x00,0x10,0x89,0x00,0x00,0x00,0x00,0x00,0x00,
0x01,0x00,0x00,0x00,0x00,0x00,0x00,0x00,0x00,0x00,0x00,0x00,0x00,0x00,0x00,0x00,
0x01,0x00,0x00,0x00,0x00,0x00,0x00,0x00,0x00,0x00,0x00,0x00,0x00,0x00,0x00,0x00,
0xce,0x2b,0x00,0x00,0x01,0x00,0x00,0x00,0x00,0x00,0x00,0x00,0x00,0x00,0x00,0x00,
0x00,0x00,0x00,0x00,0x00,0x00,0x00,0x00,0x10,0x89,0x00,0x00,0x00,0x00,0x00,0x00,
0x00,0x00,0x00,0x00,0x00,0x00,0x00,0x00,0x00,0x00,0x00,0x00,0x00,0x00,0x00,0x00,
0x01,0x00,0x00,0x00,0x00,0x00,0x00,0x00,0x00,0x00,0x00,0x00,0x00,0x00,0x00,0x00,
0xb1,0x41,0x00,0x00,0x07,0x00,0x00,0x00,0x02,0x00,0x00,0x00,0x00,0x00,0x00,0x00,
0x00,0x00,0x00,0x00,0x00,0x00,0x00,0x00,0x10,0x89,0x00,0x00,0x00,0x00,0x00,0x00,
0xec,0x14,0x00,0x00,0x00,0x00,0x00,0x00,0x00,0x00,0x00,0x00,0x00,0x00,0x00,0x00,
0x04,0x00,0x00,0x00,0x00,0x00,0x00,0x00,0x00,0x00,0x00,0x00,0x00,0x00,0x00,0x00,
0x39,0x33,0x00,0x00,0x03,0x4c,0xff,0x6f,0x00,0x00,0x00,0x80,0x00,0x00,0x00,0x00,
0x00,0x00,0x00,0x00,0x00,0x00,0x00,0x00,0x30,0xa1,0x00,0x00,0x00,0x00,0x00,0x00,
0x01,0x00,0x00,0x00,0x00,0x00,0x00,0x00,0x24,0x00,0x00,0x00,0x00,0x00,0x00,0x00,
0x01,0x00,0x00,0x00,0x00,0x00,0x00,0x00,0x00,0x00,0x00,0x00,0x00,0x00,0x00,0x00,
0x28,0x50,0x00,0x00,0x02,0x00,0x00,0x00,0x00,0x00,0x00,0x00,0x00,0x00,0x00,0x00,
0x00,0x00,0x00,0x00,0x00,0x00,0x00,0x00,0x60,0x9e,0x00,0x00,0x00,0x00,0x00,0x00,
0x88,0x02,0x00,0x00,0x00,0x00,0x00,0x00,0x01,0x00,0x00,0x00,0x0d,0x00,0x00,0x00,
0x08,0x00,0x00,0x00,0x00,0x00,0x00,0x00,0x18,0x00,0x00,0x00,0x00,0x00,0x00,0x00,
0x07,0x00,0x00,0x00,0x01,0x00,0x00,0x00,0x20,0x00,0x00,0x00,0x00,0x00,0x00,0x00,
0x00,0x00,0x00,0x00,0x00,0x00,0x00,0x00,0xd6,0xf3,0x00,0x00,0x00,0x00,0x00,0x00,
0x19,0x00,0x00,0x00,0x00,0x00,0x00,0x00,0x00,0x00,0x00,0x00,0x00,0x00,0x00,0x00,
0x01,0x00,0x00,0x00,0x00,0x00,0x00,0x00,0x00,0x00,0x00,0x00,0x00,0x00,0x00,0x00
    },
    // m_kernelName
    "_ZN2ck16tensor_operation6device41kernel_multi_head_attention_wmma_unpackedINS1_49DeviceBatchedGemmSoftmaxGemmPermute_Wmma_CShuffleILi2ELi1ELi1ELi1ELi1EDF16_DF16_DF16_DF16_NS_5TupleIJEEEfS5_ffNS0_12element_wise11PassThroughES7_NS6_5ScaleES7_S7_LNS1_18GemmSpecializationE15ELNS1_20TensorSpecializationE0ELSA_0ELSA_0ELSA_0ELi1ELi128ELi64ELi192ELi48ELi8ELi8ELi48ELi64ELi8ELi16ELi16ELi16ELi1ELi12ELi3ENS_8SequenceIJLi2ELi64ELi1EEEENSB_IJLi1ELi0ELi2EEEESD_Li2ELi8ELi8ELb1ESC_SD_SD_Li2ELi8ELi8ELb1ENSB_IJLi2ELi8ELi8EEEENSB_IJLi0ELi2ELi1EEEESF_Li1ELi2ELi1ELb0ELi1ELi1ENSB_IJLi1ELi64ELi1ELi2EEEELi8ELNS1_21MaskingSpecializationE0ELNS_13LoopSchedulerE0ELNS_15PipelineVersionE0EEENS_35GridwiseBatchedGemmSoftmaxGemm_WmmaIDF16_DF16_fDF16_ffDF16_S7_S7_S8_S7_S7_LNS_25InMemoryDataOperationEnumE0ENS_16TensorDescriptorINS4_IJNS_5EmbedINS4_IJiiEEESP_Lb0EEENS_23Merge_v2_magic_divisionINS4_IJiEEEEEST_NS_8RightPadIiiLb0EEESV_NS_7UnMergeINS4_IJiNS_17integral_constantIiLi1EEENSX_IiLi2EEENSX_IiLi8EEEEEELb0EEENSW_INS4_IJiNSX_IiLi4EEENSX_IiLi16EEEEEELb0EEEEEENS4_IJNSB_IJLi0EEEENSB_IJLi1EEEENSB_IJLi2EEEENSB_IJLi3EEEENSB_IJLi4EEEENSB_IJLi6EEEENSB_IJLi5EEEEEEENS4_IJNSB_IJLi1ELi2EEEES1B_S1C_S1E_S1D_NSB_IJLi7ELi8ELi9ELi10EEEENSB_IJLi11ELi12ELi13EEEEEEENSB_IJLi7ELi11ELi12ELi8ELi9ELi13ELi10EEEExEENSN_INS4_IJSQ_ST_ST_SV_SV_NSW_INS4_IJiS10_EEELb0EEENS_11PassThroughIiEEEEES1F_NS4_IJS1G_S1B_S1C_S1E_S1D_NSB_IJLi7ELi8EEEENSB_IJLi9EEEEEEENSB_IJLi7ELi9ELi8EEEExEES1V_NSN_INS4_IJSQ_ST_ST_SV_SV_EEENS4_IJS18_S19_S1A_S1B_S1C_EEENS4_IJS1G_S1B_S1C_S1E_S1D_EEENSB_IJLi5ELi6EEEExEELi64ELi192ELi48ELi8ELi8ELi48ELi64ELi8ELi16ELi16ELi16ELi1ELi12ELi3ELi128ESC_SD_SD_Li2ELi8ELi8ELb1ELb0ELb1ESC_SD_SD_Li2ELi8ELi8ELb1ELb1ELb1ESE_SF_SF_Li1ELi2ELi1ELb0ELb1ELb0ELi1ELi1ESG_Li8ELb1ELb0ELi1ELSI_0ELSJ_0EEEDF16_DF16_DF16_DF16_S7_S7_S8_S7_S7_Lb0EEEvPPKT1_PPKT2_PPKT3_PPT4_iiiiif",
    // m_compilerVersion
    "clang version 21.0.0git",
    // m_codeObjectVersion
    5
};

// }